rating,disp_diag,camera,storage,ram,battery_capacity,disp_height,disp_width,oper_syst_vers,year_of_release,log_price,density,Other_oper_syst,IOS_oper_syst,battery_type_LiIon,battery_type_LiPo,brand_Apple,brand_BlackBerry,brand_Cubot,brand_Gionee,brand_Google,brand_HTC,brand_Honor,brand_Huawei,brand_Infinix,brand_LG,brand_Lava,brand_Lenovo,brand_Motorola,brand_Nokia,brand_OnePlus,brand_Oppo,brand_Realme,brand_Samsung,brand_Sony,brand_Tecno,brand_Vivo,brand_Xiaomi
4.0,6.0,8.0,64.0,4.0,4000.0,1440.0,720.0,7,2017,9.672815734801127,2.88,0,0,0,1,0,0,0,1,0,0,0,0,0,0,0,0,0,0,0,0,0,0,0,0,0,0
4.5,6.01,8.0,64.0,6.0,4000.0,2160.0,1080.0,7,2017,9.672815734801127,6.4584538802495,0,0,0,1,0,0,0,1,0,0,0,0,0,0,0,0,0,0,0,0,0,0,0,0,0,0
4.3,6.4,20.0,128.0,6.0,6000.0,2340.0,1080.0,10,2020,9.979985523508853,6.169921874999998,0,0,0,1,0,0,0,0,0,0,0,0,0,0,0,0,0,0,0,0,0,1,0,0,0,0
3.8,6.4,20.0,64.0,4.0,6000.0,2340.0,1080.0,10,2020,10.021226142760383,6.169921874999998,0,0,0,1,0,0,0,0,0,0,0,0,0,0,0,0,0,0,0,0,0,1,0,0,0,0
3.8,6.4,20.0,128.0,6.0,5000.0,2400.0,1080.0,10,2020,10.126591103050316,6.328124999999998,0,0,0,1,0,0,0,0,0,0,0,0,0,0,0,0,0,0,0,0,0,1,0,0,0,0
5.0,6.4,20.0,64.0,4.0,5000.0,2400.0,1080.0,10,2020,10.106387579373278,6.328124999999998,0,0,0,1,0,0,0,0,0,0,0,0,0,0,0,0,0,0,0,0,0,1,0,0,0,0
4.0,6.4,8.0,32.0,3.0,4000.0,1560.0,720.0,10,2020,9.495444123413163,2.7421874999999996,0,0,0,1,0,0,0,0,0,0,0,0,0,0,0,0,0,0,0,0,0,1,0,0,0,0
3.7,6.4,8.0,32.0,2.0,4000.0,1560.0,720.0,10,2020,9.61573881119536,2.7421874999999996,0,0,0,1,0,0,0,0,0,0,0,0,0,0,0,0,0,0,0,0,0,1,0,0,0,0
3.7,6.4,32.0,128.0,6.0,6000.0,2340.0,1080.0,10,2020,10.165813354725493,6.169921874999998,0,0,0,1,0,0,0,0,0,0,0,0,0,0,0,0,0,0,0,0,0,1,0,0,0,0
3.5,6.4,32.0,64.0,6.0,6000.0,2340.0,1080.0,10,2020,10.19802109993701,6.169921874999998,0,0,0,1,0,0,0,0,0,0,0,0,0,0,0,0,0,0,0,0,0,1,0,0,0,0
5.0,6.7,10.0,256.0,8.0,3300.0,2636.0,1080.0,10,2020,11.60822655382414,6.341902428157718,0,0,0,1,0,0,0,0,0,0,0,0,0,0,0,0,0,0,0,0,0,1,0,0,0,0
3.9,6.9,40.0,128.0,12.0,5000.0,3200.0,1440.0,10,2020,11.561706105284784,9.678638941398864,0,0,0,1,0,0,0,0,0,0,0,0,0,0,0,0,0,0,0,0,0,1,0,0,0,0
4.1,6.7,10.0,128.0,8.0,4500.0,3200.0,1440.0,10,2020,11.225230059096225,10.265092448206728,0,0,0,1,0,0,0,0,0,0,0,0,0,0,0,0,0,0,0,0,0,1,0,0,0,0
4.3,6.2,10.0,128.0,8.0,4000.0,3200.0,1440.0,10,2020,11.184407509012852,11.987513007284077,0,0,0,1,0,0,0,0,0,0,0,0,0,0,0,0,0,0,0,0,0,1,0,0,0,0
4.2,6.7,32.0,128.0,8.0,4500.0,2400.0,1080.0,10,2020,10.74718608596786,5.774114502116284,0,0,0,1,0,0,0,0,0,0,0,0,0,0,0,0,0,0,0,0,0,1,0,0,0,0
4.2,6.7,32.0,128.0,8.0,4500.0,2400.0,1080.0,10,2020,10.714395546283317,5.774114502116284,0,0,0,1,0,0,0,0,0,0,0,0,0,0,0,0,0,0,0,0,0,1,0,0,0,0
3.8,6.7,32.0,128.0,6.0,4500.0,2400.0,1080.0,10,2020,10.691922185369403,5.774114502116284,0,0,0,1,0,0,0,0,0,0,0,0,0,0,0,0,0,0,0,0,0,1,0,0,0,0
3.9,6.5,32.0,128.0,4.0,4000.0,2400.0,1080.0,10,2019,10.281889741094604,6.13491124260355,0,0,0,1,0,0,0,0,0,0,0,0,0,0,0,0,0,0,0,0,0,1,0,0,0,0
4.3,5.7,5.0,16.0,2.0,3000.0,1560.0,720.0,10,2019,9.305559638557117,3.4570637119113568,0,0,1,0,0,0,0,0,0,0,0,0,0,0,0,0,0,0,0,0,0,1,0,0,0,0
3.8,6.7,32.0,128.0,8.0,4500.0,2400.0,1080.0,10,2019,10.568723822335235,5.774114502116284,0,0,0,1,0,0,0,0,0,0,0,0,0,0,0,0,0,0,0,0,0,1,0,0,0,0
4.0,6.7,32.0,128.0,6.0,4500.0,2400.0,1080.0,10,2019,10.591597065328735,5.774114502116284,0,0,0,1,0,0,0,0,0,0,0,0,0,0,0,0,0,0,0,0,0,1,0,0,0,0
3.8,6.5,32.0,128.0,6.0,4000.0,2400.0,1080.0,10,2019,10.292111643448266,6.13491124260355,0,0,0,1,0,0,0,0,0,0,0,0,0,0,0,0,0,0,0,0,0,1,0,0,0,0
3.5,6.3,16.0,64.0,4.0,3500.0,2340.0,1080.0,9,2019,10.085809109330082,6.36734693877551,0,0,0,1,0,0,0,0,0,0,0,0,0,0,0,0,0,0,0,0,0,1,0,0,0,0
4.0,6.7,32.0,128.0,8.0,4500.0,2400.0,1080.0,9,2019,10.404262840448617,5.774114502116284,0,0,0,1,0,0,0,0,0,0,0,0,0,0,0,0,0,0,0,0,0,1,0,0,0,0
3.0,6.5,8.0,64.0,4.0,4000.0,1560.0,720.0,9,2019,9.758403975346978,2.6584615384615384,0,0,0,1,0,0,0,0,0,0,0,0,0,0,0,0,0,0,0,0,0,1,0,0,0,0
3.5,6.5,8.0,32.0,3.0,4000.0,1560.0,720.0,9,2019,9.746775261248594,2.6584615384615384,0,0,0,1,0,0,0,0,0,0,0,0,0,0,0,0,0,0,0,0,0,1,0,0,0,0
3.3,6.4,16.0,128.0,6.0,6000.0,2400.0,1080.0,9,2019,10.146394514691288,6.328124999999998,0,0,0,1,0,0,0,0,0,0,0,0,0,0,0,0,0,0,0,0,0,1,0,0,0,0
4.1,6.4,16.0,64.0,4.0,6000.0,2400.0,1080.0,9,2019,9.975808214115753,6.328124999999998,0,0,0,1,0,0,0,0,0,0,0,0,0,0,0,0,0,0,0,0,0,1,0,0,0,0
2.8,6.4,8.0,32.0,3.0,4000.0,1560.0,720.0,9,2019,9.642057851228413,2.7421874999999996,0,0,1,0,0,0,0,0,0,0,0,0,0,0,0,0,0,0,0,0,0,1,0,0,0,0
3.7,6.4,16.0,128.0,4.0,4000.0,1560.0,720.0,9,2019,9.998752276761909,2.7421874999999996,0,0,0,1,0,0,0,0,0,0,0,0,0,0,0,0,0,0,0,0,0,1,0,0,0,0
1.8,6.4,16.0,64.0,4.0,4000.0,1560.0,720.0,9,2019,9.9281801651265,2.7421874999999996,0,0,0,1,0,0,0,0,0,0,0,0,0,0,0,0,0,0,0,0,0,1,0,0,0,0
3.8,6.4,16.0,32.0,3.0,4000.0,1560.0,720.0,9,2019,10.056165720177834,2.7421874999999996,0,0,0,1,0,0,0,0,0,0,0,0,0,0,0,0,0,0,0,0,0,1,0,0,0,0
3.9,6.4,32.0,128.0,6.0,4000.0,2340.0,1080.0,9,2019,10.239924074233857,6.169921874999998,0,0,0,1,0,0,0,0,0,0,0,0,0,0,0,0,0,0,0,0,0,1,0,0,0,0
4.8,6.4,32.0,64.0,4.0,4000.0,2340.0,1080.0,9,2019,10.106387579373278,6.169921874999998,0,0,0,1,0,0,0,0,0,0,0,0,0,0,0,0,0,0,0,0,0,1,0,0,0,0
4.5,6.8,10.0,512.0,12.0,4300.0,3040.0,1440.0,9,2019,10.714395546283317,9.467128027681662,0,0,1,0,0,0,0,0,0,0,0,0,0,0,0,0,0,0,0,0,0,1,0,0,0,0
2.7,6.8,10.0,256.0,12.0,4300.0,3040.0,1440.0,9,2019,10.714395546283317,9.467128027681662,0,0,1,0,0,0,0,0,0,0,0,0,0,0,0,0,0,0,0,0,0,1,0,0,0,0
2.3,6.8,10.0,512.0,12.0,4300.0,3040.0,1440.0,9,2019,10.714395546283317,9.467128027681662,0,0,1,0,0,0,0,0,0,0,0,0,0,0,0,0,0,0,0,0,0,1,0,0,0,0
4.0,6.8,10.0,256.0,12.0,4300.0,3040.0,1440.0,9,2019,11.326583838513384,9.467128027681662,0,0,1,0,0,0,0,0,0,0,0,0,0,0,0,0,0,0,0,0,0,1,0,0,0,0
4.1,6.3,10.0,256.0,8.0,3500.0,2280.0,1080.0,9,2019,11.184407509012852,6.204081632653061,0,0,1,0,0,0,0,0,0,0,0,0,0,0,0,0,0,0,0,0,0,1,0,0,0,0
4.2,5.9,25.0,64.0,4.0,3100.0,2340.0,1080.0,9,2019,9.998752276761909,7.259982763573686,0,0,0,1,0,0,0,0,0,0,0,0,0,0,0,0,0,0,0,0,0,1,0,0,0,0
4.3,6.3,16.0,128.0,6.0,3500.0,2340.0,1080.0,9,2019,10.184900011974314,6.36734693877551,0,0,0,1,0,0,0,0,0,0,0,0,0,0,0,0,0,0,0,0,0,1,0,0,0,0
4.3,6.3,16.0,128.0,6.0,3500.0,2340.0,1080.0,9,2019,10.126631103850338,6.36734693877551,0,0,0,1,0,0,0,0,0,0,0,0,0,0,0,0,0,0,0,0,0,1,0,0,0,0
3.6,6.4,25.0,128.0,4.0,4000.0,2340.0,1080.0,9,2019,10.203555107263542,6.169921874999998,0,0,0,1,0,0,0,0,0,0,0,0,0,0,0,0,0,0,0,0,0,1,0,0,0,0
3.4,5.8,8.0,32.0,3.0,3000.0,1560.0,720.0,9,2019,9.758403975346978,3.338882282996433,0,0,0,1,0,0,0,0,0,0,0,0,0,0,0,0,0,0,0,0,0,1,0,0,0,0
2.8,5.0,5.0,8.0,1.0,2600.0,960.0,540.0,8,2019,9.082507000466299,2.0736,0,0,1,0,0,0,0,0,0,0,0,0,0,0,0,0,0,0,0,0,0,1,0,0,0,0
3.7,6.3,8.0,64.0,4.0,5000.0,2340.0,1080.0,8,2019,9.82547195555139,6.36734693877551,0,0,0,1,0,0,0,0,0,0,0,0,0,0,0,0,0,0,0,0,0,1,0,0,0,0
3.6,6.7,32.0,128.0,6.0,4500.0,2400.0,1080.0,9,2019,10.404262840448617,5.774114502116284,0,0,0,1,0,0,0,0,0,0,0,0,0,0,0,0,0,0,0,0,0,1,0,0,0,0
2.9,6.4,8.0,32.0,3.0,4000.0,1560.0,720.0,9,2019,9.758403975346978,2.7421874999999996,0,0,0,1,0,0,0,0,0,0,0,0,0,0,0,0,0,0,0,0,0,1,0,0,0,0
2.8,6.22,5.0,32.0,3.0,3400.0,1520.0,720.0,8,2019,9.602314889901848,2.8287548722614533,0,0,1,0,0,0,0,0,0,0,0,0,0,0,0,0,0,0,0,0,0,1,0,0,0,0
3.4,6.4,16.0,64.0,4.0,4000.0,2340.0,1080.0,9,2019,10.056165720177834,6.169921874999998,0,0,0,1,0,0,0,0,0,0,0,0,0,0,0,0,0,0,0,0,0,1,0,0,0,0
3.9,6.4,16.0,64.0,4.0,5000.0,2280.0,1080.0,9,2019,10.06475570013225,6.011718749999998,0,0,0,1,0,0,0,0,0,0,0,0,0,0,0,0,0,0,0,0,0,1,0,0,0,0
4.5,5.0,13.0,32.0,3.0,2620.0,1920.0,1080.0,6,2016,9.467228129254554,8.2944,0,0,1,0,0,0,0,0,0,0,0,0,0,0,0,0,0,0,0,0,0,0,1,0,0,0
4.0,5.5,51.0,32.0,3.0,3430.0,3840.0,2160.0,5,2015,10.584055950889214,27.419504132231406,0,0,1,0,0,0,0,0,0,0,0,0,0,0,0,0,0,0,0,0,0,0,1,0,0,0
3.5,5.2,51.0,32.0,3.0,2900.0,1920.0,1080.0,5,2015,9.903487552536127,7.668639053254438,0,0,1,0,0,0,0,0,0,0,0,0,0,0,0,0,0,0,0,0,0,0,1,0,0,0
3.3,5.5,5.0,16.0,2.0,2620.0,1280.0,720.0,7,2017,9.51044496442652,3.0466115702479337,0,0,1,0,0,0,0,0,0,0,0,0,0,0,0,0,0,0,0,0,0,0,1,0,0,0
5.0,6.39,32.0,128.0,6.0,4000.0,2340.0,1080.0,9,2019,10.308919326755392,6.189248165046618,0,0,0,1,0,0,0,0,0,0,0,0,0,0,0,1,0,0,0,0,0,0,0,0,0,0
5.0,6.39,16.0,128.0,8.0,4000.0,2340.0,1080.0,9,2019,10.308919326755392,6.189248165046618,0,0,0,1,0,0,0,0,0,0,0,0,0,0,0,1,0,0,0,0,0,0,0,0,0,0
5.0,6.39,16.0,128.0,6.0,4000.0,2340.0,1080.0,9,2019,10.308919326755392,6.189248165046618,0,0,0,1,0,0,0,0,0,0,0,0,0,0,0,1,0,0,0,0,0,0,0,0,0,0
3.6,6.3,16.0,64.0,4.0,3300.0,2340.0,1080.0,9,2018,9.77984991207795,6.36734693877551,0,0,1,0,0,0,0,0,0,0,0,0,0,0,0,1,0,0,0,0,0,0,0,0,0,0
4.5,5.7,16.0,32.0,3.0,3000.0,2160.0,1080.0,8,2018,9.740968623038354,7.180055401662049,0,0,0,1,0,0,0,0,0,0,0,0,0,0,0,1,0,0,0,0,0,0,0,0,0,0
4.5,5.7,8.0,32.0,3.0,3000.0,1440.0,720.0,7,2018,9.305559638557117,3.191135734072022,0,0,1,0,0,0,0,0,0,0,0,0,0,0,0,1,0,0,0,0,0,0,0,0,0,0
3.0,5.5,13.0,64.0,4.0,4000.0,1920.0,1080.0,7,2017,9.546812608597396,6.8548760330578515,0,0,0,1,0,0,0,0,0,0,0,0,0,0,0,1,0,0,0,0,0,0,0,0,0,0
2.0,5.0,8.0,16.0,2.0,2700.0,1920.0,1080.0,5,2016,9.769956159911606,8.2944,0,0,0,1,0,0,0,0,0,0,0,0,0,0,0,1,0,0,0,0,0,0,0,0,0,0
2.5,6.98,5.0,16.0,1.0,4250.0,1280.0,720.0,5,2015,9.302919553269277,1.8916100853030762,0,0,0,1,0,0,0,0,0,0,0,0,0,0,0,1,0,0,0,0,0,0,0,0,0,0
3.0,6.8,5.0,32.0,2.0,3500.0,1920.0,1080.0,5,2015,9.302919553269277,4.484429065743945,0,0,0,1,0,0,0,0,0,0,0,0,0,0,0,1,0,0,0,0,0,0,0,0,0,0
4.0,5.0,5.0,32.0,2.0,2300.0,1920.0,1080.0,4,2014,9.903487552536127,8.2944,0,0,0,1,0,0,0,0,0,0,0,0,0,0,0,1,0,0,0,0,0,0,0,0,0,0
3.8,6.2,24.0,64.0,6.0,3750.0,1500.0,720.0,8,2018,9.825526011066415,2.8095733610822053,0,0,1,0,0,0,0,0,0,0,0,0,0,0,0,0,0,0,0,0,0,0,0,1,0,0
3.2,6.2,16.0,16.0,2.0,3750.0,1500.0,720.0,8,2018,9.392578591964389,2.8095733610822053,0,0,1,0,0,0,0,0,0,0,0,0,0,0,0,0,0,0,0,0,0,0,0,1,0,0
4.0,6.0,8.0,32.0,2.0,3500.0,1440.0,720.0,8,2018,9.532423871145296,2.88,0,0,1,0,0,0,0,0,0,0,0,0,0,0,0,0,0,0,0,0,0,0,0,1,0,0
3.4,6.0,8.0,16.0,1.0,3500.0,1440.0,720.0,8,2018,9.259130536145614,2.88,0,0,1,0,0,0,0,0,0,0,0,0,0,0,0,0,0,0,0,0,0,0,0,1,0,0
3.1,5.0,5.0,8.0,1.0,2400.0,480.0,854.0,8,2018,9.608445125678054,1.63968,0,0,1,0,0,0,0,0,0,0,0,0,0,0,0,0,0,0,0,0,0,0,0,1,0,0
4.0,6.0,13.0,16.0,3.0,5000.0,720.0,1440.0,8,2018,9.680344001221918,2.88,0,0,0,1,0,0,0,0,0,0,0,0,0,0,0,0,0,0,0,0,0,0,0,1,0,0
3.7,6.0,8.0,16.0,2.0,5000.0,720.0,1440.0,8,2018,9.51044496442652,2.88,0,0,0,1,0,0,0,0,0,0,0,0,0,0,0,0,0,0,0,0,0,0,0,1,0,0
3.8,5.5,5.0,8.0,1.0,2400.0,480.0,960.0,7,2018,9.104979856318357,1.5233057851239669,0,0,1,0,0,0,0,0,0,0,0,0,0,0,0,0,0,0,0,0,0,0,0,1,0,0
3.4,5.0,2.0,8.0,1.0,2000.0,480.0,854.0,7,2018,9.392578591964389,1.63968,0,0,1,0,0,0,0,0,0,0,0,0,0,0,0,0,0,0,0,0,0,0,0,1,0,0
3.9,6.0,20.0,16.0,3.0,3750.0,1440.0,720.0,8,2017,9.350015354048665,2.88,0,0,0,1,0,0,0,0,0,0,0,0,0,0,0,0,0,0,0,0,0,0,0,1,0,0
3.9,5.5,8.0,16.0,1.0,3000.0,1280.0,720.0,7,2017,10.126591103050316,3.0466115702479337,0,0,1,0,0,0,0,0,0,0,0,0,0,0,0,0,0,0,0,0,0,0,0,1,0,0
3.7,5.5,13.0,16.0,2.0,3000.0,1920.0,1080.0,6,2016,9.952230096524119,6.8548760330578515,0,0,1,0,0,0,0,0,0,0,0,0,0,0,0,0,0,0,0,0,0,0,0,1,0,0
3.0,5.5,2.0,16.0,1.0,3000.0,1280.0,720.0,6,2016,10.596609732783568,3.0466115702479337,0,0,1,0,0,0,0,0,0,0,0,0,0,0,0,0,0,0,0,0,0,0,0,1,0,0
4.1,5.0,2.0,16.0,1.0,4000.0,1280.0,720.0,6,2017,10.596609732783568,3.6864,0,0,1,0,0,0,0,0,0,0,0,0,0,0,0,0,0,0,0,0,0,0,0,1,0,0
3.3,6.5,8.0,64.0,4.0,4230.0,1600.0,720.0,9,2015,9.798071479779479,2.7266272189349112,0,0,0,1,0,0,0,0,0,0,0,0,0,0,0,0,0,0,0,1,0,0,0,0,0,0
3.8,6.4,32.0,128.0,8.0,4025.0,2400.0,1080.0,10,2020,10.126631103850338,6.328124999999998,0,0,0,1,0,0,0,0,0,0,0,0,0,0,0,0,0,0,0,1,0,0,0,0,0,0
2.8,6.4,16.0,128.0,8.0,4025.0,2400.0,1080.0,9,2020,10.341742483467284,6.328124999999998,0,0,0,1,0,0,0,0,0,0,0,0,0,0,0,0,0,0,0,1,0,0,0,0,0,0
3.4,6.4,32.0,128.0,8.0,4025.0,2400.0,1080.0,10,2020,10.518646164234097,6.328124999999998,0,0,0,1,0,0,0,0,0,0,0,0,0,0,0,0,0,0,0,1,0,0,0,0,0,0
3.5,6.5,8.0,128.0,4.0,4230.0,1600.0,720.0,9,2019,9.471550124096849,2.7266272189349112,0,0,0,1,0,0,0,0,0,0,0,0,0,0,0,0,0,0,0,1,0,0,0,0,0,0
3.5,6.5,16.0,128.0,8.0,4000.0,2340.0,1080.0,9,2019,10.419300717813158,5.981538461538462,0,0,0,1,0,0,0,0,0,0,0,0,0,0,0,0,0,0,0,1,0,0,0,0,0,0
4.2,6.5,16.0,128.0,8.0,4000.0,2400.0,1080.0,9,2019,11.050874132231819,6.13491124260355,0,0,0,1,0,0,0,0,0,0,0,0,0,0,0,0,0,0,0,1,0,0,0,0,0,0
2.9,6.4,32.0,128.0,6.0,4000.0,2340.0,1080.0,9,2019,11.050874132231819,6.169921874999998,0,0,0,1,0,0,0,0,0,0,0,0,0,0,0,0,0,0,0,1,0,0,0,0,0,0
3.3,6.5,16.0,128.0,4.0,5000.0,1600.0,720.0,9,2019,11.050874132231819,2.7266272189349112,0,0,0,1,0,0,0,0,0,0,0,0,0,0,0,0,0,0,0,1,0,0,0,0,0,0
3.3,6.5,16.0,128.0,8.0,5000.0,1600.0,720.0,9,2020,10.165851817003619,2.7266272189349112,0,0,0,1,0,0,0,0,0,0,0,0,0,0,0,0,0,0,0,1,0,0,0,0,0,0
3.4,6.5,8.0,128.0,4.0,5000.0,1600.0,720.0,9,2020,10.043206015705211,2.7266272189349112,0,0,0,1,0,0,0,0,0,0,0,0,0,0,0,0,0,0,0,1,0,0,0,0,0,0
3.0,6.5,8.0,64.0,3.0,5000.0,1600.0,720.0,9,2020,9.878169744551839,2.7266272189349112,0,0,0,1,0,0,0,0,0,0,0,0,0,0,0,0,0,0,0,1,0,0,0,0,0,0
3.3,6.5,16.0,256.0,8.0,4000.0,2400.0,1080.0,9,2019,10.341742483467284,6.13491124260355,0,0,0,1,0,0,0,0,0,0,0,0,0,0,0,0,0,0,0,1,0,0,0,0,0,0
3.5,6.4,32.0,128.0,6.0,4035.0,2340.0,1080.0,9,2019,10.239959789157341,6.169921874999998,0,0,0,1,0,0,0,0,0,0,0,0,0,0,0,0,0,0,0,1,0,0,0,0,0,0
3.7,6.1,5.0,32.0,2.0,4000.0,1560.0,720.0,9,2019,9.350015354048665,3.018543402311207,0,0,0,1,0,0,0,0,0,0,0,0,0,0,0,0,0,0,0,1,0,0,0,0,0,0
4.3,6.53,16.0,64.0,4.0,4020.0,2340.0,1080.0,9,2019,10.239924074233857,5.926704173692394,0,0,0,1,0,0,0,0,0,0,0,0,0,0,0,0,0,0,0,1,0,0,0,0,0,0
4.8,6.2,16.0,64.0,4.0,4230.0,1520.0,720.0,8,2018,9.740968623038354,2.8470343392299684,0,0,1,0,0,0,0,0,0,0,0,0,0,0,0,0,0,0,0,1,0,0,0,0,0,0
4.3,6.3,25.0,64.0,6.0,3500.0,2340.0,1080.0,8,2018,11.28914421036649,6.36734693877551,0,0,0,1,0,0,0,0,0,0,0,0,0,0,0,0,0,0,0,1,0,0,0,0,0,0
4.0,5.5,8.0,16.0,3.0,3000.0,1280.0,720.0,5,2016,9.775199532234597,3.0466115702479337,0,0,1,0,0,0,1,0,0,0,0,0,0,0,0,0,0,0,0,0,0,0,0,0,0,0
3.5,5.5,8.0,32.0,3.0,3050.0,1920.0,1080.0,6,2016,11.015345067954259,6.8548760330578515,0,0,1,0,0,0,1,0,0,0,0,0,0,0,0,0,0,0,0,0,0,0,0,0,0,0
3.0,5.5,5.0,16.0,3.0,4150.0,1280.0,720.0,6,2017,9.910463166272553,3.0466115702479337,0,0,1,0,0,0,1,0,0,0,0,0,0,0,0,0,0,0,0,0,0,0,0,0,0,0
2.0,5.5,5.0,16.0,2.0,4150.0,1280.0,720.0,5,2016,9.506734385029985,3.0466115702479337,0,0,1,0,0,0,1,0,0,0,0,0,0,0,0,0,0,0,0,0,0,0,0,0,0,0
4.0,5.0,5.0,16.0,2.0,3000.0,1280.0,720.0,6,2017,8.411832675758411,3.6864,0,0,0,1,0,0,1,0,0,0,0,0,0,0,0,0,0,0,0,0,0,0,0,0,0,0
3.0,5.0,5.0,16.0,1.0,2200.0,1280.0,720.0,6,2016,9.66770192587285,3.6864,0,0,0,1,0,0,1,0,0,0,0,0,0,0,0,0,0,0,0,0,0,0,0,0,0,0
3.4,5.5,16.0,16.0,2.0,3080.0,1280.0,720.0,7,2017,9.648595302907339,3.0466115702479337,0,0,1,0,0,0,0,0,0,0,0,0,0,0,0,0,0,0,0,0,0,0,0,0,0,1
4.6,5.5,5.0,64.0,4.0,3080.0,1920.0,1080.0,7,2017,9.322775801305971,6.8548760330578515,0,0,1,0,0,0,0,0,0,0,0,0,0,0,0,0,0,0,0,0,0,0,0,0,0,1
3.0,6.44,5.0,128.0,4.0,4850.0,1920.0,1080.0,6,2016,9.322775801305971,4.999807106207322,0,0,1,0,0,0,0,0,0,0,0,0,0,0,0,0,0,0,0,0,0,0,0,0,0,1
2.5,6.44,5.0,64.0,3.0,4850.0,1920.0,1080.0,6,2016,10.239959789157341,4.999807106207322,0,0,1,0,0,0,0,0,0,0,0,0,0,0,0,0,0,0,0,0,0,0,0,0,0,1
3.0,6.44,5.0,32.0,3.0,4850.0,1920.0,1080.0,6,2016,9.126850061477157,4.999807106207322,0,0,1,0,0,0,0,0,0,0,0,0,0,0,0,0,0,0,0,0,0,0,0,0,0,1
2.0,5.0,5.0,32.0,2.0,3120.0,1280.0,720.0,6,2016,9.392578591964389,3.6864,0,0,1,0,0,0,0,0,0,0,0,0,0,0,0,0,0,0,0,0,0,0,0,0,0,1
2.0,5.0,5.0,16.0,2.0,3120.0,1280.0,720.0,6,2016,9.392661928770137,3.6864,0,0,1,0,0,0,0,0,0,0,0,0,0,0,0,0,0,0,0,0,0,0,0,0,0,1
3.7,5.15,4.0,32.0,3.0,3000.0,1920.0,1080.0,6,2016,9.156939595249067,7.8182675087190106,0,0,0,1,0,0,0,0,0,0,0,0,0,0,0,0,0,0,0,0,0,0,0,0,0,1
3.5,5.99,5.0,128.0,8.0,3400.0,2160.0,1080.0,7,2017,9.704975636343447,6.5016541202505,0,0,1,0,0,0,0,0,0,0,0,0,0,0,0,0,0,0,0,0,0,0,0,0,0,1
4.5,5.99,5.0,256.0,6.0,3400.0,2160.0,1080.0,7,2017,9.305559638557117,6.5016541202505,0,0,1,0,0,0,0,0,0,0,0,0,0,0,0,0,0,0,0,0,0,0,0,0,0,1
3.3,5.99,5.0,128.0,6.0,3400.0,2160.0,1080.0,7,2017,9.615138591096644,6.5016541202505,0,0,1,0,0,0,0,0,0,0,0,0,0,0,0,0,0,0,0,0,0,0,0,0,0,1
3.0,5.5,16.0,128.0,6.0,3500.0,1920.0,1080.0,7,2017,9.305559638557117,6.8548760330578515,0,0,1,0,0,0,0,0,0,0,0,0,0,0,0,0,0,0,0,0,0,0,0,0,0,1
4.0,5.5,16.0,64.0,6.0,3500.0,1920.0,1080.0,7,2017,9.752664662801545,6.8548760330578515,0,0,1,0,0,0,0,0,0,0,0,0,0,0,0,0,0,0,0,0,0,0,0,0,0,1
3.7,5.71,8.0,32.0,3.0,3000.0,1520.0,720.0,9,2019,9.635608107380527,3.3566330614861317,0,0,1,0,0,0,0,0,0,0,0,0,0,0,0,0,0,1,0,0,0,0,0,0,0,0
3.7,5.71,8.0,16.0,2.0,3000.0,1520.0,720.0,9,2019,9.305559638557117,3.3566330614861317,0,0,1,0,0,0,0,0,0,0,0,0,0,0,0,0,0,1,0,0,0,0,0,0,0,0
3.0,6.2,5.0,16.0,2.0,4000.0,1520.0,720.0,9,2019,9.433483923290392,2.8470343392299684,0,0,1,0,0,0,0,0,0,0,0,0,0,0,0,0,0,1,0,0,0,0,0,0,0,0
5.0,5.45,5.0,16.0,1.0,2500.0,960.0,480.0,9,2021,9.305559638557117,1.5513845635889234,0,0,1,0,0,0,0,0,0,0,0,0,0,0,0,0,0,1,0,0,0,0,0,0,0,0
5.0,5.45,5.0,8.0,1.0,2500.0,960.0,480.0,9,2021,9.74090979777877,1.5513845635889234,0,0,1,0,0,0,0,0,0,0,0,0,0,0,0,0,0,1,0,0,0,0,0,0,0,0
3.0,5.99,20.0,128.0,6.0,3320.0,2880.0,1440.0,9,2019,10.950806546816688,11.558496213778668,0,0,0,1,0,0,0,0,0,0,0,0,0,0,0,0,0,1,0,0,0,0,0,0,0,0
4.8,5.84,8.0,32.0,3.0,3060.0,2280.0,1080.0,8,2018,9.769956159911606,7.219928692062301,0,0,1,0,0,0,0,0,0,0,0,0,0,0,0,0,0,1,0,0,0,0,0,0,0,0
3.8,5.5,8.0,64.0,4.0,3000.0,1920.0,1080.0,8,2018,11.052460200543187,6.8548760330578515,0,0,1,0,0,0,0,0,0,0,0,0,0,0,0,0,0,1,0,0,0,0,0,0,0,0
3.8,5.86,8.0,32.0,3.0,3060.0,1520.0,720.0,8,2018,9.581903928408666,3.1869911123018317,0,0,1,0,0,0,0,0,0,0,0,0,0,0,0,0,0,1,0,0,0,0,0,0,0,0
2.8,5.2,8.0,16.0,2.0,2990.0,1440.0,720.0,8,2018,9.210340371976184,3.834319526627219,0,0,1,0,0,0,0,0,0,0,0,0,0,0,0,0,0,1,0,0,0,0,0,0,0,0
3.3,5.5,8.0,16.0,2.0,2970.0,2160.0,1080.0,8,2018,9.305650551780507,7.711735537190082,0,0,1,0,0,0,0,0,0,0,0,0,0,0,0,0,0,1,0,0,0,0,0,0,0,0
3.2,5.5,5.0,8.0,1.0,4000.0,1280.0,720.0,8,2018,9.047821442478408,3.0466115702479337,0,0,1,0,0,0,0,0,0,0,0,0,0,0,0,0,0,1,0,0,0,0,0,0,0,0
3.7,5.2,8.0,16.0,2.0,3000.0,1280.0,720.0,7,2017,9.433483923290392,3.4082840236686387,0,0,1,0,0,0,0,0,0,0,0,0,0,0,0,0,0,1,0,0,0,0,0,0,0,0
4.6,6.3,13.0,64.0,4.0,4000.0,2340.0,1080.0,9,2019,9.825526011066415,6.36734693877551,0,0,0,1,0,0,0,0,0,0,0,0,0,0,0,0,0,0,0,0,0,0,0,0,0,1
5.0,6.39,20.0,128.0,12.0,4000.0,2340.0,1080.0,9,2019,11.376315051307444,6.189248165046618,0,0,1,0,0,0,0,0,0,0,0,0,0,0,0,0,0,0,0,0,0,0,0,0,0,1
5.0,6.39,20.0,128.0,8.0,4000.0,2340.0,1080.0,9,2019,11.376315051307444,6.189248165046618,0,0,1,0,0,0,0,0,0,0,0,0,0,0,0,0,0,0,0,0,0,0,0,0,0,1
4.5,6.39,20.0,256.0,8.0,4000.0,2340.0,1080.0,9,2018,11.015345067954259,6.189248165046618,0,0,1,0,0,0,0,0,0,0,0,0,0,0,0,0,0,0,0,0,0,0,0,0,0,1
4.5,6.39,20.0,128.0,8.0,4000.0,2340.0,1080.0,9,2019,10.611818868421114,6.189248165046618,0,0,1,0,0,0,0,0,0,0,0,0,0,0,0,0,0,0,0,0,0,0,0,0,0,1
5.0,6.39,20.0,128.0,6.0,4000.0,2340.0,1080.0,9,2019,9.448569560708433,6.189248165046618,0,0,1,0,0,0,0,0,0,0,0,0,0,0,0,0,0,0,0,0,0,0,0,0,0,1
3.7,5.99,20.0,128.0,8.0,4000.0,2160.0,1080.0,8,2018,9.448569560708433,6.5016541202505,0,0,1,0,0,0,0,0,0,0,0,0,0,0,0,0,0,0,0,0,0,0,0,0,0,1
5.0,5.99,20.0,64.0,6.0,4000.0,2160.0,1080.0,8,2018,9.448569560708433,6.5016541202505,0,0,1,0,0,0,0,0,0,0,0,0,0,0,0,0,0,0,0,0,0,0,0,0,0,1
5.0,6.01,20.0,256.0,10.0,4000.0,2160.0,1080.0,8,2018,11.891355051351947,6.4584538802495,0,0,1,0,0,0,0,0,0,0,0,0,0,0,0,0,0,0,0,0,0,0,0,0,0,1
5.0,6.01,20.0,128.0,8.0,4000.0,2160.0,1080.0,8,2018,11.891355051351947,6.4584538802495,0,0,1,0,0,0,0,0,0,0,0,0,0,0,0,0,0,0,0,0,0,0,0,0,0,1
5.0,6.01,20.0,128.0,6.0,4000.0,2160.0,1080.0,8,2018,11.891355051351947,6.4584538802495,0,0,1,0,0,0,0,0,0,0,0,0,0,0,0,0,0,0,0,0,0,0,0,0,0,1
3.9,6.01,32.0,128.0,4.0,4030.0,1560.0,720.0,9,2019,11.891355051351947,3.109625942342352,0,0,0,1,0,0,0,0,0,0,0,0,0,0,0,0,0,0,0,0,0,0,0,0,0,1
3.6,6.01,32.0,64.0,4.0,4030.0,1560.0,720.0,9,2019,11.891355051351947,3.109625942342352,0,0,0,1,0,0,0,0,0,0,0,0,0,0,0,0,0,0,0,0,0,0,0,0,0,1
5.0,6.01,32.0,128.0,6.0,4030.0,1560.0,720.0,9,2019,11.891355051351947,3.109625942342352,0,0,0,1,0,0,0,0,0,0,0,0,0,0,0,0,0,0,0,0,0,0,0,0,0,1
4.5,6.01,32.0,64.0,6.0,4030.0,1560.0,720.0,9,2019,11.522875795823397,3.109625942342352,0,0,0,1,0,0,0,0,0,0,0,0,0,0,0,0,0,0,0,0,0,0,0,0,0,1
5.0,6.01,32.0,64.0,4.0,4030.0,1560.0,720.0,9,2019,11.522875795823397,3.109625942342352,0,0,0,1,0,0,0,0,0,0,0,0,0,0,0,0,0,0,0,0,0,0,0,0,0,1
3.7,6.39,32.0,256.0,8.0,4030.0,2340.0,1080.0,9,2019,11.522875795823397,6.189248165046618,0,0,0,1,0,0,0,0,0,0,0,0,0,0,0,0,0,0,0,0,0,0,0,0,0,1
3.7,6.39,32.0,128.0,6.0,4030.0,2340.0,1080.0,9,2019,11.350406535472453,6.189248165046618,0,0,0,1,0,0,0,0,0,0,0,0,0,0,0,0,0,0,0,0,0,0,0,0,0,1
5.0,6.39,32.0,64.0,6.0,4030.0,2340.0,1080.0,9,2019,11.350406535472453,6.189248165046618,0,0,0,1,0,0,0,0,0,0,0,0,0,0,0,0,0,0,0,0,0,0,0,0,0,1
4.0,6.39,20.0,256.0,8.0,4000.0,2340.0,1080.0,9,2019,11.429532986406885,6.189248165046618,0,0,0,1,0,0,0,0,0,0,0,0,0,0,0,0,0,0,0,0,0,0,0,0,0,1
5.0,6.39,20.0,128.0,8.0,4000.0,2340.0,1080.0,9,2019,11.429532986406885,6.189248165046618,0,0,0,1,0,0,0,0,0,0,0,0,0,0,0,0,0,0,0,0,0,0,0,0,0,1
4.7,6.39,20.0,128.0,6.0,4000.0,2340.0,1080.0,9,2019,10.621327345686446,6.189248165046618,0,0,0,1,0,0,0,0,0,0,0,0,0,0,0,0,0,0,0,0,0,0,0,0,0,1
3.9,6.39,20.0,64.0,6.0,4000.0,2340.0,1080.0,9,2019,10.532096211958502,6.189248165046618,0,0,0,1,0,0,0,0,0,0,0,0,0,0,0,0,0,0,0,0,0,0,0,0,0,1
5.0,6.39,20.0,256.0,8.0,4000.0,2340.0,1080.0,9,2019,11.429532986406885,6.189248165046618,0,0,0,1,0,0,0,0,0,0,0,0,0,0,0,0,0,0,0,0,0,0,0,0,0,1
4.5,6.39,20.0,128.0,6.0,4000.0,2340.0,1080.0,9,2019,10.60905725309463,6.189248165046618,0,0,0,1,0,0,0,0,0,0,0,0,0,0,0,0,0,0,0,0,0,0,0,0,0,1
3.0,6.39,20.0,64.0,6.0,4000.0,2340.0,1080.0,9,2019,10.532069544936274,6.189248165046618,0,0,0,1,0,0,0,0,0,0,0,0,0,0,0,0,0,0,0,0,0,0,0,0,0,1
4.0,5.99,5.0,128.0,6.0,3400.0,2160.0,1080.0,8,2018,9.471935109664646,6.5016541202505,0,0,1,0,0,0,0,0,0,0,0,0,0,0,0,0,0,0,0,0,0,0,0,0,0,1
5.0,6.26,24.0,128.0,6.0,3350.0,2280.0,1080.0,8,2018,10.184862275413241,6.283620328879544,0,0,0,1,0,0,0,0,0,0,0,0,0,0,0,0,0,0,0,0,0,0,0,0,0,1
4.5,4.7,7.0,256.0,3.0,1821.0,1334.0,750.0,13,2020,11.156236235215168,4.529198732458124,0,1,1,0,1,0,0,0,0,0,0,0,0,0,0,0,0,0,0,0,0,0,0,0,0,0
3.6,4.7,7.0,128.0,3.0,1821.0,1334.0,750.0,13,2020,10.950789002803143,4.529198732458124,0,1,1,0,1,0,0,0,0,0,0,0,0,0,0,0,0,0,0,0,0,0,0,0,0,0
3.7,4.7,7.0,64.0,3.0,1821.0,1334.0,750.0,13,2020,10.849317668987577,4.529198732458124,0,1,1,0,1,0,0,0,0,0,0,0,0,0,0,0,0,0,0,0,0,0,0,0,0,0
4.4,6.5,12.0,512.0,4.0,3500.0,2688.0,1242.0,13,2019,12.0015054797889,7.901765680473374,0,1,1,0,1,0,0,0,0,0,0,0,0,0,0,0,0,0,0,0,0,0,0,0,0,0
3.4,6.5,12.0,256.0,4.0,3500.0,2688.0,1242.0,13,2019,11.809312043052154,7.901765680473374,0,1,1,0,1,0,0,0,0,0,0,0,0,0,0,0,0,0,0,0,0,0,0,0,0,0
4.1,6.5,12.0,64.0,4.0,3500.0,2688.0,1242.0,13,2019,11.699396733123224,7.901765680473374,0,1,1,0,1,0,0,0,0,0,0,0,0,0,0,0,0,0,0,0,0,0,0,0,0,0
3.0,5.8,12.0,512.0,4.0,3190.0,2436.0,1125.0,13,2019,12.043553716032399,8.14655172413793,0,1,1,0,1,0,0,0,0,0,0,0,0,0,0,0,0,0,0,0,0,0,0,0,0,0
3.4,5.8,12.0,256.0,4.0,3190.0,2436.0,1125.0,13,2019,11.759777730371237,8.14655172413793,0,1,1,0,1,0,0,0,0,0,0,0,0,0,0,0,0,0,0,0,0,0,0,0,0,0
3.5,5.8,12.0,64.0,4.0,3190.0,2436.0,1125.0,13,2019,11.608235644774552,8.14655172413793,0,1,1,0,1,0,0,0,0,0,0,0,0,0,0,0,0,0,0,0,0,0,0,0,0,0
3.7,6.1,12.0,256.0,4.0,3110.0,1792.0,828.0,13,2019,11.451039422897681,3.987573233001882,0,1,1,0,1,0,0,0,0,0,0,0,0,0,0,0,0,0,0,0,0,0,0,0,0,0
4.1,6.1,12.0,128.0,4.0,3110.0,1792.0,828.0,13,2019,11.314462331050079,3.987573233001882,0,1,1,0,1,0,0,0,0,0,0,0,0,0,0,0,0,0,0,0,0,0,0,0,0,0
3.5,6.1,12.0,64.0,4.0,3110.0,1792.0,828.0,13,2019,11.251547713738502,3.987573233001882,0,1,1,0,1,0,0,0,0,0,0,0,0,0,0,0,0,0,0,0,0,0,0,0,0,0
4.3,5.5,5.0,128.0,2.0,2750.0,1920.0,1080.0,9,2015,10.404262840448617,6.8548760330578515,0,1,1,0,1,0,0,0,0,0,0,0,0,0,0,0,0,0,0,0,0,0,0,0,0,0
3.8,6.0,5.0,16.0,2.0,5000.0,1280.0,720.0,7,2017,10.308919326755392,2.56,0,0,1,0,0,0,0,0,0,0,0,0,0,0,0,0,0,0,0,0,0,0,0,1,0,0
3.7,5.5,5.0,16.0,1.0,4000.0,1280.0,720.0,7,2017,10.308919326755392,3.0466115702479337,0,0,1,0,0,0,0,0,0,0,0,0,0,0,0,0,0,0,0,0,0,0,0,1,0,0
3.8,5.0,5.0,8.0,1.0,5000.0,854.0,480.0,7,2017,10.126591103050316,1.63968,0,0,1,0,0,0,0,0,0,0,0,0,0,0,0,0,0,0,0,0,0,0,0,1,0,0
3.3,5.0,5.0,8.0,1.0,2500.0,854.0,480.0,7,2017,8.85366542803745,1.63968,0,0,1,0,0,0,0,0,0,0,0,0,0,0,0,0,0,0,0,0,0,0,0,1,0,0
3.8,6.0,5.0,16.0,2.0,3400.0,1280.0,720.0,7,2017,9.546741177474825,2.56,0,0,1,0,0,0,0,0,0,0,0,0,0,0,0,0,0,0,0,0,0,0,0,1,0,0
3.6,5.5,5.0,16.0,1.0,3000.0,1280.0,720.0,7,2017,9.546741177474825,3.0466115702479337,0,0,1,0,0,0,0,0,0,0,0,0,0,0,0,0,0,0,0,0,0,0,0,1,0,0
3.5,5.0,2.0,16.0,1.0,2500.0,1280.0,720.0,6,2016,10.308919326755392,3.6864,0,0,1,0,0,0,0,0,0,0,0,0,0,0,0,0,0,0,0,0,0,0,0,1,0,0
3.6,5.0,2.0,8.0,1.0,2500.0,854.0,480.0,6,2017,9.961567763612653,1.63968,0,0,1,0,0,0,0,0,0,0,0,0,0,0,0,0,0,0,0,0,0,0,0,1,0,0
5.0,6.4,32.0,128.0,8.0,4015.0,2400.0,1080.0,10,2020,10.532069544936274,6.328124999999998,0,0,0,1,0,0,0,0,0,0,0,0,0,0,0,0,0,0,0,1,0,0,0,0,0,0
3.7,6.55,32.0,256.0,12.0,4000.0,2400.0,1080.0,10,2020,9.21024036697585,6.041605967018239,0,0,0,1,0,0,0,0,0,0,0,0,0,0,0,0,0,0,0,1,0,0,0,0,0,0
5.0,6.55,32.0,128.0,8.0,4000.0,2400.0,1080.0,10,2020,9.21024036697585,6.041605967018239,0,0,0,1,0,0,0,0,0,0,0,0,0,0,0,0,0,0,0,1,0,0,0,0,0,0
5.0,6.5,32.0,256.0,12.0,4025.0,2400.0,1080.0,10,2020,9.5450252980233,6.13491124260355,0,0,0,1,0,0,0,0,0,0,0,0,0,0,0,0,0,0,0,1,0,0,0,0,0,0
5.0,6.5,16.0,128.0,4.0,5000.0,2400.0,1080.0,10,2020,11.736061016252439,6.13491124260355,0,0,0,1,0,0,0,0,0,0,0,0,0,0,0,0,0,0,0,1,0,0,0,0,0,0
2.8,6.5,16.0,128.0,4.0,5000.0,2400.0,1080.0,10,2020,9.928131383448887,6.13491124260355,0,0,0,1,0,0,0,0,0,0,0,0,0,0,0,0,0,0,0,1,0,0,0,0,0,0
4.0,6.5,16.0,64.0,4.0,5000.0,2400.0,1080.0,10,2020,11.736061016252439,6.13491124260355,0,0,0,1,0,0,0,0,0,0,0,0,0,0,0,0,0,0,0,1,0,0,0,0,0,0
3.7,6.22,5.0,64.0,4.0,4230.0,1520.0,720.0,9,2020,9.103868127465667,2.8287548722614533,0,0,0,1,0,0,0,0,0,0,0,0,0,0,0,0,0,0,0,1,0,0,0,0,0,0
4.5,6.22,5.0,32.0,3.0,4230.0,1520.0,720.0,9,2020,9.61573881119536,2.8287548722614533,0,0,0,1,0,0,0,0,0,0,0,0,0,0,0,0,0,0,0,1,0,0,0,0,0,0
3.3,6.5,16.0,128.0,8.0,5000.0,2400.0,1080.0,10,2020,10.257659366256743,6.13491124260355,0,0,0,1,0,0,0,0,0,0,0,0,0,0,0,0,0,0,0,1,0,0,0,0,0,0
4.0,6.55,16.0,128.0,8.0,4000.0,2400.0,1080.0,10,2020,9.532351404751555,6.041605967018239,0,0,0,1,0,0,0,0,0,0,0,0,0,0,0,0,0,0,0,1,0,0,0,0,0,0
2.7,6.5,8.0,128.0,4.0,4230.0,1600.0,720.0,9,2020,9.918326902732767,2.7266272189349112,0,0,0,1,0,0,0,0,0,0,0,0,0,0,0,0,0,0,0,1,0,0,0,0,0,0
5.0,6.7,32.0,512.0,12.0,4260.0,3168.0,1440.0,10,2020,9.998797732340453,10.162441523724661,0,0,0,1,0,0,0,0,0,0,0,0,0,0,0,0,0,0,0,1,0,0,0,0,0,0
4.0,6.7,32.0,256.0,12.0,4200.0,3166.0,1440.0,10,2020,9.998797732340453,10.15602584094453,0,0,0,1,0,0,0,0,0,0,0,0,0,0,0,0,0,0,0,1,0,0,0,0,0,0
3.3,6.5,5.0,32.0,3.0,5000.0,1600.0,720.0,10,2020,9.567944883732848,2.7266272189349112,0,0,0,1,0,0,0,0,0,0,0,0,0,0,0,0,0,0,0,0,1,0,0,0,0,0
5.0,6.3,16.0,64.0,4.0,4035.0,2340.0,1080.0,9,2019,10.308619271743055,6.36734693877551,0,0,0,1,0,0,0,0,0,0,0,0,0,0,0,0,0,0,0,0,1,0,0,0,0,0
5.0,6.5,13.0,32.0,3.0,5000.0,1600.0,720.0,9,2019,10.491274217438248,2.7266272189349112,0,0,0,1,0,0,0,0,0,0,0,0,0,0,0,0,0,0,0,0,1,0,0,0,0,0
5.0,6.4,32.0,64.0,6.0,4000.0,2340.0,1080.0,9,2019,10.491274217438248,6.169921874999998,0,0,0,1,0,0,0,0,0,0,0,0,0,0,0,0,0,0,0,0,1,0,0,0,0,0
3.5,6.4,32.0,64.0,4.0,4000.0,2340.0,1080.0,9,2019,9.66770192587285,6.169921874999998,0,0,0,1,0,0,0,0,0,0,0,0,0,0,0,0,0,0,0,0,1,0,0,0,0,0
3.6,6.5,5.0,32.0,2.0,5000.0,1560.0,720.0,10,2020,10.126591103050316,2.6584615384615384,0,0,0,1,0,0,0,0,0,0,0,0,0,0,0,0,0,0,0,0,1,0,0,0,0,0
4.2,6.9,10.0,512.0,12.0,4500.0,3088.0,1440.0,10,2020,11.964001084330445,9.339886578449903,0,0,1,0,0,0,0,0,0,0,0,0,0,0,0,0,0,0,0,0,0,1,0,0,0,0
5.0,6.9,10.0,256.0,12.0,4500.0,3088.0,1440.0,10,2020,11.782944968566367,9.339886578449903,0,0,1,0,0,0,0,0,0,0,0,0,0,0,0,0,0,0,0,0,0,1,0,0,0,0
3.4,6.9,10.0,256.0,8.0,4500.0,3088.0,1440.0,10,2020,11.661336849361689,9.339886578449903,0,0,1,0,0,0,0,0,0,0,0,0,0,0,0,0,0,0,0,0,0,1,0,0,0,0
4.7,6.7,10.0,256.0,8.0,4300.0,2400.0,1080.0,10,2020,11.407553838139561,5.774114502116284,0,0,1,0,0,0,0,0,0,0,0,0,0,0,0,0,0,0,0,0,0,1,0,0,0,0
5.0,5.3,5.0,16.0,1.0,3000.0,1480.0,720.0,10,2021,9.210340371976184,3.793520825916696,0,0,1,0,0,0,0,0,0,0,0,0,0,0,0,0,0,0,0,0,0,1,0,0,0,0
4.1,6.5,32.0,128.0,6.0,6000.0,2400.0,1080.0,10,2020,9.66770192587285,6.13491124260355,0,0,0,1,0,0,0,0,0,0,0,0,0,0,0,0,0,0,0,0,0,1,0,0,0,0
5.0,6.2,8.0,32.0,3.0,4000.0,1520.0,720.0,9,2020,10.42225158360364,2.8470343392299684,0,0,1,0,0,0,0,0,0,0,0,0,0,0,0,0,0,0,0,0,0,1,0,0,0,0
5.0,6.7,10.0,256.0,8.0,3300.0,2636.0,1080.0,10,2020,10.203555107263542,6.341902428157718,0,0,0,1,0,0,0,0,0,0,0,0,0,0,0,0,0,0,0,0,0,1,0,0,0,0
5.0,5.3,5.0,16.0,1.0,3000.0,1480.0,720.0,10,2020,9.961567763612653,3.793520825916696,0,0,1,0,0,0,0,0,0,0,0,0,0,0,0,0,0,0,0,0,0,1,0,0,0,0
2.3,5.7,5.0,32.0,3.0,4000.0,1520.0,720.0,10,2020,9.510370887608827,3.3684210526315788,0,0,1,0,0,0,0,0,0,0,0,0,0,0,0,0,0,0,0,0,0,1,0,0,0,0
3.6,6.7,32.0,128.0,8.0,4500.0,2400.0,1080.0,10,2020,10.341710224882465,5.774114502116284,0,0,0,1,0,0,0,0,0,0,0,0,0,0,0,0,0,0,0,0,0,1,0,0,0,0
3.3,6.5,13.0,64.0,4.0,5000.0,1600.0,720.0,10,2020,9.8933867103567,2.7266272189349112,0,0,0,1,0,0,0,0,0,0,0,0,0,0,0,0,0,0,0,0,0,1,0,0,0,0
4.5,6.7,32.0,128.0,6.0,4500.0,2400.0,1080.0,10,2020,9.399720293137584,5.774114502116284,0,0,0,1,0,0,0,0,0,0,0,0,0,0,0,0,0,0,0,0,0,1,0,0,0,0
4.1,6.5,32.0,128.0,8.0,4500.0,2400.0,1080.0,10,2020,10.308919326755392,6.13491124260355,0,0,0,1,0,0,0,0,0,0,0,0,0,0,0,0,0,0,0,0,0,1,0,0,0,0
2.5,6.4,8.0,32.0,3.0,5000.0,1560.0,720.0,10,2020,9.680281499268713,2.7421874999999996,0,0,1,0,0,0,0,0,0,0,0,0,0,0,0,0,0,0,0,0,0,1,0,0,0,0
3.2,5.5,8.0,32.0,3.0,4000.0,1280.0,720.0,7,2017,9.648595302907339,3.0466115702479337,0,0,1,0,0,0,0,0,0,0,0,1,0,0,0,0,0,0,0,0,0,0,0,0,0,0
3.7,5.0,2.0,8.0,1.0,2200.0,854.0,480.0,6,2017,8.987196820661973,1.63968,0,0,1,0,0,0,0,0,0,0,0,1,0,0,0,0,0,0,0,0,0,0,0,0,0,0
4.2,5.5,8.0,64.0,4.0,3750.0,2560.0,1440.0,7,2017,10.778956289890028,12.186446280991735,0,0,1,0,0,0,0,0,0,0,0,1,0,0,0,0,0,0,0,0,0,0,0,0,0,0
4.2,5.9,8.0,64.0,4.0,4000.0,2560.0,1440.0,8,2017,10.239959789157341,10.5900603274921,0,0,0,1,0,0,0,0,0,0,0,1,0,0,0,0,0,0,0,0,0,0,0,0,0,0
3.7,5.2,8.0,16.0,3.0,3100.0,1920.0,1080.0,5,2015,11.002083174398681,7.668639053254438,0,0,0,1,0,0,0,0,0,0,0,1,0,0,0,0,0,0,0,0,0,0,0,0,0,0
4.1,5.9,13.0,64.0,4.0,3340.0,2160.0,1080.0,7,2017,11.328160926525134,6.701522550991094,0,0,1,0,0,0,0,0,0,0,0,1,0,0,0,0,0,0,0,0,0,0,0,0,0,0
4.0,5.2,8.0,32.0,4.0,3000.0,1920.0,1080.0,7,2017,9.975808214115753,7.668639053254438,0,0,0,1,0,0,0,0,0,0,0,1,0,0,0,0,0,0,0,0,0,0,0,0,0,0
4.1,6.2,8.0,16.0,2.0,4230.0,1520.0,720.0,8,2018,9.392661928770137,2.8470343392299684,0,0,1,0,0,0,0,0,0,0,0,0,0,0,0,0,0,0,0,1,0,0,0,0,0,0
3.7,6.3,25.0,64.0,4.0,3500.0,2340.0,1080.0,8,2018,10.06475570013225,6.36734693877551,0,0,0,1,0,0,0,0,0,0,0,0,0,0,0,0,0,0,0,1,0,0,0,0,0,0
4.0,6.42,25.0,256.0,8.0,3730.0,2340.0,1080.0,8,2018,9.275191344295799,6.131539872477946,0,0,1,0,0,0,0,0,0,0,0,0,0,0,0,0,0,0,0,1,0,0,0,0,0,0
3.8,6.2,8.0,128.0,4.0,3400.0,2280.0,1080.0,8,2018,8.536799721055155,6.40582726326743,0,0,1,0,0,0,0,0,0,0,0,0,0,0,0,0,0,0,0,1,0,0,0,0,0,0
4.2,6.23,25.0,64.0,4.0,3400.0,2280.0,1080.0,8,2018,9.38429367909962,6.344282442177729,0,0,1,0,0,0,0,0,0,0,0,0,0,0,0,0,0,0,0,1,0,0,0,0,0,0
3.4,5.7,8.0,32.0,3.0,3180.0,1440.0,720.0,7,2018,10.06475570013225,3.191135734072022,0,0,1,0,0,0,0,0,0,0,0,0,0,0,0,0,0,0,0,1,0,0,0,0,0,0
4.3,6.0,20.0,64.0,6.0,3200.0,2160.0,1080.0,7,2017,9.680344001221918,6.48,0,0,1,0,0,0,0,0,0,0,0,0,0,0,0,0,0,0,0,1,0,0,0,0,0,0
4.2,6.0,20.0,32.0,4.0,3200.0,2160.0,1080.0,7,2017,9.615805480084347,6.48,0,0,1,0,0,0,0,0,0,0,0,0,0,0,0,0,0,0,0,1,0,0,0,0,0,0
5.0,6.78,16.0,256.0,12.0,4510.0,3168.0,1440.0,10,2020,11.406442096927323,9.92403477171274,0,0,0,1,0,0,0,0,0,0,0,0,0,0,0,0,0,0,1,0,0,0,0,0,0,0
4.7,6.78,16.0,128.0,8.0,4510.0,3168.0,1440.0,10,2020,11.326583838513384,9.92403477171274,0,0,0,1,0,0,0,0,0,0,0,0,0,0,0,0,0,0,1,0,0,0,0,0,0,0
5.0,6.55,16.0,256.0,12.0,4300.0,2400.0,1080.0,10,2020,11.141861783579396,6.041605967018239,0,0,0,1,0,0,0,0,0,0,0,0,0,0,0,0,0,0,1,0,0,0,0,0,0,0
5.0,6.55,16.0,128.0,8.0,4300.0,2400.0,1080.0,10,2020,11.066622737219737,6.041605967018239,0,0,0,1,0,0,0,0,0,0,0,0,0,0,0,0,0,0,1,0,0,0,0,0,0,0
5.0,6.67,16.0,256.0,12.0,4085.0,3120.0,1440.0,10,2019,11.440354772135393,10.098698776548757,0,0,0,1,0,0,0,0,0,0,0,0,0,0,0,0,0,0,1,0,0,0,0,0,0,0
3.7,6.67,16.0,256.0,8.0,4085.0,3120.0,1440.0,10,2019,11.082127164144046,10.098698776548757,0,0,0,1,0,0,0,0,0,0,0,0,0,0,0,0,0,0,1,0,0,0,0,0,0,0
3.9,6.67,16.0,256.0,8.0,4000.0,3120.0,1440.0,9,2019,11.002083174398681,10.098698776548757,0,0,0,1,0,0,0,0,0,0,0,0,0,0,0,0,0,0,1,0,0,0,0,0,0,0
5.0,6.55,16.0,256.0,8.0,3800.0,2400.0,1080.0,10,2019,10.905955980651335,6.041605967018239,0,0,0,1,0,0,0,0,0,0,0,0,0,0,0,0,0,0,1,0,0,0,0,0,0,0
4.7,6.55,16.0,128.0,8.0,3800.0,2400.0,1080.0,10,2019,10.878028324431728,6.041605967018239,0,0,0,1,0,0,0,0,0,0,0,0,0,0,0,0,0,0,1,0,0,0,0,0,0,0
4.0,6.67,16.0,256.0,12.0,4000.0,3120.0,1440.0,9,2019,9.259130536145614,10.098698776548757,0,0,0,1,0,0,0,0,0,0,0,0,0,0,0,0,0,0,1,0,0,0,0,0,0,0
3.4,6.41,16.0,256.0,8.0,3700.0,2340.0,1080.0,9,2019,10.819778284410283,6.1506859650361045,0,0,0,1,0,0,0,0,0,0,0,0,0,0,0,0,0,0,1,0,0,0,0,0,0,0
5.0,6.41,16.0,128.0,6.0,3700.0,2340.0,1080.0,9,2018,10.915088464214607,6.1506859650361045,0,0,0,1,0,0,0,0,0,0,0,0,0,0,0,0,0,0,1,0,0,0,0,0,0,0
3.6,6.28,16.0,128.0,8.0,3300.0,2280.0,1080.0,8,2018,10.87804719253426,6.243661000446265,0,0,0,1,0,0,0,0,0,0,0,0,0,0,0,0,0,0,1,0,0,0,0,0,0,0
4.3,6.28,16.0,64.0,6.0,3300.0,2280.0,1080.0,8,2018,10.968198289528557,6.243661000446265,0,0,0,1,0,0,0,0,0,0,0,0,0,0,0,0,0,0,1,0,0,0,0,0,0,0
4.7,6.01,16.0,128.0,8.0,3300.0,2160.0,1080.0,7,2017,11.127248278167759,6.4584538802495,0,0,0,1,0,0,0,0,0,0,0,0,0,0,0,0,0,0,1,0,0,0,0,0,0,0
4.7,6.01,16.0,64.0,6.0,3300.0,2160.0,1080.0,7,2017,11.127248278167759,6.4584538802495,0,0,0,1,0,0,0,0,0,0,0,0,0,0,0,0,0,0,1,0,0,0,0,0,0,0
4.6,5.5,16.0,128.0,8.0,3300.0,1920.0,1080.0,7,2017,11.127248278167759,6.8548760330578515,0,0,0,1,0,0,0,0,0,0,0,0,0,0,0,0,0,0,1,0,0,0,0,0,0,0
4.0,6.39,8.0,64.0,4.0,4000.0,1560.0,720.0,10,2020,10.714395546283317,2.7507769622429414,0,0,0,1,0,0,0,0,0,0,1,0,0,0,0,0,0,0,0,0,0,0,0,0,0,0
4.5,6.81,16.0,128.0,8.0,4300.0,2400.0,1080.0,10,2020,10.909015515680611,5.589085757534593,0,0,0,1,0,0,0,0,0,0,1,0,0,0,0,0,0,0,0,0,0,0,0,0,0,0
4.0,5.71,5.0,64.0,3.0,3020.0,1520.0,720.0,9,2019,10.909015515680611,3.3566330614861317,0,0,0,1,0,0,0,0,0,0,1,0,0,0,0,0,0,0,0,0,0,0,0,0,0,0
4.0,6.5,16.0,64.0,6.0,4000.0,2400.0,1080.0,10,2020,10.909015515680611,6.13491124260355,0,0,0,1,0,0,0,0,0,0,1,0,0,0,0,0,0,0,0,0,0,0,0,0,0,0
5.0,6.53,32.0,256.0,8.0,4000.0,2400.0,1080.0,10,2020,10.909015515680611,6.078670947376814,0,0,0,1,0,0,0,0,0,0,1,0,0,0,0,0,0,0,0,0,0,0,0,0,0,0
5.0,6.53,32.0,128.0,6.0,4000.0,2400.0,1080.0,10,2020,8.82453082152646,6.078670947376814,0,0,0,1,0,0,0,0,0,0,1,0,0,0,0,0,0,0,0,0,0,0,0,0,0,0
3.5,6.22,8.0,64.0,4.0,4000.0,1560.0,720.0,10,2020,8.82453082152646,2.9031957899525445,0,0,0,1,0,0,0,0,0,1,0,0,0,0,0,0,0,0,0,0,0,0,0,0,0,0
5.0,6.53,8.0,32.0,2.0,4000.0,1560.0,720.0,9,2020,10.085767441795337,2.634090743863286,0,0,0,1,0,0,0,0,0,1,0,0,0,0,0,0,0,0,0,0,0,0,0,0,0,0
3.7,6.8,32.0,256.0,8.0,5000.0,2400.0,1080.0,10,2020,10.085767441795337,5.605536332179931,0,0,0,1,0,0,0,0,0,1,0,0,0,0,0,0,0,0,0,0,0,0,0,0,0,0
4.0,6.5,25.0,128.0,6.0,5000.0,2340.0,1080.0,10,2020,10.703019723800088,5.981538461538462,0,0,0,1,0,0,0,0,0,1,0,0,0,0,0,0,0,0,0,0,0,0,0,0,0,0
3.0,6.2,16.0,32.0,3.0,3850.0,1520.0,720.0,9,2019,10.703019723800088,2.8470343392299684,0,0,1,0,0,0,0,0,0,1,0,0,0,0,0,0,0,0,0,0,0,0,0,0,0,0
5.0,6.0,13.0,64.0,4.0,3600.0,2160.0,1080.0,8,2018,10.221941283654663,6.48,0,0,1,0,0,0,0,0,0,1,0,0,0,0,0,0,0,0,0,0,0,0,0,0,0,0
4.0,5.7,13.0,32.0,3.0,3075.0,1440.0,720.0,8,2018,9.74090979777877,3.191135734072022,0,0,1,0,0,0,0,0,0,1,0,0,0,0,0,0,0,0,0,0,0,0,0,0,0,0
3.0,5.0,5.0,16.0,2.0,2200.0,1280.0,720.0,6,2017,9.61440449916872,3.6864,0,0,1,0,0,0,0,0,0,1,0,0,0,0,0,0,0,0,0,0,0,0,0,0,0,0
2.7,6.0,8.0,64.0,6.0,3500.0,2880.0,1440.0,8,2018,11.104957226643945,11.52,0,0,1,0,0,0,0,0,0,1,0,0,0,0,0,0,0,0,0,0,0,0,0,0,0,0
4.0,6.0,8.0,32.0,3.0,2965.0,1440.0,720.0,8,2018,9.680344001221918,2.88,0,0,1,0,0,0,0,0,0,1,0,0,0,0,0,0,0,0,0,0,0,0,0,0,0,0
1.3,5.5,5.0,16.0,2.0,2730.0,1440.0,720.0,7,2018,9.615805480084347,3.4274380165289258,0,0,1,0,0,0,0,0,0,1,0,0,0,0,0,0,0,0,0,0,0,0,0,0,0,0
3.0,6.0,5.0,64.0,4.0,3930.0,2160.0,1080.0,8,2018,9.259035293514941,6.48,0,0,1,0,0,0,0,0,0,1,0,0,0,0,0,0,0,0,0,0,0,0,0,0,0,0
3.0,5.0,5.0,32.0,3.0,3300.0,1280.0,720.0,6,2017,9.41727323724241,3.6864,0,0,1,0,0,0,0,0,0,1,0,0,0,0,0,0,0,0,0,0,0,0,0,0,0,0
4.0,5.5,8.0,64.0,3.0,3200.0,2560.0,1440.0,7,2016,9.61573881119536,12.186446280991735,0,0,1,0,0,0,0,0,0,1,0,0,0,0,0,0,0,0,0,0,0,0,0,0,0,0
4.4,6.0,8.0,128.0,6.0,3930.0,2880.0,1440.0,8,2017,10.809727948556782,11.52,0,0,1,0,0,0,0,0,0,1,0,0,0,0,0,0,0,0,0,0,0,0,0,0,0,0
4.0,5.0,5.0,32.0,3.0,2200.0,1280.0,720.0,5,2016,9.61573881119536,3.6864,0,0,1,0,0,0,0,0,0,1,0,0,0,0,0,0,0,0,0,0,0,0,0,0,0,0
2.5,5.5,4.0,16.0,2.0,2800.0,1920.0,1080.0,5,2015,9.61573881119536,6.8548760330578515,0,0,0,1,0,0,0,0,0,1,0,0,0,0,0,0,0,0,0,0,0,0,0,0,0,0
4.0,5.0,5.0,16.0,2.0,2200.0,1280.0,720.0,6,2016,9.695848187757884,3.6864,0,0,1,0,0,0,0,0,0,1,0,0,0,0,0,0,0,0,0,0,0,0,0,0,0,0
1.7,5.0,5.0,16.0,15.0,2200.0,1280.0,720.0,6,2016,9.711055051991444,3.6864,0,0,1,0,0,0,0,0,0,1,0,0,0,0,0,0,0,0,0,0,0,0,0,0,0,0
3.2,5.5,8.0,32.0,3.0,3200.0,2560.0,1440.0,7,2016,9.41727323724241,12.186446280991735,0,0,1,0,0,0,0,0,0,1,0,0,0,0,0,0,0,0,0,0,0,0,0,0,0,0
3.3,5.5,5.0,16.0,15.0,2800.0,1280.0,720.0,5,2015,9.41727323724241,3.0466115702479337,0,0,0,1,0,0,0,0,0,1,0,0,0,0,0,0,0,0,0,0,0,0,0,0,0,0
3.0,5.2,5.0,64.0,4.0,3000.0,2560.0,1440.0,6,2016,9.61440449916872,13.633136094674555,0,0,1,0,0,0,0,0,0,1,0,0,0,0,0,0,0,0,0,0,0,0,0,0,0,0
4.3,5.2,5.0,32.0,4.0,3000.0,2560.0,1440.0,6,2016,9.61440449916872,13.633136094674555,0,0,1,0,0,0,0,0,0,1,0,0,0,0,0,0,0,0,0,0,0,0,0,0,0,0
4.0,5.5,5.0,16.0,2.0,2800.0,1280.0,720.0,5,2015,9.41727323724241,3.0466115702479337,0,0,0,1,0,0,0,0,0,1,0,0,0,0,0,0,0,0,0,0,0,0,0,0,0,0
3.9,5.2,4.0,32.0,3.0,2840.0,2560.0,1440.0,5,2015,9.711055051991444,13.633136094674555,0,0,0,1,0,0,0,0,0,1,0,0,0,0,0,0,0,0,0,0,0,0,0,0,0,0
4.2,5.0,4.0,32.0,3.0,2840.0,1920.0,1080.0,5,2015,9.711055051991444,8.2944,0,0,0,1,0,0,0,0,0,1,0,0,0,0,0,0,0,0,0,0,0,0,0,0,0,0
4.0,5.0,4.0,32.0,3.0,2150.0,1920.0,1080.0,6,2015,9.695848187757884,8.2944,0,0,1,0,0,0,0,0,0,1,0,0,0,0,0,0,0,0,0,0,0,0,0,0,0,0
4.0,5.0,4.0,16.0,2.0,2150.0,1920.0,1080.0,6,2015,10.275016625615446,8.2944,0,0,1,0,0,0,0,0,0,1,0,0,0,0,0,0,0,0,0,0,0,0,0,0,0,0
4.0,5.5,5.0,32.0,3.0,2700.0,1280.0,720.0,6,2016,9.210340371976184,3.0466115702479337,0,0,1,0,0,0,0,0,0,1,0,0,0,0,0,0,0,0,0,0,0,0,0,0,0,0
5.0,6.57,16.0,128.0,6.0,4160.0,2400.0,1080.0,10,2020,9.695848187757884,6.004878964158379,0,0,0,1,0,0,0,0,0,0,0,0,0,0,0,0,0,0,0,0,0,0,0,0,0,1
5.0,6.57,16.0,64.0,6.0,4160.0,2400.0,1080.0,10,2020,9.695848187757884,6.004878964158379,0,0,0,1,0,0,0,0,0,0,0,0,0,0,0,0,0,0,0,0,0,0,0,0,0,1
5.0,6.3,13.0,128.0,4.0,4000.0,2340.0,1080.0,9,2019,9.952230096524119,6.36734693877551,0,0,0,1,0,0,0,0,0,0,0,0,0,0,0,0,0,0,0,0,0,0,0,0,0,1
5.0,6.3,13.0,64.0,4.0,4000.0,2340.0,1080.0,9,2019,9.878169744551839,6.36734693877551,0,0,0,1,0,0,0,0,0,0,0,0,0,0,0,0,0,0,0,0,0,0,0,0,0,1
5.0,6.3,13.0,32.0,3.0,4000.0,2340.0,1080.0,9,2019,9.798071479779479,6.36734693877551,0,0,0,1,0,0,0,0,0,0,0,0,0,0,0,0,0,0,0,0,0,0,0,0,0,1
3.5,6.47,32.0,256.0,8.0,5260.0,2340.0,1080.0,9,2019,9.305559638557117,6.037137280851583,0,0,0,1,0,0,0,0,0,0,0,0,0,0,0,0,0,0,0,0,0,0,0,0,0,1
3.7,6.67,20.0,256.0,12.0,4780.0,2340.0,1080.0,10,2019,11.250248151508014,5.680518061808676,0,0,0,1,0,0,0,0,0,0,0,0,0,0,0,0,0,0,0,0,0,0,0,0,0,1
5.0,6.47,32.0,128.0,6.0,5260.0,2340.0,1080.0,9,2019,10.725467604939041,6.037137280851583,0,0,0,1,0,0,0,0,0,0,0,0,0,0,0,0,0,0,0,0,0,0,0,0,0,1
3.0,6.39,20.0,256.0,8.0,4000.0,2340.0,1080.0,9,2019,9.674074388208323,6.189248165046618,0,0,0,1,0,0,0,0,0,0,0,0,0,0,0,0,0,0,0,0,0,0,0,0,0,1
5.0,6.39,20.0,128.0,6.0,4000.0,2340.0,1080.0,9,2019,10.621327345686446,6.189248165046618,0,0,0,1,0,0,0,0,0,0,0,0,0,0,0,0,0,0,0,0,0,0,0,0,0,1
5.0,6.39,20.0,64.0,6.0,4000.0,2340.0,1080.0,9,2019,10.51867319162636,6.189248165046618,0,0,0,1,0,0,0,0,0,0,0,0,0,0,0,0,0,0,0,0,0,0,0,0,0,1
3.2,6.53,20.0,128.0,6.0,4500.0,2340.0,1080.0,9,2019,10.126591103050316,5.926704173692394,0,0,0,1,0,0,0,0,0,0,0,0,0,0,0,0,0,0,0,0,0,0,0,0,0,1
3.7,6.53,20.0,64.0,4.0,4500.0,2340.0,1080.0,9,2019,9.998797732340453,5.926704173692394,0,0,0,1,0,0,0,0,0,0,0,0,0,0,0,0,0,0,0,0,0,0,0,0,0,1
4.8,6.3,13.0,128.0,6.0,4000.0,2340.0,1080.0,9,2019,10.165813354725493,6.36734693877551,0,0,0,1,0,0,0,0,0,0,0,0,0,0,0,0,0,0,0,0,0,0,0,0,0,1
3.7,6.3,13.0,64.0,6.0,4000.0,2340.0,1080.0,9,2019,10.126591103050316,6.36734693877551,0,0,0,1,0,0,0,0,0,0,0,0,0,0,0,0,0,0,0,0,0,0,0,0,0,1
4.0,5.0,5.0,8.0,1.0,2500.0,854.0,480.0,8,2019,8.85366542803745,1.63968,0,0,1,0,0,0,0,0,0,0,0,0,0,0,1,0,0,0,0,0,0,0,0,0,0,0
2.5,5.0,2.0,8.0,1.0,2000.0,854.0,480.0,8,2019,8.699514748210191,1.63968,0,0,1,0,0,0,0,0,0,0,0,0,0,0,1,0,0,0,0,0,0,0,0,0,0,0
5.0,6.6,8.0,32.0,2.0,5000.0,1600.0,720.0,10,2020,9.210340371976184,2.6446280991735542,0,0,0,1,0,0,0,0,0,0,0,0,1,0,0,0,0,0,0,0,0,0,0,0,0,0
5.0,6.52,8.0,32.0,3.0,5000.0,1600.0,720.0,9,2019,9.472704636443673,2.7099251006812453,0,0,0,1,0,0,0,0,0,0,0,0,1,0,0,0,0,0,0,0,0,0,0,0,0,0
5.0,6.53,16.0,128.0,6.0,4000.0,2340.0,1080.0,10,2020,9.975808214115753,5.926704173692394,0,0,0,1,0,0,0,0,0,0,0,0,1,0,0,0,0,0,0,0,0,0,0,0,0,0
3.0,6.6,8.0,64.0,4.0,5000.0,1600.0,720.0,10,2020,9.711055051991444,2.6446280991735542,0,0,0,1,0,0,0,0,0,0,0,0,1,0,0,0,0,0,0,0,0,0,0,0,0,0
3.2,6.6,8.0,64.0,3.0,5000.0,1600.0,720.0,10,2020,9.546812608597396,2.6446280991735542,0,0,0,1,0,0,0,0,0,0,0,0,1,0,0,0,0,0,0,0,0,0,0,0,0,0
3.0,6.6,8.0,32.0,2.0,5000.0,1600.0,720.0,10,2020,9.510370887608827,2.6446280991735542,0,0,0,1,0,0,0,0,0,0,0,0,1,0,0,0,0,0,0,0,0,0,0,0,0,0
3.5,6.95,16.0,128.0,6.0,5000.0,1640.0,720.0,10,2020,9.952230096524119,2.4445939651156774,0,0,0,1,0,0,0,0,0,0,0,0,1,0,0,0,0,0,0,0,0,0,0,0,0,0
3.3,6.6,5.0,32.0,2.0,4000.0,1600.0,720.0,9,2019,9.259130536145614,2.6446280991735542,0,0,0,1,0,0,0,0,0,0,0,0,1,0,0,0,0,0,0,0,0,0,0,0,0,0
3.9,6.6,16.0,64.0,4.0,4000.0,1600.0,720.0,9,2019,9.602382459752207,2.6446280991735542,0,0,0,1,0,0,0,0,0,0,0,0,1,0,0,0,0,0,0,0,0,0,0,0,0,0
3.4,6.6,32.0,64.0,4.0,4000.0,1600.0,720.0,9,2019,9.698920386794853,2.6446280991735542,0,0,0,1,0,0,0,0,0,0,0,0,1,0,0,0,0,0,0,0,0,0,0,0,0,0
3.2,6.6,32.0,128.0,6.0,4000.0,1600.0,720.0,9,2019,9.878169744551839,2.6446280991735542,0,0,0,1,0,0,0,0,0,0,0,0,1,0,0,0,0,0,0,0,0,0,0,0,0,0
2.2,6.52,8.0,32.0,2.0,5000.0,1600.0,720.0,8,2019,9.305650551780507,2.7099251006812453,0,0,0,1,0,0,0,0,0,0,0,0,1,0,0,0,0,0,0,0,0,0,0,0,0,0
3.7,6.52,8.0,32.0,2.0,5000.0,1600.0,720.0,9,2019,9.392661928770137,2.7099251006812453,0,0,0,1,0,0,0,0,0,0,0,0,1,0,0,0,0,0,0,0,0,0,0,0,0,0
4.0,5.5,8.0,16.0,1.0,3050.0,1440.0,720.0,9,2019,9.071078304642676,3.4274380165289258,0,0,0,1,0,0,0,0,0,0,0,0,1,0,0,0,0,0,0,0,0,0,0,0,0,0
4.8,6.01,16.0,64.0,4.0,4000.0,2160.0,1080.0,9,2019,9.852194258148577,6.4584538802495,0,0,0,1,0,0,0,0,0,0,0,0,1,0,0,0,0,0,0,0,0,0,0,0,0,0
3.4,6.8,16.0,128.0,8.0,4300.0,2460.0,1080.0,10,2020,10.675907913990581,5.7456747404844295,0,0,0,1,0,0,0,0,0,0,0,0,0,1,0,0,0,0,0,0,0,0,0,0,0,0
5.0,6.53,16.0,64.0,4.0,4000.0,2340.0,1080.0,9,2020,9.740968623038354,5.926704173692394,0,0,0,1,0,0,0,0,0,0,0,0,0,1,0,0,0,0,0,0,0,0,0,0,0,0
4.0,6.26,16.0,32.0,3.0,4000.0,1520.0,720.0,9,2019,9.704975636343447,2.792720146168686,0,0,0,1,0,0,0,0,0,0,0,0,0,1,0,0,0,0,0,0,0,0,0,0,0,0
3.8,6.1,8.0,128.0,6.0,3500.0,3120.0,1440.0,9,2019,10.778935456339678,12.074173609244829,0,0,0,1,0,0,0,0,0,0,0,0,0,1,0,0,0,0,0,0,0,0,0,0,0,0
3.0,5.2,5.0,16.0,2.0,2700.0,1920.0,1080.0,6,2015,10.778935456339678,7.668639053254438,0,0,0,1,0,0,0,0,0,0,0,0,0,1,0,0,0,0,0,0,0,0,0,0,0,0
2.3,5.7,5.0,128.0,4.0,3300.0,2880.0,1440.0,7,2017,9.495444123413163,12.764542936288088,0,0,0,1,0,0,0,0,0,0,0,0,0,1,0,0,0,0,0,0,0,0,0,0,0,0
4.0,5.7,5.0,64.0,4.0,3300.0,2880.0,1440.0,7,2017,10.42225158360364,12.764542936288088,0,0,0,1,0,0,0,0,0,0,0,0,0,1,0,0,0,0,0,0,0,0,0,0,0,0
3.8,5.7,5.0,32.0,4.0,3300.0,2880.0,1440.0,7,2017,10.42225158360364,12.764542936288088,0,0,0,1,0,0,0,0,0,0,0,0,0,1,0,0,0,0,0,0,0,0,0,0,0,0
3.0,5.3,8.0,32.0,3.0,2800.0,2560.0,1440.0,6,2016,10.42225158360364,13.123531505873977,0,0,1,0,0,0,0,0,0,0,0,0,0,1,0,0,0,0,0,0,0,0,0,0,0,0
3.7,4.7,13.0,8.0,1.0,2440.0,960.0,540.0,4,2014,9.615805480084347,2.3467632412856494,0,0,1,0,0,0,0,0,0,0,0,0,0,1,0,0,0,0,0,0,0,0,0,0,0,0
4.6,6.0,5.0,128.0,4.0,3300.0,2880.0,1440.0,7,2017,11.396391648714276,11.52,0,0,0,1,0,0,0,0,0,0,0,0,0,1,0,0,0,0,0,0,0,0,0,0,0,0
4.7,5.7,5.0,64.0,4.0,3000.0,2560.0,1440.0,5,2015,10.4341158035983,11.346260387811634,0,0,1,0,0,0,0,0,0,0,0,0,0,1,0,0,0,0,0,0,0,0,0,0,0,0
4.0,5.7,5.0,32.0,4.0,3000.0,2560.0,1440.0,5,2015,10.373491181781864,11.346260387811634,0,0,1,0,0,0,0,0,0,0,0,0,0,1,0,0,0,0,0,0,0,0,0,0,0,0
3.6,5.5,8.0,32.0,4.0,3000.0,1280.0,720.0,8,2018,9.677778212399186,3.0466115702479337,0,0,1,0,0,0,0,0,0,0,0,0,0,0,0,0,0,0,0,0,0,1,0,0,0,0
4.3,5.2,13.0,32.0,3.0,3000.0,1280.0,720.0,7,2017,9.677778212399186,3.4082840236686387,0,0,1,0,0,0,0,0,0,0,0,0,0,0,0,0,0,0,0,0,0,1,0,0,0,0
4.0,5.5,5.0,16.0,2.0,3000.0,1280.0,720.0,8,2018,9.998797732340453,3.0466115702479337,0,0,1,0,0,0,0,0,0,0,0,0,0,0,0,0,0,0,0,0,0,1,0,0,0,0
3.8,5.5,8.0,32.0,3.0,3300.0,1920.0,1080.0,6,2016,9.998797732340453,6.8548760330578515,0,0,1,0,0,0,0,0,0,0,0,0,0,0,0,0,0,0,0,0,0,1,0,0,0,0
3.4,5.5,13.0,64.0,3.0,3600.0,1920.0,1080.0,7,2017,9.998797732340453,6.8548760330578515,0,0,1,0,0,0,0,0,0,0,0,0,0,0,0,0,0,0,0,0,0,1,0,0,0,0
3.7,6.2,8.0,64.0,6.0,3500.0,2960.0,1440.0,8,2018,10.878028324431728,11.088449531737771,0,0,1,0,0,0,0,0,0,0,0,0,0,0,0,0,0,0,0,0,0,1,0,0,0,0
3.6,5.8,8.0,64.0,4.0,3000.0,2960.0,1440.0,8,2018,10.203555107263542,12.670630202140309,0,0,1,0,0,0,0,0,0,0,0,0,0,0,0,0,0,0,0,0,0,1,0,0,0,0
2.2,5.0,5.0,16.0,15.0,2600.0,960.0,540.0,7,2016,10.19950974926291,2.0736,0,0,1,0,0,0,0,0,0,0,0,0,0,0,0,0,0,0,0,0,0,1,0,0,0,0
3.5,5.0,5.0,8.0,15.0,2600.0,960.0,540.0,6,2018,10.239924074233857,2.0736,0,0,1,0,0,0,0,0,0,0,0,0,0,0,0,0,0,0,0,0,0,1,0,0,0,0
3.7,5.7,16.0,32.0,3.0,3600.0,1920.0,1080.0,6,2017,10.203555107263542,6.382271468144044,0,0,1,0,0,0,0,0,0,0,0,0,0,0,0,0,0,0,0,0,0,1,0,0,0,0
4.2,4.7,8.0,16.0,2.0,2350.0,1280.0,720.0,6,2017,10.718852365820323,4.1720235400633765,0,0,1,0,0,0,0,0,0,0,0,0,0,0,0,0,0,0,0,0,0,1,0,0,0,0
3.9,6.0,16.0,32.0,4.0,3500.0,2220.0,1080.0,7,2018,10.718852365820323,6.66,0,0,1,0,0,0,0,0,0,0,0,0,0,0,0,0,0,0,0,0,0,1,0,0,0,0
4.4,5.6,16.0,32.0,4.0,3000.0,2220.0,1080.0,7,2018,9.350015354048665,7.645408163265308,0,0,1,0,0,0,0,0,0,0,0,0,0,0,0,0,0,0,0,0,0,1,0,0,0,0
3.0,5.0,5.0,16.0,2.0,2600.0,1280.0,720.0,5,2016,10.239924074233857,3.6864,0,0,1,0,0,0,0,0,0,0,0,0,0,0,0,0,0,0,0,0,0,1,0,0,0,0
3.0,5.5,13.0,16.0,3.0,3600.0,1920.0,1080.0,7,2017,10.373459931293572,6.8548760330578515,0,0,1,0,0,0,0,0,0,0,0,0,0,0,0,0,0,0,0,0,0,1,0,0,0,0
4.4,5.5,13.0,32.0,3.0,3600.0,1920.0,1080.0,7,2017,10.85897976660942,6.8548760330578515,0,0,1,0,0,0,0,0,0,0,0,0,0,0,0,0,0,0,0,0,0,1,0,0,0,0
4.0,5.8,10.0,256.0,8.0,3100.0,2280.0,1080.0,9,2019,11.015345067954259,7.31985731272295,0,0,1,0,0,0,0,0,0,0,0,0,0,0,0,0,0,0,0,0,0,1,0,0,0,0
3.5,5.8,10.0,128.0,6.0,3100.0,2280.0,1080.0,9,2019,10.789298458156308,7.31985731272295,0,0,1,0,0,0,0,0,0,0,0,0,0,0,0,0,0,0,0,0,0,1,0,0,0,0
3.8,6.1,10.0,128.0,8.0,3400.0,3040.0,1440.0,9,2019,10.941978217862857,11.764579414135987,0,0,1,0,0,0,0,0,0,0,0,0,0,0,0,0,0,0,0,0,0,1,0,0,0,0
4.1,6.3,8.0,32.0,3.0,5000.0,2340.0,1080.0,8,2019,9.74090979777877,6.36734693877551,0,0,0,1,0,0,0,0,0,0,0,0,0,0,0,0,0,0,0,0,0,1,0,0,0,0
3.2,6.22,5.0,16.0,2.0,3400.0,1520.0,720.0,8,2019,9.615805480084347,2.8287548722614533,0,0,1,0,0,0,0,0,0,0,0,0,0,0,0,0,0,0,0,0,0,1,0,0,0,0
4.0,6.3,24.0,128.0,6.0,3800.0,2220.0,1080.0,8,2018,10.275051108968611,6.040816326530613,0,0,1,0,0,0,0,0,0,0,0,0,0,0,0,0,0,0,0,0,0,1,0,0,0,0
4.5,5.8,8.0,128.0,4.0,3000.0,2960.0,1440.0,8,2018,9.5450252980233,12.670630202140309,0,0,1,0,0,0,0,0,0,0,0,0,0,0,0,0,0,0,0,0,0,1,0,0,0,0
4.0,6.0,16.0,32.0,3.0,3500.0,1480.0,720.0,8,2018,10.275016625615446,2.96,0,0,1,0,0,0,0,0,0,0,0,0,0,0,0,0,0,0,0,0,0,1,0,0,0,0
4.7,6.0,5.0,16.0,2.0,3300.0,1480.0,720.0,8,2018,9.74090979777877,2.96,0,0,1,0,0,0,0,0,0,0,0,0,0,0,0,0,0,0,0,0,0,1,0,0,0,0
3.3,6.0,24.0,64.0,4.0,3300.0,2220.0,1080.0,8,2018,9.74090979777877,6.66,0,0,1,0,0,0,0,0,0,0,0,0,0,0,0,0,0,0,0,0,0,1,0,0,0,0
4.7,6.09,8.0,32.0,3.0,3020.0,1560.0,720.0,9,2019,9.51044496442652,3.0284646557790778,0,0,0,1,0,0,0,0,0,0,0,1,0,0,0,0,0,0,0,0,0,0,0,0,0,0
3.4,6.26,32.0,128.0,8.0,3750.0,2340.0,1080.0,9,2019,10.419300717813158,6.4489787585869,0,0,0,1,0,0,0,0,0,0,0,1,0,0,0,0,0,0,0,0,0,0,0,0,0,0
3.4,6.59,16.0,128.0,6.0,4000.0,2340.0,1080.0,9,2019,10.146394514691288,5.819273696063148,0,0,0,1,0,0,0,0,0,0,0,1,0,0,0,0,0,0,0,0,0,0,0,0,0,0
3.4,6.15,24.0,128.0,6.0,3340.0,2312.0,1080.0,9,2019,10.106428396532818,6.60178465199286,0,0,0,1,0,0,0,0,0,0,0,1,0,0,0,0,0,0,0,0,0,0,0,0,0,0
3.0,6.52,32.0,128.0,8.0,4500.0,2400.0,1176.0,10,2019,9.723104116372433,6.639316496669052,0,0,0,1,0,0,0,0,0,0,0,1,0,0,0,0,0,0,0,0,0,0,0,0,0,0
5.0,6.52,32.0,256.0,8.0,4500.0,2400.0,1176.0,10,2019,11.170435156023453,6.639316496669052,0,0,0,1,0,0,0,0,0,0,0,1,0,0,0,0,0,0,0,0,0,0,0,0,0,0
3.8,6.62,24.0,128.0,8.0,4200.0,2340.0,1080.0,10,2019,9.74090979777877,5.766650541707359,0,0,0,1,0,0,0,0,0,0,0,1,0,0,0,0,0,0,0,0,0,0,0,0,0,0
4.0,6.62,24.0,128.0,6.0,4200.0,2340.0,1080.0,10,2019,9.305559638557117,5.766650541707359,0,0,0,1,0,0,0,0,0,0,0,1,0,0,0,0,0,0,0,0,0,0,0,0,0,0
2.5,6.59,16.0,256.0,8.0,4000.0,2340.0,1080.0,9,2019,10.087058328730514,5.819273696063148,0,0,0,1,0,0,0,0,0,0,0,1,0,0,0,0,0,0,0,0,0,0,0,0,0,0
4.5,6.59,16.0,128.0,8.0,4000.0,2340.0,1080.0,9,2019,10.106387579373278,5.819273696063148,0,0,0,1,0,0,0,0,0,0,0,1,0,0,0,0,0,0,0,0,0,0,0,0,0,0
5.0,6.59,16.0,128.0,6.0,4000.0,2340.0,1080.0,9,2019,9.668524424416576,5.819273696063148,0,0,0,1,0,0,0,0,0,0,0,1,0,0,0,0,0,0,0,0,0,0,0,0,0,0
2.5,6.59,16.0,64.0,4.0,4000.0,2340.0,1080.0,9,2019,10.4341158035983,5.819273696063148,0,0,0,1,0,0,0,0,0,0,0,1,0,0,0,0,0,0,0,0,0,0,0,0,0,0
3.4,6.4,24.0,128.0,8.0,4000.0,2310.0,1080.0,9,2019,9.66770192587285,6.090820312499998,0,0,0,1,0,0,0,0,0,0,0,1,0,0,0,0,0,0,0,0,0,0,0,0,0,0
4.0,6.26,24.0,64.0,4.0,3350.0,2280.0,1080.0,8,2018,9.975761701406148,6.283620328879544,0,0,0,1,0,0,0,0,0,0,0,0,0,0,0,0,0,0,0,0,0,0,0,0,0,1
4.6,6.39,20.0,128.0,6.0,4000.0,2340.0,1080.0,9,2019,10.621302955145095,6.189248165046618,0,0,0,1,0,0,0,0,0,0,0,0,0,0,0,0,0,0,0,0,0,0,0,0,0,1
4.0,5.99,5.0,64.0,4.0,4000.0,2160.0,1080.0,7,2018,10.126591103050316,6.5016541202505,0,0,0,1,0,0,0,0,0,0,0,0,0,0,0,0,0,0,0,0,0,0,0,0,0,1
4.0,6.39,20.0,64.0,6.0,4000.0,2340.0,1080.0,9,2019,10.46310334047155,6.189248165046618,0,0,0,1,0,0,0,0,0,0,0,0,0,0,0,0,0,0,0,0,0,0,0,0,0,1
3.0,6.3,13.0,64.0,4.0,4000.0,2340.0,1080.0,9,2019,9.878118461185586,6.36734693877551,0,0,0,1,0,0,0,0,0,0,0,0,0,0,0,0,0,0,0,0,0,0,0,0,0,1
4.2,6.3,13.0,64.0,4.0,4000.0,2340.0,1080.0,9,2019,10.002653924030627,6.36734693877551,0,0,0,1,0,0,0,0,0,0,0,0,0,0,0,0,0,0,0,0,0,0,0,0,0,1
4.5,6.18,20.0,128.0,6.0,4000.0,2246.0,1080.0,8,2018,10.46310334047155,6.3512112357432375,0,0,0,1,0,0,0,0,0,0,0,0,0,0,0,0,0,0,0,0,0,0,0,0,0,1
3.0,5.45,5.0,16.0,2.0,3000.0,1440.0,720.0,8,2018,9.305650551780507,3.4906152680750777,0,0,1,0,0,0,0,0,0,0,0,0,0,0,0,0,0,0,0,0,0,0,0,0,0,1
4.5,6.44,5.0,64.0,4.0,5300.0,1920.0,1080.0,7,2017,10.373491181781864,4.999807106207322,0,0,1,0,0,0,0,0,0,0,0,0,0,0,0,0,0,0,0,0,0,0,0,0,0,1
2.8,5.5,5.0,64.0,4.0,4100.0,1920.0,1080.0,6,2017,9.998797732340453,6.8548760330578515,0,0,1,0,0,0,0,0,0,0,0,0,0,0,0,0,0,0,0,0,0,0,0,0,0,1
3.0,5.5,5.0,32.0,3.0,4100.0,1920.0,1080.0,6,2017,9.903487552536127,6.8548760330578515,0,0,1,0,0,0,0,0,0,0,0,0,0,0,0,0,0,0,0,0,0,0,0,0,0,1
4.4,5.5,16.0,32.0,3.0,3080.0,1280.0,720.0,7,2017,9.798127036878302,3.0466115702479337,0,0,1,0,0,0,0,0,0,0,0,0,0,0,0,0,0,0,0,0,0,0,0,0,0,1
4.3,5.0,5.0,32.0,3.0,4100.0,1280.0,720.0,6,2017,9.740968623038354,3.6864,0,0,1,0,0,0,0,0,0,0,0,0,0,0,0,0,0,0,0,0,0,0,0,0,0,1
5.0,6.5,16.0,128.0,8.0,4300.0,2400.0,1080.0,10,2020,10.275016625615446,6.13491124260355,0,0,0,1,0,0,0,0,0,0,0,0,0,0,0,0,0,0,0,0,1,0,0,0,0,0
5.0,6.5,5.0,64.0,3.0,5000.0,1560.0,720.0,10,2020,9.581834960513193,2.6584615384615384,0,0,0,1,0,0,0,0,0,0,0,0,0,0,0,0,0,0,0,0,1,0,0,0,0,0
5.0,6.4,32.0,128.0,6.0,4500.0,2400.0,1080.0,10,2020,10.021270588192511,6.328124999999998,0,0,0,1,0,0,0,0,0,0,0,0,0,0,0,0,0,0,0,0,1,0,0,0,0,0
5.0,6.5,16.0,128.0,8.0,5000.0,2400.0,1080.0,10,2020,10.021270588192511,6.13491124260355,0,0,0,1,0,0,0,0,0,0,0,0,0,0,0,0,0,0,0,0,1,0,0,0,0,0
5.0,6.5,16.0,64.0,6.0,5000.0,2400.0,1080.0,10,2020,9.769956159911606,6.13491124260355,0,0,0,1,0,0,0,0,0,0,0,0,0,0,0,0,0,0,0,0,1,0,0,0,0,0
5.0,6.55,32.0,128.0,8.0,4500.0,2400.0,1080.0,10,2020,9.769956159911606,6.041605967018239,0,0,0,1,0,0,0,0,0,0,0,0,0,0,0,0,0,0,0,0,1,0,0,0,0,0
5.0,6.5,16.0,128.0,8.0,5000.0,2400.0,1080.0,10,2020,10.021270588192511,6.13491124260355,0,0,0,1,0,0,0,0,0,0,0,0,0,0,0,0,0,0,0,0,1,0,0,0,0,0
5.0,6.5,16.0,128.0,6.0,5000.0,2400.0,1080.0,10,2020,10.021270588192511,6.13491124260355,0,0,0,1,0,0,0,0,0,0,0,0,0,0,0,0,0,0,0,0,1,0,0,0,0,0
4.0,6.5,8.0,64.0,4.0,6000.0,1560.0,720.0,10,2020,9.769956159911606,2.6584615384615384,0,0,0,1,0,0,0,0,0,0,0,0,0,0,0,0,0,0,0,0,1,0,0,0,0,0
5.0,6.5,8.0,32.0,3.0,6000.0,1560.0,720.0,10,2020,9.769956159911606,2.6584615384615384,0,0,0,1,0,0,0,0,0,0,0,0,0,0,0,0,0,0,0,0,1,0,0,0,0,0
3.3,6.5,5.0,32.0,2.0,5000.0,1560.0,720.0,10,2020,9.259035293514941,2.6584615384615384,0,0,0,1,0,0,0,0,0,0,0,0,0,0,0,0,0,0,0,0,1,0,0,0,0,0
5.0,6.5,5.0,32.0,2.0,5000.0,1600.0,720.0,10,2020,9.457122321855792,2.7266272189349112,0,0,0,1,0,0,0,0,0,0,0,0,0,0,0,0,0,0,0,0,1,0,0,0,0,0
4.1,5.5,13.0,64.0,4.0,3000.0,1920.0,1080.0,6,2016,9.809176873064887,6.8548760330578515,0,0,1,0,0,0,0,0,0,1,0,0,0,0,0,0,0,0,0,0,0,0,0,0,0,0
4.5,5.7,16.0,128.0,4.0,3000.0,2560.0,1440.0,7,2017,10.085809109330082,11.346260387811634,0,0,1,0,0,0,0,0,0,1,0,0,0,0,0,0,0,0,0,0,0,0,0,0,0,0
3.8,5.7,16.0,64.0,4.0,3000.0,2560.0,1440.0,7,2017,10.021270588192511,11.346260387811634,0,0,1,0,0,0,0,0,0,1,0,0,0,0,0,0,0,0,0,0,0,0,0,0,0,0
2.5,5.2,8.0,64.0,4.0,3000.0,1920.0,1080.0,6,2016,9.928131383448887,7.668639053254438,0,0,1,0,0,0,0,0,0,0,0,1,0,0,0,0,0,0,0,0,0,0,0,0,0,0
3.1,5.2,8.0,32.0,3.0,3000.0,1920.0,1080.0,6,2016,9.928131383448887,7.668639053254438,0,0,1,0,0,0,0,0,0,0,0,1,0,0,0,0,0,0,0,0,0,0,0,0,0,0
3.7,5.0,5.0,16.0,2.0,4000.0,1280.0,720.0,5,2015,10.292145542327912,3.6864,0,0,0,1,0,0,0,0,0,0,0,1,0,0,0,0,0,0,0,0,0,0,0,0,0,0
3.0,5.5,8.0,16.0,2.0,3000.0,1280.0,720.0,6,2016,9.392578591964389,3.0466115702479337,0,0,1,0,0,0,0,0,0,0,0,1,0,0,0,0,0,0,0,0,0,0,0,0,0,0
3.5,4.5,2.0,8.0,1.0,2100.0,854.0,480.0,5,2016,8.922658299524402,2.0242962962962965,0,0,0,1,0,0,0,0,0,0,0,1,0,0,0,0,0,0,0,0,0,0,0,0,0,0
4.3,7.2,24.0,128.0,6.0,5000.0,2244.0,1080.0,9,2018,9.786897554926753,4.675,0,0,0,1,0,0,0,0,0,0,0,1,0,0,0,0,0,0,0,0,0,0,0,0,0,0
4.1,6.39,24.0,128.0,6.0,4200.0,3120.0,1440.0,9,2018,9.341280911236778,11.003107848971766,0,0,0,1,0,0,0,0,0,0,0,1,0,0,0,0,0,0,0,0,0,0,0,0,0,0
4.5,6.53,24.0,128.0,4.0,4000.0,2244.0,1080.0,9,2018,10.819778284410283,5.683557335797321,0,0,0,1,0,0,0,0,0,0,0,1,0,0,0,0,0,0,0,0,0,0,0,0,0,0
3.2,5.99,8.0,32.0,3.0,3000.0,1440.0,720.0,8,2018,9.433483923290392,2.889624053444667,0,0,0,1,0,0,0,0,0,0,0,1,0,0,0,0,0,0,0,0,0,0,0,0,0,0
3.8,5.7,5.0,16.0,2.0,3000.0,1440.0,720.0,8,2018,9.41727323724241,3.191135734072022,0,0,1,0,0,0,0,0,0,0,0,1,0,0,0,0,0,0,0,0,0,0,0,0,0,0
3.4,5.65,8.0,32.0,3.0,3000.0,2160.0,1080.0,8,2017,9.711115659888671,7.307698331897563,0,0,0,1,0,0,0,0,0,0,0,1,0,0,0,0,0,0,0,0,0,0,0,0,0,0
4.0,5.0,2.0,8.0,1.0,2280.0,854.0,480.0,8,2017,9.210340371976184,1.63968,0,0,1,0,0,0,0,0,0,0,0,1,0,0,0,0,0,0,0,0,0,0,0,0,0,0
2.8,5.45,5.0,16.0,2.0,3020.0,1440.0,720.0,8,2018,9.210340371976184,3.4906152680750777,0,0,1,0,0,0,0,0,0,0,0,1,0,0,0,0,0,0,0,0,0,0,0,0,0,0
4.1,5.45,5.0,16.0,2.0,3020.0,1440.0,720.0,8,2018,9.704975636343447,3.4906152680750777,0,0,1,0,0,0,0,0,0,0,0,1,0,0,0,0,0,0,0,0,0,0,0,0,0,0
4.8,5.99,8.0,32.0,3.0,3000.0,1440.0,720.0,8,2018,9.261983605128021,2.889624053444667,0,0,1,0,0,0,0,0,0,0,0,1,0,0,0,0,0,0,0,0,0,0,0,0,0,0
3.5,5.99,8.0,32.0,3.0,3000.0,1440.0,720.0,8,2018,9.680344001221918,2.889624053444667,0,0,1,0,0,0,0,0,0,0,0,1,0,0,0,0,0,0,0,0,0,0,0,0,0,0
4.9,6.0,24.0,256.0,6.0,4000.0,2880.0,1440.0,8,2018,10.052596975123969,11.52,0,0,0,1,0,0,0,0,0,0,0,1,0,0,0,0,0,0,0,0,0,0,0,0,0,0
4.2,6.1,24.0,128.0,6.0,4000.0,2244.0,1080.0,8,2018,10.950806546816688,6.513087879602259,0,0,0,1,0,0,0,0,0,0,0,1,0,0,0,0,0,0,0,0,0,0,0,0,0,0
4.2,5.8,24.0,128.0,4.0,3400.0,2244.0,1080.0,8,2018,9.21024036697585,7.204280618311533,0,0,0,1,0,0,0,0,0,0,0,1,0,0,0,0,0,0,0,0,0,0,0,0,0,0
3.8,5.84,16.0,64.0,4.0,3000.0,2280.0,1080.0,8,2018,9.711115659888671,7.219928692062301,0,0,0,1,0,0,0,0,0,0,0,1,0,0,0,0,0,0,0,0,0,0,0,0,0,0
3.0,5.15,8.0,128.0,6.0,3200.0,1920.0,1080.0,7,2017,10.239959789157341,7.8182675087190106,0,0,0,1,0,0,0,0,0,0,0,1,0,0,0,0,0,0,0,0,0,0,0,0,0,0
3.9,5.65,13.0,32.0,3.0,3000.0,2160.0,1080.0,8,2017,9.093806555720231,7.307698331897563,0,0,0,1,0,0,0,0,0,0,0,1,0,0,0,0,0,0,0,0,0,0,0,0,0,0
4.2,6.0,8.0,128.0,6.0,4000.0,2160.0,1080.0,8,2017,10.325481962595504,6.48,0,0,0,1,0,0,0,0,0,0,0,1,0,0,0,0,0,0,0,0,0,0,0,0,0,0
4.3,5.15,8.0,64.0,4.0,3200.0,1920.0,1080.0,7,2017,9.878169744551839,7.8182675087190106,0,0,0,1,0,0,0,0,0,0,0,1,0,0,0,0,0,0,0,0,0,0,0,0,0,0
3.0,5.5,20.0,64.0,4.0,3340.0,1920.0,1080.0,7,2017,9.615138591096644,6.8548760330578515,0,0,0,1,0,0,0,0,0,0,0,1,0,0,0,0,0,0,0,0,0,0,0,0,0,0
3.0,5.5,5.0,64.0,4.0,2600.0,2560.0,1440.0,6,2016,10.291806501809322,12.186446280991735,0,0,1,0,0,0,0,0,0,0,0,0,0,0,0,0,1,0,0,0,0,0,0,0,0,0
4.0,5.5,5.0,32.0,3.0,5000.0,1280.0,720.0,7,2017,9.893437216682626,3.0466115702479337,0,0,1,0,0,0,0,0,0,0,0,0,0,0,0,0,1,0,0,0,0,0,0,0,0,0
3.0,5.5,5.0,16.0,2.0,3000.0,1920.0,1080.0,6,2016,9.998752276761909,6.8548760330578515,0,0,1,0,0,0,0,0,0,0,0,0,0,0,0,0,1,0,0,0,0,0,0,0,0,0
3.0,5.2,16.0,32.0,3.0,3000.0,1920.0,1080.0,7,2017,9.735068900911164,7.668639053254438,0,0,1,0,0,0,0,0,0,0,0,0,0,0,0,0,1,0,0,0,0,0,0,0,0,0
2.0,5.0,2.0,16.0,2.0,4000.0,1280.0,720.0,7,2017,11.198201021406565,3.6864,0,0,0,1,0,0,0,0,0,0,0,0,0,0,0,0,1,0,0,0,0,0,0,0,0,0
3.0,5.0,2.0,16.0,1.0,4000.0,1280.0,720.0,7,2017,10.545315122572783,3.6864,0,0,0,1,0,0,0,0,0,0,0,0,0,0,0,0,1,0,0,0,0,0,0,0,0,0
2.0,5.0,2.0,8.0,1.0,2350.0,854.0,480.0,7,2017,10.505040141934996,1.63968,0,0,0,1,0,0,0,0,0,0,0,0,0,0,0,0,1,0,0,0,0,0,0,0,0,0
2.3,6.3,8.0,128.0,6.0,3700.0,3040.0,1440.0,10,2019,11.580584113444043,11.029478458049887,0,0,0,1,0,0,0,0,1,0,0,0,0,0,0,0,0,0,0,0,0,0,0,0,0,0
5.0,6.3,8.0,64.0,6.0,3700.0,3040.0,1440.0,10,2019,11.661336849361689,11.029478458049887,0,0,0,1,0,0,0,0,1,0,0,0,0,0,0,0,0,0,0,0,0,0,0,0,0,0
3.7,5.7,8.0,128.0,6.0,2800.0,2280.0,1080.0,10,2019,11.58987724680423,7.578947368421052,0,0,0,1,0,0,0,0,1,0,0,0,0,0,0,0,0,0,0,0,0,0,0,0,0,0
5.0,5.7,8.0,64.0,6.0,2800.0,2280.0,1080.0,10,2019,11.561706105284784,7.578947368421052,0,0,0,1,0,0,0,0,1,0,0,0,0,0,0,0,0,0,0,0,0,0,0,0,0,0
5.0,5.6,8.0,64.0,4.0,3000.0,2220.0,1080.0,9,2019,9.560926818574357,7.645408163265308,0,0,0,1,0,0,0,0,1,0,0,0,0,0,0,0,0,0,0,0,0,0,0,0,0,0
4.8,6.0,8.0,128.0,4.0,3520.0,2880.0,1440.0,8,2017,10.106224294072675,11.52,0,0,1,0,0,0,0,0,1,0,0,0,0,0,0,0,0,0,0,0,0,0,0,0,0,0
4.4,6.0,8.0,64.0,4.0,3520.0,2880.0,1440.0,8,2017,9.595602772766828,11.52,0,0,1,0,0,0,0,0,1,0,0,0,0,0,0,0,0,0,0,0,0,0,0,0,0,0
4.0,5.5,8.0,128.0,4.0,3450.0,2560.0,1440.0,7,2016,10.4341158035983,12.186446280991735,0,0,1,0,0,0,0,0,1,0,0,0,0,0,0,0,0,0,0,0,0,0,0,0,0,0
4.7,5.5,8.0,32.0,4.0,3450.0,2560.0,1440.0,7,2016,9.560926818574357,12.186446280991735,0,0,1,0,0,0,0,0,1,0,0,0,0,0,0,0,0,0,0,0,0,0,0,0,0,0
4.0,5.0,8.0,128.0,4.0,2770.0,1920.0,1080.0,7,2016,9.798071479779479,8.2944,0,0,1,0,0,0,0,0,1,0,0,0,0,0,0,0,0,0,0,0,0,0,0,0,0,0
4.3,5.0,8.0,32.0,4.0,2770.0,1920.0,1080.0,7,2016,11.082142548877775,8.2944,0,0,1,0,0,0,0,0,1,0,0,0,0,0,0,0,0,0,0,0,0,0,0,0,0,0
4.0,6.67,20.0,64.0,6.0,5160.0,2400.0,1080.0,10,2020,9.047821442478408,5.826172371085821,0,0,0,1,0,0,0,0,0,0,0,0,0,0,0,0,0,0,0,0,0,0,0,0,0,1
4.4,6.67,20.0,256.0,8.0,4500.0,2340.0,1080.0,10,2020,10.714417768752456,5.680518061808676,0,0,1,0,0,0,0,0,0,0,0,0,0,0,0,0,0,0,0,0,0,0,0,0,0,1
5.0,6.67,20.0,128.0,8.0,4500.0,2340.0,1080.0,10,2020,10.545341438708522,5.680518061808676,0,0,1,0,0,0,0,0,0,0,0,0,0,0,0,0,0,0,0,0,0,0,0,0,0,1
5.0,6.53,8.0,128.0,4.0,5020.0,2340.0,1080.0,10,2020,9.350102314351341,5.926704173692394,0,0,0,1,0,0,0,0,0,0,0,0,0,0,0,0,0,0,0,0,0,0,0,0,0,1
4.0,6.53,8.0,64.0,4.0,5020.0,2340.0,1080.0,10,2020,9.350102314351341,5.926704173692394,0,0,0,1,0,0,0,0,0,0,0,0,0,0,0,0,0,0,0,0,0,0,0,0,0,1
5.0,6.53,5.0,64.0,3.0,5000.0,1600.0,720.0,10,2020,10.254144424149297,2.701631532167473,0,0,0,1,0,0,0,0,0,0,0,0,0,0,0,0,0,0,0,0,0,0,0,0,0,1
5.0,6.53,5.0,32.0,2.0,5000.0,1600.0,720.0,10,2020,9.126850061477157,2.701631532167473,0,0,0,1,0,0,0,0,0,0,0,0,0,0,0,0,0,0,0,0,0,0,0,0,0,1
2.5,6.53,5.0,32.0,2.0,5000.0,1600.0,720.0,10,2020,9.305559638557117,2.701631532167473,0,0,0,1,0,0,0,0,0,0,0,0,0,0,0,0,0,0,0,0,0,0,0,0,0,1
5.0,6.67,16.0,64.0,6.0,5000.0,2400.0,1080.0,10,2020,9.91338837721339,5.826172371085821,0,0,0,1,0,0,0,0,0,0,0,0,0,0,0,0,0,0,0,0,0,0,0,0,0,1
4.0,6.67,16.0,64.0,4.0,5000.0,2400.0,1080.0,10,2020,9.392578591964389,5.826172371085821,0,0,0,1,0,0,0,0,0,0,0,0,0,0,0,0,0,0,0,0,0,0,0,0,0,1
3.7,6.67,32.0,128.0,6.0,5020.0,2400.0,1080.0,10,2020,9.581834960513193,5.826172371085821,0,0,0,1,0,0,0,0,0,0,0,0,0,0,0,0,0,0,0,0,0,0,0,0,0,1
5.0,6.67,32.0,64.0,6.0,5020.0,2400.0,1080.0,10,2020,9.581834960513193,5.826172371085821,0,0,0,1,0,0,0,0,0,0,0,0,0,0,0,0,0,0,0,0,0,0,0,0,0,1
5.0,6.57,16.0,128.0,6.0,4520.0,2400.0,1080.0,10,2020,9.58870831219998,6.004878964158379,0,0,0,1,0,0,0,0,0,0,0,0,0,0,0,0,0,0,0,0,0,0,0,0,0,1
5.0,6.57,16.0,64.0,6.0,4520.0,2400.0,1080.0,10,2020,9.405002140854743,6.004878964158379,0,0,0,1,0,0,0,0,0,0,0,0,0,0,0,0,0,0,0,0,0,0,0,0,0,1
5.0,6.53,13.0,128.0,6.0,5020.0,2340.0,1080.0,10,2020,9.392578591964389,5.926704173692394,0,0,0,1,0,0,0,0,0,0,0,0,0,0,0,0,0,0,0,0,0,0,0,0,0,1
5.0,6.53,13.0,128.0,4.0,5020.0,2340.0,1080.0,10,2020,10.130583283688766,5.926704173692394,0,0,0,1,0,0,0,0,0,0,0,0,0,0,0,0,0,0,0,0,0,0,0,0,0,1
3.9,6.67,16.0,128.0,6.0,5020.0,2400.0,1080.0,10,2020,10.239959789157341,5.826172371085821,0,0,0,1,0,0,0,0,0,0,0,0,0,0,0,0,0,0,0,0,0,0,0,0,0,1
3.3,6.67,16.0,64.0,6.0,5020.0,2400.0,1080.0,10,2020,10.239959789157341,5.826172371085821,0,0,0,1,0,0,0,0,0,0,0,0,0,0,0,0,0,0,0,0,0,0,0,0,0,1
5.0,6.53,8.0,64.0,4.0,5020.0,2340.0,1080.0,10,2020,8.942330199321866,5.926704173692394,0,0,0,1,0,0,0,0,0,0,0,0,0,0,0,0,0,0,0,0,0,0,0,0,0,1
3.3,6.53,8.0,32.0,3.0,5020.0,2340.0,1080.0,10,2020,9.350102314351341,5.926704173692394,0,0,0,1,0,0,0,0,0,0,0,0,0,0,0,0,0,0,0,0,0,0,0,0,0,1
5.0,6.67,20.0,256.0,8.0,4700.0,2400.0,1080.0,10,2020,9.296242800976886,5.826172371085821,0,0,0,1,0,0,0,0,0,0,0,0,0,0,0,0,0,0,0,0,0,0,0,0,0,1
5.0,6.67,20.0,128.0,6.0,4700.0,2400.0,1080.0,10,2020,9.546741177474825,5.826172371085821,0,0,0,1,0,0,0,0,0,0,0,0,0,0,0,0,0,0,0,0,0,0,0,0,0,1
3.8,6.53,13.0,128.0,4.0,5020.0,2340.0,1080.0,10,2020,9.918326902732767,5.926704173692394,0,0,0,1,0,0,0,0,0,0,0,0,0,0,0,0,0,0,0,0,0,0,0,0,0,1
4.5,6.53,13.0,64.0,3.0,5020.0,2340.0,1080.0,10,2020,9.740321354781914,5.926704173692394,0,0,0,1,0,0,0,0,0,0,0,0,0,0,0,0,0,0,0,0,0,0,0,0,0,1
4.3,6.67,16.0,128.0,6.0,5020.0,2400.0,1080.0,10,2020,10.106428396532818,5.826172371085821,0,0,0,1,0,0,0,0,0,0,0,0,0,0,0,0,0,0,0,0,0,0,0,0,0,1
4.5,6.67,16.0,64.0,4.0,5020.0,2400.0,1080.0,10,2020,10.00784756786037,5.826172371085821,0,0,0,1,0,0,0,0,0,0,0,0,0,0,0,0,0,0,0,0,0,0,0,0,0,1
5.0,6.57,16.0,256.0,8.0,4160.0,2400.0,1080.0,10,2020,9.081938657171658,6.004878964158379,0,0,0,1,0,0,0,0,0,0,0,0,0,0,0,0,0,0,0,0,0,0,0,0,0,1
3.0,6.57,16.0,128.0,8.0,4160.0,2400.0,1080.0,10,2020,9.631088103615504,6.004878964158379,0,0,0,1,0,0,0,0,0,0,0,0,0,0,0,0,0,0,0,0,0,0,0,0,0,1
3.2,6.2,8.0,32.0,2.0,3500.0,1520.0,720.0,9,2019,9.392578591964389,2.8470343392299684,0,0,0,1,0,0,0,0,0,0,0,0,1,0,0,0,0,0,0,0,0,0,0,0,0,0
3.2,6.2,32.0,64.0,6.0,4000.0,1520.0,720.0,9,2019,9.852194258148577,2.8470343392299684,0,0,1,0,0,0,0,0,0,0,0,0,1,0,0,0,0,0,0,0,0,0,0,0,0,0
4.3,6.2,32.0,32.0,3.0,4000.0,1520.0,720.0,9,2019,9.51044496442652,2.8470343392299684,0,0,1,0,0,0,0,0,0,0,0,0,1,0,0,0,0,0,0,0,0,0,0,0,0,0
3.9,6.2,8.0,32.0,2.0,4000.0,1500.0,720.0,8,2019,9.350102314351341,2.8095733610822053,0,0,0,1,0,0,0,0,0,0,0,0,1,0,0,0,0,0,0,0,0,0,0,0,0,0
3.9,6.18,20.0,128.0,6.0,3570.0,2160.0,1080.0,8,2019,10.341710224882465,6.1080214911867285,0,0,1,0,0,0,0,0,0,0,0,0,1,0,0,0,0,0,0,0,0,0,0,0,0,0
4.7,6.18,20.0,64.0,6.0,3570.0,2160.0,1080.0,8,2019,8.648045999835,6.1080214911867285,0,0,1,0,0,0,0,0,0,0,0,0,1,0,0,0,0,0,0,0,0,0,0,0,0,0
3.3,6.0,8.0,16.0,2.0,4000.0,1440.0,720.0,8,2018,10.140178916395607,2.88,0,0,0,1,0,0,0,0,0,0,0,0,1,0,0,0,0,0,0,0,0,0,0,0,0,0
3.5,5.5,8.0,16.0,2.0,3050.0,1440.0,720.0,8,2018,9.230142999272362,3.4274380165289258,0,0,1,0,0,0,0,0,0,0,0,0,1,0,0,0,0,0,0,0,0,0,0,0,0,0
4.7,6.0,16.0,32.0,4.0,4000.0,2160.0,1080.0,8,2018,9.615805480084347,6.48,0,0,0,1,0,0,0,0,0,0,0,0,1,0,0,0,0,0,0,0,0,0,0,0,0,0
3.0,6.2,8.0,32.0,3.0,4000.0,1500.0,720.0,8,2018,9.615805480084347,2.8095733610822053,0,0,1,0,0,0,0,0,0,0,0,0,1,0,0,0,0,0,0,0,0,0,0,0,0,0
3.3,6.2,8.0,16.0,2.0,4000.0,1500.0,720.0,8,2018,9.51044496442652,2.8095733610822053,0,0,1,0,0,0,0,0,0,0,0,0,1,0,0,0,0,0,0,0,0,0,0,0,0,0
3.3,6.2,16.0,32.0,3.0,4000.0,1500.0,720.0,8,2018,9.786953736280177,2.8095733610822053,0,0,1,0,0,0,0,0,0,0,0,0,1,0,0,0,0,0,0,0,0,0,0,0,0,0
3.2,5.5,8.0,16.0,2.0,3050.0,1440.0,720.0,8,2019,9.169518377455928,3.4274380165289258,0,0,1,0,0,0,0,0,0,0,0,0,1,0,0,0,0,0,0,0,0,0,0,0,0,0
4.6,6.0,5.0,16.0,2.0,4000.0,1440.0,720.0,8,2018,9.532423871145296,2.88,0,0,1,0,0,0,0,0,0,0,0,0,1,0,0,0,0,0,0,0,0,0,0,0,0,0
3.9,6.0,5.0,32.0,3.0,4000.0,1440.0,720.0,8,2018,9.21512888870798,2.88,0,0,1,0,0,0,0,0,0,0,0,0,1,0,0,0,0,0,0,0,0,0,0,0,0,0
4.5,5.65,20.0,32.0,3.0,4000.0,1440.0,720.0,8,2018,9.615805480084347,3.247865925287806,0,0,1,0,0,0,0,0,0,0,0,0,1,0,0,0,0,0,0,0,0,0,0,0,0,0
4.3,5.98,16.0,64.0,6.0,4350.0,1920.0,1080.0,7,2018,8.867850063029406,5.798592856903166,0,0,1,0,0,0,0,0,0,0,0,0,1,0,0,0,0,0,0,0,0,0,0,0,0,0
3.7,5.5,5.0,16.0,3.0,3030.0,1920.0,1080.0,5,2016,9.902987427494446,6.8548760330578515,0,0,1,0,0,0,0,0,0,0,0,0,1,0,0,0,0,0,0,0,0,0,0,0,0,0
4.3,5.0,2.0,16.0,1.0,3060.0,1280.0,720.0,7,2017,9.093806555720231,3.6864,0,0,1,0,0,0,0,0,0,0,0,0,1,0,0,0,0,0,0,0,0,0,0,0,0,0
3.5,6.0,13.0,64.0,4.0,4000.0,1920.0,1080.0,6,2017,9.655026193237628,5.76,0,0,0,1,0,0,0,0,0,0,0,0,1,0,0,0,0,0,0,0,0,0,0,0,0,0
3.1,5.5,8.0,32.0,3.0,3200.0,1920.0,1080.0,6,2017,9.21024036697585,6.8548760330578515,0,0,1,0,0,0,0,0,0,0,0,0,1,0,0,0,0,0,0,0,0,0,0,0,0,0
3.8,5.2,5.0,16.0,2.0,3100.0,1280.0,720.0,6,2016,9.51044496442652,3.4082840236686387,0,0,1,0,0,0,0,0,0,0,0,0,0,0,0,0,0,0,0,0,0,1,0,0,0,0
3.4,5.0,5.0,16.0,2.0,2400.0,1280.0,720.0,6,2016,9.655026193237628,3.6864,0,0,1,0,0,0,0,0,0,0,0,0,0,0,0,0,0,0,0,0,0,1,0,0,0,0
3.6,5.1,5.0,32.0,4.0,3000.0,2560.0,1440.0,6,2016,9.2093398716426,14.173010380622838,0,0,1,0,0,0,0,0,0,0,0,0,0,0,0,0,0,0,0,0,0,1,0,0,0,0
2.8,5.0,5.0,8.0,15.0,2600.0,1280.0,720.0,5,2016,9.268514936027255,3.6864,0,0,1,0,0,0,0,0,0,0,0,0,0,0,0,0,0,0,0,0,0,1,0,0,0,0
2.6,5.0,5.0,8.0,1.0,2600.0,960.0,540.0,4,2014,9.268514936027255,2.0736,0,0,1,0,0,0,0,0,0,0,0,0,0,0,0,0,0,0,0,0,0,1,0,0,0,0
3.7,5.5,5.0,32.0,4.0,3600.0,2560.0,1440.0,6,2016,9.433403920090221,12.186446280991735,0,0,1,0,0,0,0,0,0,0,0,0,0,0,0,0,0,0,0,0,0,1,0,0,0,0
2.6,5.7,5.0,64.0,4.0,3000.0,2560.0,1440.0,5,2015,9.729074639810214,11.346260387811634,0,0,1,0,0,0,0,0,0,0,0,0,0,0,0,0,0,0,0,0,0,1,0,0,0,0
3.7,5.7,5.0,32.0,4.0,3000.0,2560.0,1440.0,5,2015,9.433403920090221,11.346260387811634,0,0,1,0,0,0,0,0,0,0,0,0,0,0,0,0,0,0,0,0,0,1,0,0,0,0
3.3,5.7,5.0,128.0,4.0,3000.0,2560.0,1440.0,5,2015,9.433403920090221,11.346260387811634,0,0,0,1,0,0,0,0,0,0,0,0,0,0,0,0,0,0,0,0,0,1,0,0,0,0
3.8,5.7,5.0,64.0,4.0,3000.0,2560.0,1440.0,5,2015,10.621302955145095,11.346260387811634,0,0,0,1,0,0,0,0,0,0,0,0,0,0,0,0,0,0,0,0,0,1,0,0,0,0
3.5,5.7,5.0,32.0,4.0,3000.0,2560.0,1440.0,5,2015,10.621302955145095,11.346260387811634,0,0,0,1,0,0,0,0,0,0,0,0,0,0,0,0,0,0,0,0,0,1,0,0,0,0
4.3,6.3,8.0,256.0,6.0,3300.0,2960.0,1440.0,7,2017,10.179223553969509,10.739229024943311,0,0,1,0,0,0,0,0,0,0,0,0,0,0,0,0,0,0,0,0,0,1,0,0,0,0
3.8,6.2,8.0,128.0,6.0,3500.0,2960.0,1440.0,7,2017,10.285376924115587,11.088449531737771,0,0,1,0,0,0,0,0,0,0,0,0,0,0,0,0,0,0,0,0,0,1,0,0,0,0
3.0,6.39,32.0,128.0,8.0,3500.0,2340.0,1080.0,9,2019,10.638016570874843,6.189248165046618,0,0,0,1,0,0,0,0,0,0,0,1,0,0,0,0,0,0,0,0,0,0,0,0,0,0
5.0,6.39,32.0,128.0,8.0,3500.0,2340.0,1080.0,9,2019,10.5184028848265,6.189248165046618,0,0,0,1,0,0,0,0,0,0,0,1,0,0,0,0,0,0,0,0,0,0,0,0,0,0
4.0,6.59,16.0,128.0,4.0,4000.0,2340.0,1080.0,9,2019,9.952230096524119,5.819273696063148,0,0,0,1,0,0,0,0,0,0,0,1,0,0,0,0,0,0,0,0,0,0,0,0,0,0
4.0,6.59,16.0,64.0,4.0,4000.0,2340.0,1080.0,9,2019,9.85214162518454,5.819273696063148,0,0,0,1,0,0,0,0,0,0,0,1,0,0,0,0,0,0,0,0,0,0,0,0,0,0
5.0,6.4,16.0,128.0,4.0,4000.0,2310.0,1080.0,9,2019,9.945061264446057,6.090820312499998,0,0,0,1,0,0,0,0,0,0,0,1,0,0,0,0,0,0,0,0,0,0,0,0,0,0
4.2,6.4,16.0,64.0,4.0,4000.0,2310.0,1080.0,9,2019,9.548953173096507,6.090820312499998,0,0,0,1,0,0,0,0,0,0,0,1,0,0,0,0,0,0,0,0,0,0,0,0,0,0
4.2,6.26,32.0,256.0,8.0,4000.0,2340.0,1080.0,9,2019,10.8187777840767,6.4489787585869,0,0,0,1,0,0,0,0,0,0,0,1,0,0,0,0,0,0,0,0,0,0,0,0,0,0
2.9,5.71,5.0,16.0,2.0,3020.0,1520.0,720.0,9,2019,9.305559638557117,3.3566330614861317,0,0,1,0,0,0,0,0,0,0,0,1,0,0,0,0,0,0,0,0,0,0,0,0,0,0
5.0,6.21,32.0,128.0,4.0,3400.0,2340.0,1080.0,9,2019,10.338479099902614,6.553245116572149,0,0,0,1,0,0,0,0,0,0,0,1,0,0,0,0,0,0,0,0,0,0,0,0,0,0
3.8,6.26,16.0,64.0,4.0,4000.0,1520.0,720.0,8,2019,9.615805480084347,2.792720146168686,0,0,1,0,0,0,0,0,0,0,0,1,0,0,0,0,0,0,0,0,0,0,0,0,0,0
3.8,6.15,32.0,128.0,4.0,3340.0,2312.0,1080.0,9,2019,10.106428396532818,6.60178465199286,0,0,0,1,0,0,0,0,0,0,0,1,0,0,0,0,0,0,0,0,0,0,0,0,0,0
3.2,6.1,32.0,128.0,6.0,3650.0,2340.0,1080.0,9,2019,10.959540226785442,6.791722655200216,0,0,0,1,0,0,0,0,0,0,0,1,0,0,0,0,0,0,0,0,0,0,0,0,0,0
3.7,6.09,8.0,32.0,2.0,3020.0,1560.0,720.0,9,2019,9.433403920090221,3.0284646557790778,0,0,1,0,0,0,0,0,0,0,0,1,0,0,0,0,0,0,0,0,0,0,0,0,0,0
5.0,6.4,25.0,256.0,8.0,4000.0,2310.0,1080.0,9,2018,10.373459931293572,6.090820312499998,0,0,0,1,0,0,0,0,0,0,0,1,0,0,0,0,0,0,0,0,0,0,0,0,0,0
4.1,6.09,8.0,32.0,3.0,3020.0,1560.0,720.0,9,2019,10.341710224882465,3.0284646557790778,0,0,1,0,0,0,0,0,0,0,0,1,0,0,0,0,0,0,0,0,0,0,0,0,0,0
3.4,6.26,16.0,32.0,3.0,4000.0,1520.0,720.0,8,2019,9.6614159913364,2.792720146168686,0,0,1,0,0,0,0,0,0,0,0,1,0,0,0,0,0,0,0,0,0,0,0,0,0,0
2.0,5.45,5.0,16.0,1.0,3020.0,1440.0,720.0,8,2018,9.071078304642676,3.4906152680750777,0,0,1,0,0,0,0,0,0,0,0,1,0,0,0,0,0,0,0,0,0,0,0,0,0,0
4.7,6.21,8.0,64.0,3.0,3400.0,2340.0,1080.0,9,2019,10.043206015705211,6.553245116572149,0,0,1,0,0,0,0,0,0,0,0,1,0,0,0,0,0,0,0,0,0,0,0,0,0,0
4.0,7.0,8.0,32.0,3.0,6000.0,1640.0,720.0,10,2020,9.61573881119536,2.409795918367347,0,0,0,1,0,0,0,0,0,0,0,0,0,0,0,0,0,0,0,0,0,0,0,1,0,0
4.5,7.0,8.0,32.0,2.0,6000.0,1640.0,720.0,10,2020,9.179778066393542,2.409795918367347,0,0,0,1,0,0,0,0,0,0,0,0,0,0,0,0,0,0,0,0,0,0,0,1,0,0
3.2,6.0,8.0,32.0,2.0,5000.0,960.0,480.0,10,2020,9.158941808890182,1.28,0,0,0,1,0,0,0,0,0,0,0,0,0,0,0,0,0,0,0,0,0,0,0,1,0,0
5.0,7.0,16.0,128.0,6.0,6000.0,1640.0,720.0,10,2020,9.878169744551839,2.409795918367347,0,0,0,1,0,0,0,0,0,0,0,0,0,0,0,0,0,0,0,0,0,0,0,1,0,0
4.0,7.0,16.0,32.0,3.0,6000.0,1640.0,720.0,10,2020,9.595534743241988,2.409795918367347,0,0,0,1,0,0,0,0,0,0,0,0,0,0,0,0,0,0,0,0,0,0,0,1,0,0
2.7,6.6,8.0,64.0,3.0,5000.0,1600.0,720.0,10,2020,9.602314889901848,2.6446280991735542,0,0,0,1,0,0,0,0,0,0,0,0,0,0,0,0,0,0,0,0,0,0,0,1,0,0
2.3,7.0,8.0,32.0,2.0,5000.0,1640.0,720.0,10,2020,9.433403920090221,2.409795918367347,0,0,0,1,0,0,0,0,0,0,0,0,0,0,0,0,0,0,0,0,0,0,0,1,0,0
4.4,6.6,8.0,32.0,2.0,5000.0,1600.0,720.0,10,2020,9.47262771040802,2.6446280991735542,0,0,0,1,0,0,0,0,0,0,0,0,0,0,0,0,0,0,0,0,0,0,0,1,0,0
3.4,6.6,32.0,128.0,6.0,4000.0,2340.0,1080.0,10,2020,10.146394514691288,5.801652892561984,0,0,0,1,0,0,0,0,0,0,0,0,0,0,0,0,0,0,0,0,0,0,0,1,0,0
3.8,6.55,16.0,64.0,4.0,5000.0,1548.0,720.0,10,2020,9.680281499268713,2.5978905658178433,0,0,1,0,0,0,0,0,0,0,0,0,0,0,0,0,0,0,0,0,0,0,0,1,0,0
2.8,6.0,8.0,16.0,1.0,5000.0,960.0,480.0,8,2019,8.987196820661973,1.28,0,0,0,1,0,0,0,0,0,0,0,0,0,0,0,0,0,0,0,0,0,0,0,1,0,0
3.5,6.1,5.0,32.0,2.0,3000.0,1560.0,720.0,9,2019,10.308919326755392,3.018543402311207,0,0,1,0,0,0,0,0,0,0,0,0,0,0,0,0,0,0,0,0,0,0,0,1,0,0
3.1,6.52,8.0,32.0,2.0,4000.0,1600.0,720.0,9,2019,9.350015354048665,2.7099251006812453,0,0,1,0,0,0,0,0,0,0,0,0,0,0,0,0,0,0,0,0,0,0,0,1,0,0
2.3,6.55,8.0,32.0,3.0,4000.0,1600.0,720.0,9,2019,9.51044496442652,2.6851582075636617,0,0,1,0,0,0,0,0,0,0,0,0,0,0,0,0,0,0,0,0,0,0,0,1,0,0
3.3,6.4,32.0,64.0,6.0,3500.0,1548.0,720.0,9,2019,9.74090979777877,2.7210937499999996,0,0,1,0,0,0,0,0,0,0,0,0,0,0,0,0,0,0,0,0,0,0,0,1,0,0
2.9,6.52,16.0,64.0,4.0,4000.0,1600.0,720.0,9,2019,9.648595302907339,2.7099251006812453,0,0,1,0,0,0,0,0,0,0,0,0,0,0,0,0,0,0,0,0,0,0,0,1,0,0
3.6,6.4,32.0,128.0,6.0,3500.0,2340.0,1080.0,9,2019,10.064713146035349,6.169921874999998,0,0,1,0,0,0,0,0,0,0,0,0,0,0,0,0,0,0,0,0,0,0,0,1,0,0
3.6,6.0,8.0,16.0,1.0,5000.0,480.0,960.0,9,2019,9.082507000466299,1.28,0,0,0,1,0,0,0,0,0,0,0,0,0,0,0,0,0,0,0,0,0,0,0,1,0,0
3.2,6.2,13.0,32.0,2.0,5000.0,720.0,1500.0,8,2019,9.472704636443673,2.8095733610822053,0,0,0,1,0,0,0,0,0,0,0,0,0,0,0,0,0,0,0,0,0,0,0,1,0,0
3.3,6.2,8.0,32.0,2.0,3500.0,1500.0,720.0,9,2019,9.433483923290392,2.8095733610822053,0,0,1,0,0,0,0,0,0,0,0,0,0,0,0,0,0,0,0,0,0,0,0,1,0,0
3.8,6.0,8.0,16.0,1.0,5000.0,720.0,1440.0,8,2018,9.104979856318357,2.88,0,0,0,1,0,0,0,0,0,0,0,0,0,0,0,0,0,0,0,0,0,0,0,1,0,0
3.9,5.5,8.0,8.0,1.0,2400.0,480.0,960.0,8,2019,8.779557455883728,1.5233057851239669,0,0,1,0,0,0,0,0,0,0,0,0,0,0,0,0,0,0,0,0,0,0,0,1,0,0
3.2,6.2,16.0,32.0,3.0,3750.0,1500.0,720.0,8,2018,9.615805480084347,2.8095733610822053,0,0,1,0,0,0,0,0,0,0,0,0,0,0,0,0,0,0,0,0,0,0,0,1,0,0
3.5,4.5,8.0,64.0,4.0,3500.0,1620.0,1080.0,7,2017,8.76389700713946,8.64,0,0,1,0,0,1,0,0,0,0,0,0,0,0,0,0,0,0,0,0,0,0,0,0,0,0
4.5,4.5,8.0,32.0,4.0,3000.0,1620.0,1080.0,8,2018,10.747207591575448,8.64,0,0,1,0,0,1,0,0,0,0,0,0,0,0,0,0,0,0,0,0,0,0,0,0,0,0
4.5,4.5,8.0,128.0,6.0,3500.0,1620.0,1080.0,8,2018,11.134589024250317,8.64,0,0,1,0,0,1,0,0,0,0,0,0,0,0,0,0,0,0,0,0,0,0,0,0,0,0
5.0,5.99,16.0,64.0,6.0,4000.0,2160.0,1080.0,8,2018,9.392578591964389,6.5016541202505,0,0,1,0,0,1,0,0,0,0,0,0,0,0,0,0,0,0,0,0,0,0,0,0,0,0
3.1,4.5,8.0,64.0,6.0,3500.0,1620.0,1080.0,8,2018,10.976782033219948,8.64,0,0,1,0,0,1,0,0,0,0,0,0,0,0,0,0,0,0,0,0,0,0,0,0,0,0
4.0,4.2,2.0,16.0,2.0,1800.0,1280.0,768.0,10,2013,10.373459931293572,5.572789115646258,1,0,1,0,0,1,0,0,0,0,0,0,0,0,0,0,0,0,0,0,0,0,0,0,0,0
3.7,4.5,8.0,64.0,4.0,3505.0,1620.0,1080.0,7,2017,10.373459931293572,8.64,0,0,1,0,0,1,0,0,0,0,0,0,0,0,0,0,0,0,0,0,0,0,0,0,0,0
4.5,5.5,8.0,32.0,4.0,4000.0,1920.0,1080.0,7,2017,9.305559638557117,6.8548760330578515,0,0,1,0,0,1,0,0,0,0,0,0,0,0,0,0,0,0,0,0,0,0,0,0,0,0
2.0,4.5,2.0,32.0,3.0,3450.0,1440.0,1440.0,10,2014,9.305559638557117,10.24,1,0,1,0,0,1,0,0,0,0,0,0,0,0,0,0,0,0,0,0,0,0,0,0,0,0
4.1,5.4,2.0,32.0,3.0,3410.0,2560.0,1440.0,5,2015,9.305559638557117,12.641975308641973,0,0,1,0,0,1,0,0,0,0,0,0,0,0,0,0,0,0,0,0,0,0,0,0,0,0
2.6,4.5,8.0,32.0,3.0,3505.0,1620.0,1080.0,7,2017,9.188094763028863,8.64,0,0,1,0,0,1,0,0,0,0,0,0,0,0,0,0,0,0,0,0,0,0,0,0,0,0
4.7,5.5,8.0,32.0,4.0,3000.0,2560.0,1440.0,6,2016,9.903487552536127,12.186446280991735,0,0,1,0,0,1,0,0,0,0,0,0,0,0,0,0,0,0,0,0,0,0,0,0,0,0
3.8,5.2,8.0,16.0,3.0,2610.0,1920.0,1080.0,6,2016,9.711115659888671,7.668639053254438,0,0,1,0,0,1,0,0,0,0,0,0,0,0,0,0,0,0,0,0,0,0,0,0,0,0
4.0,5.2,13.0,64.0,3.0,2900.0,1920.0,1080.0,6,2016,10.184900011974314,7.668639053254438,0,0,1,0,0,0,0,0,0,0,0,0,0,0,0,0,0,0,0,0,0,0,1,0,0,0
3.8,5.7,5.0,64.0,4.0,3180.0,2160.0,1080.0,8,2018,10.887436932884098,7.180055401662049,0,0,1,0,0,0,0,0,0,0,0,0,0,0,0,0,0,0,0,0,0,0,1,0,0,0
3.5,5.5,8.0,32.0,3.0,3300.0,1280.0,720.0,7,2018,9.878169744551839,3.0466115702479337,0,0,1,0,0,0,0,0,0,0,0,0,0,0,0,0,0,0,0,0,0,0,1,0,0,0
3.7,5.46,13.0,64.0,4.0,3230.0,2160.0,3840.0,7,2017,10.680516217076775,27.822726723825628,0,0,1,0,0,0,0,0,0,0,0,0,0,0,0,0,0,0,0,0,0,0,1,0,0,0
4.0,5.2,13.0,64.0,4.0,2900.0,1920.0,1080.0,7,2017,10.849337086651827,7.668639053254438,0,0,1,0,0,0,0,0,0,0,0,0,0,0,0,0,0,0,0,0,0,0,1,0,0,0
4.0,5.2,13.0,32.0,4.0,2900.0,1920.0,1080.0,7,2017,10.736396675471232,7.668639053254438,0,0,1,0,0,0,0,0,0,0,0,0,0,0,0,0,0,0,0,0,0,0,1,0,0,0
3.3,6.0,16.0,16.0,3.0,2700.0,1920.0,1080.0,6,2016,10.146433731146518,5.76,0,0,1,0,0,0,0,0,0,0,0,0,0,0,0,0,0,0,0,0,0,0,1,0,0,0
2.6,5.0,8.0,16.0,2.0,2300.0,1280.0,720.0,6,2016,9.433483923290392,3.6864,0,0,1,0,0,0,0,0,0,0,0,0,0,0,0,0,0,0,0,0,0,0,1,0,0,0
4.0,6.35,8.0,32.0,3.0,5000.0,1544.0,720.0,9,2019,9.680281499268713,2.756971913943828,0,0,0,1,0,0,0,0,0,0,0,0,0,0,0,0,0,0,0,0,0,0,0,0,1,0
2.7,6.53,16.0,128.0,8.0,5000.0,2340.0,1080.0,9,2019,10.257659366256743,5.926704173692394,0,0,0,1,0,0,0,0,0,0,0,0,0,0,0,0,0,0,0,0,0,0,0,0,1,0
4.0,5.5,5.0,64.0,2.0,2750.0,1920.0,1080.0,9,2015,10.325481962595504,6.8548760330578515,0,1,1,0,1,0,0,0,0,0,0,0,0,0,0,0,0,0,0,0,0,0,0,0,0,0
4.5,5.5,5.0,32.0,2.0,2750.0,1920.0,1080.0,9,2015,10.373491181781864,6.8548760330578515,0,1,1,0,1,0,0,0,0,0,0,0,0,0,0,0,0,0,0,0,0,0,0,0,0,0
3.3,5.5,5.0,16.0,2.0,2750.0,1920.0,1080.0,9,2015,10.404262840448617,6.8548760330578515,0,1,1,0,1,0,0,0,0,0,0,0,0,0,0,0,0,0,0,0,0,0,0,0,0,0
3.5,4.7,5.0,128.0,2.0,1715.0,1334.0,750.0,9,2015,10.085767441795337,4.529198732458124,0,1,1,0,1,0,0,0,0,0,0,0,0,0,0,0,0,0,0,0,0,0,0,0,0,0
2.9,4.7,5.0,64.0,2.0,1715.0,1334.0,750.0,9,2015,10.06475570013225,4.529198732458124,0,1,1,0,1,0,0,0,0,0,0,0,0,0,0,0,0,0,0,0,0,0,0,0,0,0
3.5,4.7,5.0,32.0,2.0,1715.0,1334.0,750.0,9,2015,10.126631103850338,4.529198732458124,0,1,1,0,1,0,0,0,0,0,0,0,0,0,0,0,0,0,0,0,0,0,0,0,0,0
2.6,4.7,5.0,16.0,2.0,1715.0,1334.0,750.0,9,2015,10.043249494911286,4.529198732458124,0,1,1,0,1,0,0,0,0,0,0,0,0,0,0,0,0,0,0,0,0,0,0,0,0,0
3.6,5.5,7.0,256.0,3.0,2900.0,1920.0,1080.0,10,2016,10.668955394675699,6.8548760330578515,0,1,1,0,1,0,0,0,0,0,0,0,0,0,0,0,0,0,0,0,0,0,0,0,0,0
3.9,5.5,7.0,128.0,3.0,2900.0,1920.0,1080.0,10,2016,10.596634733096073,6.8548760330578515,0,1,1,0,1,0,0,0,0,0,0,0,0,0,0,0,0,0,0,0,0,0,0,0,0,0
3.5,5.5,7.0,32.0,3.0,2900.0,1920.0,1080.0,10,2016,10.545341438708522,6.8548760330578515,0,1,1,0,1,0,0,0,0,0,0,0,0,0,0,0,0,0,0,0,0,0,0,0,0,0
3.0,4.7,7.0,256.0,2.0,1960.0,1334.0,750.0,10,2016,10.596634733096073,4.529198732458124,0,1,1,0,1,0,0,0,0,0,0,0,0,0,0,0,0,0,0,0,0,0,0,0,0,0
3.5,4.7,7.0,128.0,2.0,1960.0,1334.0,750.0,10,2016,10.373491181781864,4.529198732458124,0,1,1,0,1,0,0,0,0,0,0,0,0,0,0,0,0,0,0,0,0,0,0,0,0,0
3.4,4.7,7.0,32.0,2.0,1960.0,1334.0,750.0,10,2016,10.292145542327912,4.529198732458124,0,1,1,0,1,0,0,0,0,0,0,0,0,0,0,0,0,0,0,0,0,0,0,0,0,0
4.0,6.35,20.0,128.0,4.0,5000.0,1544.0,720.0,9,2019,10.064713146035349,2.756971913943828,0,0,0,1,0,0,0,0,0,0,0,0,0,0,0,0,0,0,0,0,0,0,0,0,1,0
3.8,6.35,16.0,64.0,4.0,5000.0,1544.0,720.0,9,2019,9.975761701406148,2.756971913943828,0,0,0,1,0,0,0,0,0,0,0,0,0,0,0,0,0,0,0,0,0,0,0,0,1,0
3.3,6.35,8.0,64.0,4.0,5000.0,1544.0,720.0,9,2019,9.82547195555139,2.756971913943828,0,0,0,1,0,0,0,0,0,0,0,0,0,0,0,0,0,0,0,0,0,0,0,0,1,0
3.2,6.3,16.0,128.0,6.0,4000.0,2400.0,1080.0,10,2020,10.064713146035349,6.530612244897959,0,0,0,1,0,0,0,0,0,0,0,1,0,0,0,0,0,0,0,0,0,0,0,0,0,0
3.0,6.5,16.0,128.0,6.0,4000.0,2400.0,1080.0,10,2020,10.184900011974314,6.13491124260355,0,0,0,1,0,0,0,0,0,0,0,1,0,0,0,0,0,0,0,0,0,0,0,0,0,0
3.0,6.3,8.0,64.0,3.0,5000.0,1600.0,720.0,10,2020,9.61573881119536,2.90249433106576,0,0,0,1,0,0,0,0,0,0,0,1,0,0,0,0,0,0,0,0,0,0,0,0,0,0
5.0,5.45,5.0,32.0,2.0,3020.0,1440.0,720.0,10,2020,9.190035618635818,3.4906152680750777,0,0,0,1,0,0,0,0,0,0,0,1,0,0,0,0,0,0,0,0,0,0,0,0,0,0
5.0,6.58,32.0,256.0,8.0,4200.0,2640.0,1200.0,10,2020,11.532728092266408,7.317005570901969,0,0,0,1,0,0,0,0,0,0,0,1,0,0,0,0,0,0,0,0,0,0,0,0,0,0
3.9,6.47,32.0,256.0,8.0,4200.0,2340.0,1080.0,9,2019,11.156236235215168,6.037137280851583,0,0,0,1,0,0,0,0,0,0,0,1,0,0,0,0,0,0,0,0,0,0,0,0,0,0
4.2,6.39,8.0,64.0,4.0,4000.0,1560.0,720.0,9,2020,9.75846178048587,2.7507769622429414,0,0,0,1,0,0,0,0,0,0,0,1,0,0,0,0,0,0,0,0,0,0,0,0,0,0
3.7,6.4,16.0,128.0,8.0,4200.0,2310.0,1080.0,10,2020,10.257659366256743,6.090820312499998,0,0,0,1,0,0,0,0,0,0,0,1,0,0,0,0,0,0,0,0,0,0,0,0,0,0
3.0,5.71,5.0,16.0,1.0,3000.0,1520.0,720.0,10,2020,9.350015354048665,3.3566330614861317,0,0,0,1,0,0,0,0,0,0,0,0,0,0,0,0,0,1,0,0,0,0,0,0,0,0
3.9,6.55,8.0,64.0,6.0,4000.0,1600.0,720.0,10,2020,9.952230096524119,2.6851582075636617,0,0,0,1,0,0,0,0,0,0,0,0,0,0,0,0,0,1,0,0,0,0,0,0,0,0
3.0,5.7,5.0,16.0,1.0,2800.0,1440.0,720.0,9,2020,9.047821442478408,3.191135734072022,0,0,1,0,0,0,0,0,0,0,0,0,0,0,0,0,0,1,0,0,0,0,0,0,0,0
2.4,5.45,5.0,16.0,1.0,2500.0,960.0,480.0,9,2019,8.881836305004146,1.5513845635889234,0,0,1,0,0,0,0,0,0,0,0,0,0,0,0,0,0,1,0,0,0,0,0,0,0,0
3.1,6.2,5.0,32.0,2.0,4000.0,1520.0,720.0,9,2019,9.350015354048665,2.8470343392299684,0,0,0,1,0,0,0,0,0,0,0,0,0,0,0,0,0,1,0,0,0,0,0,0,0,0
4.5,5.2,8.0,32.0,3.0,2990.0,1440.0,720.0,8,2018,9.268609280100158,3.834319526627219,0,0,1,0,0,0,0,0,0,0,0,0,0,0,0,0,0,1,0,0,0,0,0,0,0,0
4.1,6.3,20.0,128.0,6.0,3500.0,2280.0,1080.0,9,2019,10.308919326755392,6.204081632653061,0,0,0,1,0,0,0,0,0,0,0,0,0,0,0,0,0,1,0,0,0,0,0,0,0,0
3.7,6.3,20.0,64.0,4.0,3500.0,2280.0,1080.0,9,2019,10.165851817003619,6.204081632653061,0,0,0,1,0,0,0,0,0,0,0,0,0,0,0,0,0,1,0,0,0,0,0,0,0,0
5.0,6.3,8.0,64.0,4.0,3500.0,2280.0,1080.0,9,2019,9.9281801651265,6.204081632653061,0,0,0,1,0,0,0,0,0,0,0,0,0,0,0,0,0,1,0,0,0,0,0,0,0,0
3.9,5.71,5.0,16.0,2.0,3000.0,1520.0,720.0,9,2019,9.159047077588632,3.3566330614861317,0,0,1,0,0,0,0,0,0,0,0,0,0,0,0,0,0,1,0,0,0,0,0,0,0,0
