rating,specs_score,likes,disp_diag,camera,storage,ram,battery_capacity,disp_height,disp_width,oper_syst_vers,year_of_release,log_price,density,Other_oper_syst,battery_type_LiPo,brand_BlackBerry,brand_Cubot,brand_Gionee,brand_Google,brand_HTC,brand_Honor,brand_Hotwav,brand_Huawei,brand_Infinix,brand_LG,brand_Lava,brand_Lenovo,brand_Motorola,brand_Nokia,brand_OnePlus,brand_Oppo,brand_Realme,brand_Samsung,brand_Sony,brand_Tecno,brand_Vivo,brand_Xiaomi,hat_log_price
4.0,56,13,6.0,8.0,64.0,4.0,4000.0,1440.0,720.0,7,2017,9.672815734801127,172800.0,0,1,0,0,1,0,0,0,0,0,0,0,0,0,0,0,0,0,0,0,0,0,0,0,9.551464222370202
4.5,69,8,6.01,8.0,64.0,6.0,4000.0,2160.0,1080.0,7,2017,9.672815734801127,388153.078202995,0,1,0,0,1,0,0,0,0,0,0,0,0,0,0,0,0,0,0,0,0,0,0,0,9.794167247248508
4.3,100,30,6.4,20.0,128.0,6.0,6000.0,2340.0,1080.0,10,2020,9.979985523508853,394875.0,0,1,0,0,0,0,0,0,0,0,0,0,0,0,0,0,0,0,0,1,0,0,0,0,10.335174960717673
3.8,94,31,6.4,20.0,64.0,4.0,6000.0,2340.0,1080.0,10,2020,10.021226142760383,394875.0,0,1,0,0,0,0,0,0,0,0,0,0,0,0,0,0,0,0,0,1,0,0,0,0,10.06151087772691
3.8,98,31,6.4,20.0,128.0,6.0,5000.0,2400.0,1080.0,10,2020,10.126591103050316,405000.0,0,1,0,0,0,0,0,0,0,0,0,0,0,0,0,0,0,0,0,1,0,0,0,0,10.350992782490495
5.0,90,15,6.4,20.0,64.0,4.0,5000.0,2400.0,1080.0,10,2020,10.106387579373278,405000.0,0,1,0,0,0,0,0,0,0,0,0,0,0,0,0,0,0,0,0,1,0,0,0,0,10.191292450512663
4.0,54,13,6.4,8.0,32.0,3.0,4000.0,1560.0,720.0,10,2020,9.495444123413163,175500.0,0,1,0,0,0,0,0,0,0,0,0,0,0,0,0,0,0,0,0,1,0,0,0,0,9.85239962805382
3.7,53,16,6.4,8.0,32.0,2.0,4000.0,1560.0,720.0,10,2020,9.61573881119536,175500.0,0,1,0,0,0,0,0,0,0,0,0,0,0,0,0,0,0,0,0,1,0,0,0,0,9.7771675460143
3.7,100,84,6.4,32.0,128.0,6.0,6000.0,2340.0,1080.0,10,2020,10.165813354725493,394875.0,0,1,0,0,0,0,0,0,0,0,0,0,0,0,0,0,0,0,0,1,0,0,0,0,10.37596487303476
3.5,100,22,6.4,32.0,64.0,6.0,6000.0,2340.0,1080.0,10,2020,10.19802109993701,394875.0,0,1,0,0,0,0,0,0,0,0,0,0,0,0,0,0,0,0,0,1,0,0,0,0,10.246552286097526
5.0,82,19,6.7,10.0,256.0,8.0,3300.0,2636.0,1080.0,10,2020,11.60822655382414,424907.46268656716,0,1,0,0,0,0,0,0,0,0,0,0,0,0,0,0,0,0,0,1,0,0,0,0,10.802455606245124
3.9,100,70,6.9,40.0,128.0,12.0,5000.0,3200.0,1440.0,10,2020,11.561706105284784,667826.0869565217,0,1,0,0,0,0,0,0,0,0,0,0,0,0,0,0,0,0,0,1,0,0,0,0,10.941028408919962
4.1,55,39,6.7,10.0,128.0,8.0,4500.0,3200.0,1440.0,10,2020,11.225230059096225,687761.1940298508,0,1,0,0,0,0,0,0,0,0,0,0,0,0,0,0,0,0,0,1,0,0,0,0,10.546495515691854
4.3,78,28,6.2,10.0,128.0,8.0,4000.0,3200.0,1440.0,10,2020,11.184407509012852,743225.8064516129,0,1,0,0,0,0,0,0,0,0,0,0,0,0,0,0,0,0,0,1,0,0,0,0,10.622153774651188
4.2,100,36,6.7,32.0,128.0,8.0,4500.0,2400.0,1080.0,10,2020,10.74718608596786,386865.671641791,0,1,0,0,0,0,0,0,0,0,0,0,0,0,0,0,0,0,0,1,0,0,0,0,10.583969215241225
4.2,77,19,6.7,32.0,128.0,8.0,4500.0,2400.0,1080.0,10,2020,10.714395546283317,386865.671641791,0,1,0,0,0,0,0,0,0,0,0,0,0,0,0,0,0,0,0,1,0,0,0,0,10.587907146851308
3.8,73,26,6.7,32.0,128.0,6.0,4500.0,2400.0,1080.0,10,2020,10.691922185369403,386865.671641791,0,1,0,0,0,0,0,0,0,0,0,0,0,0,0,0,0,0,0,1,0,0,0,0,10.450155553783759
3.9,92,58,6.5,32.0,128.0,4.0,4000.0,2400.0,1080.0,10,2019,10.281889741094604,398769.23076923075,0,1,0,0,0,0,0,0,0,0,0,0,0,0,0,0,0,0,0,1,0,0,0,0,10.336627656546657
4.3,50,24,5.7,5.0,16.0,2.0,3000.0,1560.0,720.0,10,2019,9.305559638557117,197052.63157894736,0,0,0,0,0,0,0,0,0,0,0,0,0,0,0,0,0,0,0,1,0,0,0,0,9.76192545378277
3.8,100,90,6.7,32.0,128.0,8.0,4500.0,2400.0,1080.0,10,2019,10.568723822335235,386865.671641791,0,1,0,0,0,0,0,0,0,0,0,0,0,0,0,0,0,0,0,1,0,0,0,0,10.510772367701158
4.0,100,30,6.7,32.0,128.0,6.0,4500.0,2400.0,1080.0,10,2019,10.591597065328735,386865.671641791,0,1,0,0,0,0,0,0,0,0,0,0,0,0,0,0,0,0,0,1,0,0,0,0,10.42737350018023
3.8,95,58,6.5,32.0,128.0,6.0,4000.0,2400.0,1080.0,10,2019,10.292111643448266,398769.23076923075,0,1,0,0,0,0,0,0,0,0,0,0,0,0,0,0,0,0,0,1,0,0,0,0,10.440397213244506
3.5,74,47,6.3,16.0,64.0,4.0,3500.0,2340.0,1080.0,9,2019,10.085809109330082,401142.85714285716,0,1,0,0,0,0,0,0,0,0,0,0,0,0,0,0,0,0,0,1,0,0,0,0,10.08767954149728
4.0,100,54,6.7,32.0,128.0,8.0,4500.0,2400.0,1080.0,9,2019,10.404262840448617,386865.671641791,0,1,0,0,0,0,0,0,0,0,0,0,0,0,0,0,0,0,0,1,0,0,0,0,10.532055731040487
3.0,58,52,6.5,8.0,64.0,4.0,4000.0,1560.0,720.0,9,2019,9.758403975346978,172800.0,0,1,0,0,0,0,0,0,0,0,0,0,0,0,0,0,0,0,0,1,0,0,0,0,9.86058816581099
3.5,54,57,6.5,8.0,32.0,3.0,4000.0,1560.0,720.0,9,2019,9.746775261248594,172800.0,0,1,0,0,0,0,0,0,0,0,0,0,0,0,0,0,0,0,0,1,0,0,0,0,9.771254533331847
3.3,100,113,6.4,16.0,128.0,6.0,6000.0,2400.0,1080.0,9,2019,10.146394514691288,405000.0,0,1,0,0,0,0,0,0,0,0,0,0,0,0,0,0,0,0,0,1,0,0,0,0,10.190381247879442
4.1,94,98,6.4,16.0,64.0,4.0,6000.0,2400.0,1080.0,9,2019,9.975808214115753,405000.0,0,1,0,0,0,0,0,0,0,0,0,0,0,0,0,0,0,0,0,1,0,0,0,0,10.004560844770925
2.8,53,30,6.4,8.0,32.0,3.0,4000.0,1560.0,720.0,9,2019,9.642057851228413,175500.0,0,0,0,0,0,0,0,0,0,0,0,0,0,0,0,0,0,0,0,1,0,0,0,0,9.702799185002592
3.7,70,77,6.4,16.0,128.0,4.0,4000.0,1560.0,720.0,9,2019,9.998752276761909,175500.0,0,1,0,0,0,0,0,0,0,0,0,0,0,0,0,0,0,0,0,1,0,0,0,0,10.096145502976395
1.8,67,58,6.4,16.0,64.0,4.0,4000.0,1560.0,720.0,9,2019,9.9281801651265,175500.0,0,1,0,0,0,0,0,0,0,0,0,0,0,0,0,0,0,0,0,1,0,0,0,0,9.84674644609318
3.8,63,28,6.4,16.0,32.0,3.0,4000.0,1560.0,720.0,9,2019,10.056165720177834,175500.0,0,1,0,0,0,0,0,0,0,0,0,0,0,0,0,0,0,0,0,1,0,0,0,0,9.86260192522553
3.9,95,69,6.4,32.0,128.0,6.0,4000.0,2340.0,1080.0,9,2019,10.239924074233857,394875.0,0,1,0,0,0,0,0,0,0,0,0,0,0,0,0,0,0,0,0,1,0,0,0,0,10.44507633493322
4.8,88,20,6.4,32.0,64.0,4.0,4000.0,2340.0,1080.0,9,2019,10.106387579373278,394875.0,0,1,0,0,0,0,0,0,0,0,0,0,0,0,0,0,0,0,0,1,0,0,0,0,10.273603902068563
4.5,100,34,6.8,10.0,512.0,12.0,4300.0,3040.0,1440.0,9,2019,10.714395546283317,643764.705882353,0,0,0,0,0,0,0,0,0,0,0,0,0,0,0,0,0,0,0,1,0,0,0,0,11.49694407698407
2.7,92,73,6.8,10.0,256.0,12.0,4300.0,3040.0,1440.0,9,2019,10.714395546283317,643764.705882353,0,0,0,0,0,0,0,0,0,0,0,0,0,0,0,0,0,0,0,1,0,0,0,0,10.848091107698556
2.3,100,30,6.8,10.0,512.0,12.0,4300.0,3040.0,1440.0,9,2019,10.714395546283317,643764.705882353,0,0,0,0,0,0,0,0,0,0,0,0,0,0,0,0,0,0,0,1,0,0,0,0,11.355484294606304
4.0,92,53,6.8,10.0,256.0,12.0,4300.0,3040.0,1440.0,9,2019,11.326583838513384,643764.705882353,0,0,0,0,0,0,0,0,0,0,0,0,0,0,0,0,0,0,0,1,0,0,0,0,10.93686135972436
4.1,81,31,6.3,10.0,256.0,8.0,3500.0,2280.0,1080.0,9,2019,11.184407509012852,390857.14285714284,0,0,0,0,0,0,0,0,0,0,0,0,0,0,0,0,0,0,0,1,0,0,0,0,10.65919147175492
4.2,60,46,5.9,25.0,64.0,4.0,3100.0,2340.0,1080.0,9,2019,9.998752276761909,428338.9830508474,0,1,0,0,0,0,0,0,0,0,0,0,0,0,0,0,0,0,0,1,0,0,0,0,10.242535636696504
4.3,81,44,6.3,16.0,128.0,6.0,3500.0,2340.0,1080.0,9,2019,10.184900011974314,401142.85714285716,0,1,0,0,0,0,0,0,0,0,0,0,0,0,0,0,0,0,0,1,0,0,0,0,10.381223231630912
4.3,81,92,6.3,16.0,128.0,6.0,3500.0,2340.0,1080.0,9,2019,10.126631103850338,401142.85714285716,0,1,0,0,0,0,0,0,0,0,0,0,0,0,0,0,0,0,0,1,0,0,0,0,10.370104365908325
3.6,75,260,6.4,25.0,128.0,4.0,4000.0,2340.0,1080.0,9,2019,10.203555107263542,394875.0,0,1,0,0,0,0,0,0,0,0,0,0,0,0,0,0,0,0,0,1,0,0,0,0,10.217431284554443
3.4,51,21,5.8,8.0,32.0,3.0,3000.0,1560.0,720.0,9,2019,9.758403975346978,193655.1724137931,0,1,0,0,0,0,0,0,0,0,0,0,0,0,0,0,0,0,0,1,0,0,0,0,9.8443163238434
2.8,40,17,5.0,5.0,8.0,1.0,2600.0,960.0,540.0,8,2019,9.082507000466299,103680.0,0,0,0,0,0,0,0,0,0,0,0,0,0,0,0,0,0,0,0,1,0,0,0,0,9.587321356097998
3.7,63,101,6.3,8.0,64.0,4.0,5000.0,2340.0,1080.0,8,2019,9.82547195555139,401142.85714285716,0,1,0,0,0,0,0,0,0,0,0,0,0,0,0,0,0,0,0,1,0,0,0,0,9.961074955976892
3.6,83,286,6.7,32.0,128.0,6.0,4500.0,2400.0,1080.0,9,2019,10.404262840448617,386865.671641791,0,1,0,0,0,0,0,0,0,0,0,0,0,0,0,0,0,0,0,1,0,0,0,0,10.34218445489833
2.9,53,183,6.4,8.0,32.0,3.0,4000.0,1560.0,720.0,9,2019,9.758403975346978,175500.0,0,1,0,0,0,0,0,0,0,0,0,0,0,0,0,0,0,0,0,1,0,0,0,0,9.707027439184973
2.8,52,23,6.22,5.0,32.0,3.0,3400.0,1520.0,720.0,8,2019,9.602314889901848,175948.5530546624,0,0,0,0,0,0,0,0,0,0,0,0,0,0,0,0,0,0,0,1,0,0,0,0,9.71243015020804
3.4,62,197,6.4,16.0,64.0,4.0,4000.0,2340.0,1080.0,9,2019,10.056165720177834,394875.0,0,1,0,0,0,0,0,0,0,0,0,0,0,0,0,0,0,0,0,1,0,0,0,0,10.01915188185522
3.9,63,104,6.4,16.0,64.0,4.0,5000.0,2280.0,1080.0,9,2019,10.06475570013225,384750.0,0,1,0,0,0,0,0,0,0,0,0,0,0,0,0,0,0,0,0,1,0,0,0,0,10.024645219384011
4.5,58,10,5.0,13.0,32.0,3.0,2620.0,1920.0,1080.0,6,2016,9.467228129254554,414720.0,0,0,0,0,0,0,0,0,0,0,0,0,0,0,0,0,0,0,0,0,1,0,0,0,10.138272372013422
4.0,70,6,5.5,51.0,32.0,3.0,3430.0,3840.0,2160.0,5,2015,10.584055950889214,1508072.7272727273,0,0,0,0,0,0,0,0,0,0,0,0,0,0,0,0,0,0,0,0,1,0,0,0,10.819237068626482
3.5,62,9,5.2,51.0,32.0,3.0,2900.0,1920.0,1080.0,5,2015,9.903487552536127,398769.23076923075,0,0,0,0,0,0,0,0,0,0,0,0,0,0,0,0,0,0,0,0,1,0,0,0,10.306038262902007
3.3,40,15,5.5,5.0,16.0,2.0,2620.0,1280.0,720.0,7,2017,9.51044496442652,167563.63636363635,0,0,0,0,0,0,0,0,0,0,0,0,0,0,0,0,0,0,0,0,1,0,0,0,9.818407980281664
5.0,98,10,6.39,32.0,128.0,6.0,4000.0,2340.0,1080.0,9,2019,10.308919326755392,395492.9577464789,0,1,0,0,0,0,0,0,0,0,0,0,0,1,0,0,0,0,0,0,0,0,0,0,10.327164183629847
5.0,81,12,6.39,16.0,128.0,8.0,4000.0,2340.0,1080.0,9,2019,10.308919326755392,395492.9577464789,0,1,0,0,0,0,0,0,0,0,0,0,0,1,0,0,0,0,0,0,0,0,0,0,10.314100856750052
5.0,77,10,6.39,16.0,128.0,6.0,4000.0,2340.0,1080.0,9,2019,10.308919326755392,395492.9577464789,0,1,0,0,0,0,0,0,0,0,0,0,0,1,0,0,0,0,0,0,0,0,0,0,10.204322479100277
3.6,63,15,6.3,16.0,64.0,4.0,3300.0,2340.0,1080.0,9,2018,9.77984991207795,401142.85714285716,0,0,0,0,0,0,0,0,0,0,0,0,0,1,0,0,0,0,0,0,0,0,0,0,9.839004424737828
4.5,55,12,5.7,16.0,32.0,3.0,3000.0,2160.0,1080.0,8,2018,9.740968623038354,409263.15789473685,0,1,0,0,0,0,0,0,0,0,0,0,0,1,0,0,0,0,0,0,0,0,0,0,9.842767434331531
4.5,50,9,5.7,8.0,32.0,3.0,3000.0,1440.0,720.0,7,2018,9.305559638557117,181894.73684210525,0,0,0,0,0,0,0,0,0,0,0,0,0,1,0,0,0,0,0,0,0,0,0,0,9.644111886508675
3.0,66,24,5.5,13.0,64.0,4.0,4000.0,1920.0,1080.0,7,2017,9.546812608597396,377018.1818181818,0,1,0,0,0,0,0,0,0,0,0,0,0,1,0,0,0,0,0,0,0,0,0,0,9.752108239762348
2.0,48,6,5.0,8.0,16.0,2.0,2700.0,1920.0,1080.0,5,2016,9.769956159911606,414720.0,0,1,0,0,0,0,0,0,0,0,0,0,0,1,0,0,0,0,0,0,0,0,0,0,9.49698553482844
2.5,41,2,6.98,5.0,16.0,1.0,4250.0,1280.0,720.0,5,2015,9.302919553269277,132034.3839541547,0,1,0,0,0,0,0,0,0,0,0,0,0,1,0,0,0,0,0,0,0,0,0,0,9.16883230041506
3.0,50,5,6.8,5.0,32.0,2.0,3500.0,1920.0,1080.0,5,2015,9.302919553269277,304941.17647058825,0,1,0,0,0,0,0,0,0,0,0,0,0,1,0,0,0,0,0,0,0,0,0,0,9.405369470927184
4.0,52,4,5.0,5.0,32.0,2.0,2300.0,1920.0,1080.0,4,2014,9.903487552536127,414720.0,0,1,0,0,0,0,0,0,0,0,0,0,0,1,0,0,0,0,0,0,0,0,0,0,9.584464770602839
3.8,58,105,6.2,24.0,64.0,6.0,3750.0,1500.0,720.0,8,2018,9.825526011066415,174193.54838709676,0,0,0,0,0,0,0,0,0,0,0,0,0,0,0,0,0,0,0,0,0,1,0,0,9.981030350923103
3.2,44,90,6.2,16.0,16.0,2.0,3750.0,1500.0,720.0,8,2018,9.392578591964389,174193.54838709676,0,0,0,0,0,0,0,0,0,0,0,0,0,0,0,0,0,0,0,0,0,1,0,0,9.565645493775241
4.0,43,52,6.0,8.0,32.0,2.0,3500.0,1440.0,720.0,8,2018,9.532423871145296,172800.0,0,0,0,0,0,0,0,0,0,0,0,0,0,0,0,0,0,0,0,0,0,1,0,0,9.61290387801844
3.4,40,172,6.0,8.0,16.0,1.0,3500.0,1440.0,720.0,8,2018,9.259130536145614,172800.0,0,0,0,0,0,0,0,0,0,0,0,0,0,0,0,0,0,0,0,0,0,1,0,0,9.458445679430321
3.1,29,22,5.0,5.0,8.0,1.0,2400.0,480.0,854.0,8,2018,9.608445125678054,81984.0,0,0,0,0,0,0,0,0,0,0,0,0,0,0,0,0,0,0,0,0,0,1,0,0,9.466166421599317
4.0,48,77,6.0,13.0,16.0,3.0,5000.0,720.0,1440.0,8,2018,9.680344001221918,172800.0,0,1,0,0,0,0,0,0,0,0,0,0,0,0,0,0,0,0,0,0,0,1,0,0,9.635492414653129
3.7,46,81,6.0,8.0,16.0,2.0,5000.0,720.0,1440.0,8,2018,9.51044496442652,172800.0,0,1,0,0,0,0,0,0,0,0,0,0,0,0,0,0,0,0,0,0,0,1,0,0,9.521640656912233
3.8,29,38,5.5,5.0,8.0,1.0,2400.0,480.0,960.0,7,2018,9.104979856318357,83781.81818181818,0,0,0,0,0,0,0,0,0,0,0,0,0,0,0,0,0,0,0,0,0,1,0,0,9.495848621693197
3.4,28,38,5.0,2.0,8.0,1.0,2000.0,480.0,854.0,7,2018,9.392578591964389,81984.0,0,0,0,0,0,0,0,0,0,0,0,0,0,0,0,0,0,0,0,0,0,1,0,0,9.476342094060946
3.9,56,77,6.0,20.0,16.0,3.0,3750.0,1440.0,720.0,8,2017,9.350015354048665,172800.0,0,1,0,0,0,0,0,0,0,0,0,0,0,0,0,0,0,0,0,0,0,1,0,0,9.702646543991325
3.9,38,77,5.5,8.0,16.0,1.0,3000.0,1280.0,720.0,7,2017,10.126591103050316,167563.63636363635,0,0,0,0,0,0,0,0,0,0,0,0,0,0,0,0,0,0,0,0,0,1,0,0,9.51021805462915
3.7,48,62,5.5,13.0,16.0,2.0,3000.0,1920.0,1080.0,6,2016,9.952230096524119,377018.1818181818,0,0,0,0,0,0,0,0,0,0,0,0,0,0,0,0,0,0,0,0,0,1,0,0,9.65593812870549
4.1,38,24,5.0,2.0,16.0,1.0,4000.0,1280.0,720.0,6,2017,10.596609732783568,184320.0,0,0,0,0,0,0,0,0,0,0,0,0,0,0,0,0,0,0,0,0,0,1,0,0,9.466090383917818
3.3,61,32,6.5,8.0,64.0,4.0,4230.0,1600.0,720.0,9,2015,9.798071479779479,177230.76923076922,0,1,0,0,0,0,0,0,0,0,0,0,0,0,0,0,0,1,0,0,0,0,0,0,9.52961640698646
3.8,100,14,6.4,32.0,128.0,8.0,4025.0,2400.0,1080.0,10,2020,10.126631103850338,405000.0,0,1,0,0,0,0,0,0,0,0,0,0,0,0,0,0,0,1,0,0,0,0,0,0,10.392154673977387
2.8,98,23,6.4,16.0,128.0,8.0,4025.0,2400.0,1080.0,9,2020,10.341742483467284,405000.0,0,1,0,0,0,0,0,0,0,0,0,0,0,0,0,0,0,1,0,0,0,0,0,0,10.202507111887876
3.4,100,25,6.4,32.0,128.0,8.0,4025.0,2400.0,1080.0,10,2020,10.518646164234097,405000.0,0,1,0,0,0,0,0,0,0,0,0,0,0,0,0,0,0,1,0,0,0,0,0,0,10.36371817248785
3.5,64,16,6.5,8.0,128.0,4.0,4230.0,1600.0,720.0,9,2019,9.471550124096849,177230.76923076922,0,1,0,0,0,0,0,0,0,0,0,0,0,0,0,0,0,1,0,0,0,0,0,0,9.816295932752395
3.5,97,47,6.5,16.0,128.0,8.0,4000.0,2340.0,1080.0,9,2019,10.419300717813158,388800.0,0,1,0,0,0,0,0,0,0,0,0,0,0,0,0,0,0,1,0,0,0,0,0,0,10.1985353478679
4.2,100,37,6.5,16.0,128.0,8.0,4000.0,2400.0,1080.0,9,2019,11.050874132231819,398769.23076923075,0,1,0,0,0,0,0,0,0,0,0,0,0,0,0,0,0,1,0,0,0,0,0,0,10.250748626855676
2.9,100,23,6.4,32.0,128.0,6.0,4000.0,2340.0,1080.0,9,2019,11.050874132231819,394875.0,0,1,0,0,0,0,0,0,0,0,0,0,0,0,0,0,0,1,0,0,0,0,0,0,10.183209366917842
3.3,98,153,6.5,16.0,128.0,8.0,5000.0,1600.0,720.0,9,2020,10.165851817003619,177230.76923076922,0,1,0,0,0,0,0,0,0,0,0,0,0,0,0,0,0,1,0,0,0,0,0,0,10.054635963342967
3.4,65,46,6.5,8.0,128.0,4.0,5000.0,1600.0,720.0,9,2020,10.043206015705211,177230.76923076922,0,1,0,0,0,0,0,0,0,0,0,0,0,0,0,0,0,1,0,0,0,0,0,0,9.803989695498714
3.0,60,59,6.5,8.0,64.0,3.0,5000.0,1600.0,720.0,9,2020,9.878169744551839,177230.76923076922,0,1,0,0,0,0,0,0,0,0,0,0,0,0,0,0,0,1,0,0,0,0,0,0,9.589138834961778
3.3,100,95,6.5,16.0,256.0,8.0,4000.0,2400.0,1080.0,9,2019,10.341742483467284,398769.23076923075,0,1,0,0,0,0,0,0,0,0,0,0,0,0,0,0,0,1,0,0,0,0,0,0,10.440724849790646
3.5,95,34,6.4,32.0,128.0,6.0,4035.0,2340.0,1080.0,9,2019,10.239959789157341,394875.0,0,1,0,0,0,0,0,0,0,0,0,0,0,0,0,0,0,1,0,0,0,0,0,0,10.217962820453401
3.7,50,43,6.1,5.0,32.0,2.0,4000.0,1560.0,720.0,9,2019,9.350015354048665,184131.14754098363,0,1,0,0,0,0,0,0,0,0,0,0,0,0,0,0,0,1,0,0,0,0,0,0,9.516901564097672
4.3,87,47,6.53,16.0,64.0,4.0,4020.0,2340.0,1080.0,9,2019,10.239924074233857,387013.78254211333,0,1,0,0,0,0,0,0,0,0,0,0,0,0,0,0,0,1,0,0,0,0,0,0,9.896536268992495
4.8,59,57,6.2,16.0,64.0,4.0,4230.0,1520.0,720.0,8,2018,9.740968623038354,176516.12903225806,0,0,0,0,0,0,0,0,0,0,0,0,0,0,0,0,0,1,0,0,0,0,0,0,9.760846791562564
4.0,42,12,5.5,8.0,16.0,3.0,3000.0,1280.0,720.0,5,2016,9.775199532234597,167563.63636363635,0,0,0,1,0,0,0,0,0,0,0,0,0,0,0,0,0,0,0,0,0,0,0,0,9.833056229942693
3.0,45,5,5.5,5.0,16.0,3.0,4150.0,1280.0,720.0,6,2017,9.910463166272553,167563.63636363635,0,0,0,1,0,0,0,0,0,0,0,0,0,0,0,0,0,0,0,0,0,0,0,0,9.73141546561846
2.0,40,22,5.5,5.0,16.0,2.0,4150.0,1280.0,720.0,5,2016,9.506734385029985,167563.63636363635,0,0,0,1,0,0,0,0,0,0,0,0,0,0,0,0,0,0,0,0,0,0,0,0,9.572835936403257
3.0,37,16,5.0,5.0,16.0,1.0,2200.0,1280.0,720.0,6,2016,9.66770192587285,184320.0,0,1,0,1,0,0,0,0,0,0,0,0,0,0,0,0,0,0,0,0,0,0,0,0,9.722791377466711
3.4,47,13,5.5,16.0,16.0,2.0,3080.0,1280.0,720.0,7,2017,9.648595302907339,167563.63636363635,0,0,0,0,0,0,0,0,0,0,0,0,0,0,0,0,0,0,0,0,0,0,0,1,9.521494142524253
4.6,58,9,5.5,5.0,64.0,4.0,3080.0,1920.0,1080.0,7,2017,9.322775801305971,377018.1818181818,0,0,0,0,0,0,0,0,0,0,0,0,0,0,0,0,0,0,0,0,0,0,0,1,9.820477145212294
3.0,67,9,6.44,5.0,128.0,4.0,4850.0,1920.0,1080.0,6,2016,9.322775801305971,321987.57763975154,0,0,0,0,0,0,0,0,0,0,0,0,0,0,0,0,0,0,0,0,0,0,0,1,9.686215255420942
2.5,59,1,6.44,5.0,64.0,3.0,4850.0,1920.0,1080.0,6,2016,10.239959789157341,321987.57763975154,0,0,0,0,0,0,0,0,0,0,0,0,0,0,0,0,0,0,0,0,0,0,0,1,9.46975679161394
3.0,57,5,6.44,5.0,32.0,3.0,4850.0,1920.0,1080.0,6,2016,9.126850061477157,321987.57763975154,0,0,0,0,0,0,0,0,0,0,0,0,0,0,0,0,0,0,0,0,0,0,0,1,9.435775634031454
2.0,43,5,5.0,5.0,32.0,2.0,3120.0,1280.0,720.0,6,2016,9.392578591964389,184320.0,0,0,0,0,0,0,0,0,0,0,0,0,0,0,0,0,0,0,0,0,0,0,0,1,9.364904957878345
2.0,42,6,5.0,5.0,16.0,2.0,3120.0,1280.0,720.0,6,2016,9.392661928770137,184320.0,0,0,0,0,0,0,0,0,0,0,0,0,0,0,0,0,0,0,0,0,0,0,0,1,9.331965754563743
3.7,51,7,5.15,4.0,32.0,3.0,3000.0,1920.0,1080.0,6,2016,9.156939595249067,402640.7766990291,0,1,0,0,0,0,0,0,0,0,0,0,0,0,0,0,0,0,0,0,0,0,0,1,9.65709897206659
3.5,72,4,5.99,5.0,128.0,8.0,3400.0,2160.0,1080.0,7,2017,9.704975636343447,389449.081803005,0,0,0,0,0,0,0,0,0,0,0,0,0,0,0,0,0,0,0,0,0,0,0,1,10.08099349857763
4.5,76,7,5.99,5.0,256.0,6.0,3400.0,2160.0,1080.0,7,2017,9.305559638557117,389449.081803005,0,0,0,0,0,0,0,0,0,0,0,0,0,0,0,0,0,0,0,0,0,0,0,1,10.296438458215077
3.3,69,4,5.99,5.0,128.0,6.0,3400.0,2160.0,1080.0,7,2017,9.615138591096644,389449.081803005,0,0,0,0,0,0,0,0,0,0,0,0,0,0,0,0,0,0,0,0,0,0,0,1,9.957807620808698
3.0,67,7,5.5,16.0,128.0,6.0,3500.0,1920.0,1080.0,7,2017,9.305559638557117,377018.1818181818,0,0,0,0,0,0,0,0,0,0,0,0,0,0,0,0,0,0,0,0,0,0,0,1,10.024538913063171
4.0,64,12,5.5,16.0,64.0,6.0,3500.0,1920.0,1080.0,7,2017,9.752664662801545,377018.1818181818,0,0,0,0,0,0,0,0,0,0,0,0,0,0,0,0,0,0,0,0,0,0,0,1,9.957271527005854
3.7,53,81,5.71,8.0,32.0,3.0,3000.0,1520.0,720.0,9,2019,9.635608107380527,191663.74781085816,0,0,0,0,0,0,0,0,0,0,0,0,0,0,0,1,0,0,0,0,0,0,0,0,9.526027284856541
3.7,50,20,5.71,8.0,16.0,2.0,3000.0,1520.0,720.0,9,2019,9.305559638557117,191663.74781085816,0,0,0,0,0,0,0,0,0,0,0,0,0,0,0,1,0,0,0,0,0,0,0,0,9.452329117906181
3.0,46,25,6.2,5.0,16.0,2.0,4000.0,1520.0,720.0,9,2019,9.433483923290392,176516.12903225806,0,0,0,0,0,0,0,0,0,0,0,0,0,0,0,1,0,0,0,0,0,0,0,0,9.319620282032265
5.0,34,6,5.45,5.0,16.0,1.0,2500.0,960.0,480.0,9,2021,9.305559638557117,84550.45871559632,0,0,0,0,0,0,0,0,0,0,0,0,0,0,0,1,0,0,0,0,0,0,0,0,9.510316104731455
5.0,33,6,5.45,5.0,8.0,1.0,2500.0,960.0,480.0,9,2021,9.74090979777877,84550.45871559632,0,0,0,0,0,0,0,0,0,0,0,0,0,0,0,1,0,0,0,0,0,0,0,0,9.4939623245921
3.0,73,49,5.99,20.0,128.0,6.0,3320.0,2880.0,1440.0,9,2019,10.950806546816688,692353.9232053423,0,1,0,0,0,0,0,0,0,0,0,0,0,0,0,1,0,0,0,0,0,0,0,0,10.184567701211206
4.8,54,16,5.84,8.0,32.0,3.0,3060.0,2280.0,1080.0,8,2018,9.769956159911606,421643.83561643836,0,0,0,0,0,0,0,0,0,0,0,0,0,0,0,1,0,0,0,0,0,0,0,0,9.677474352940868
3.8,53,61,5.86,8.0,32.0,3.0,3060.0,1520.0,720.0,8,2018,9.581903928408666,186757.67918088735,0,0,0,0,0,0,0,0,0,0,0,0,0,0,0,1,0,0,0,0,0,0,0,0,9.493624603832172
2.8,48,40,5.2,8.0,16.0,2.0,2990.0,1440.0,720.0,8,2018,9.210340371976184,199384.61538461538,0,0,0,0,0,0,0,0,0,0,0,0,0,0,0,1,0,0,0,0,0,0,0,0,9.371640774293398
3.3,55,20,5.5,8.0,16.0,2.0,2970.0,2160.0,1080.0,8,2018,9.305650551780507,424145.45454545453,0,0,0,0,0,0,0,0,0,0,0,0,0,0,0,1,0,0,0,0,0,0,0,0,9.505393432082073
3.2,38,38,5.5,5.0,8.0,1.0,4000.0,1280.0,720.0,8,2018,9.047821442478408,167563.63636363635,0,0,0,0,0,0,0,0,0,0,0,0,0,0,0,1,0,0,0,0,0,0,0,0,9.236997205316595
3.7,47,26,5.2,8.0,16.0,2.0,3000.0,1280.0,720.0,7,2017,9.433483923290392,177230.76923076922,0,0,0,0,0,0,0,0,0,0,0,0,0,0,0,1,0,0,0,0,0,0,0,0,9.38769091753922
4.6,86,31,6.3,13.0,64.0,4.0,4000.0,2340.0,1080.0,9,2019,9.825526011066415,401142.85714285716,0,1,0,0,0,0,0,0,0,0,0,0,0,0,0,0,0,0,0,0,0,0,0,1,9.930073784170483
5.0,100,12,6.39,20.0,128.0,12.0,4000.0,2340.0,1080.0,9,2019,11.376315051307444,395492.9577464789,0,0,0,0,0,0,0,0,0,0,0,0,0,0,0,0,0,0,0,0,0,0,0,1,10.547809553125555
5.0,100,9,6.39,20.0,128.0,8.0,4000.0,2340.0,1080.0,9,2019,11.376315051307444,395492.9577464789,0,0,0,0,0,0,0,0,0,0,0,0,0,0,0,0,0,0,0,0,0,0,0,1,10.32802115479013
4.5,100,5,6.39,20.0,256.0,8.0,4000.0,2340.0,1080.0,9,2018,11.015345067954259,395492.9577464789,0,0,0,0,0,0,0,0,0,0,0,0,0,0,0,0,0,0,0,0,0,0,0,1,10.52344797853751
4.5,100,6,6.39,20.0,128.0,8.0,4000.0,2340.0,1080.0,9,2019,10.611818868421114,395492.9577464789,0,0,0,0,0,0,0,0,0,0,0,0,0,0,0,0,0,0,0,0,0,0,0,1,10.296355548779305
5.0,98,6,6.39,20.0,128.0,6.0,4000.0,2340.0,1080.0,9,2019,9.448569560708433,395492.9577464789,0,0,0,0,0,0,0,0,0,0,0,0,0,0,0,0,0,0,0,0,0,0,0,1,10.218474420176245
3.7,82,4,5.99,20.0,128.0,8.0,4000.0,2160.0,1080.0,8,2018,9.448569560708433,389449.081803005,0,0,0,0,0,0,0,0,0,0,0,0,0,0,0,0,0,0,0,0,0,0,0,1,10.217653816782828
5.0,74,3,5.99,20.0,64.0,6.0,4000.0,2160.0,1080.0,8,2018,9.448569560708433,389449.081803005,0,0,0,0,0,0,0,0,0,0,0,0,0,0,0,0,0,0,0,0,0,0,0,1,10.060950946290383
3.7,100,12,6.39,32.0,256.0,8.0,4030.0,2340.0,1080.0,9,2019,11.522875795823397,395492.9577464789,0,1,0,0,0,0,0,0,0,0,0,0,0,0,0,0,0,0,0,0,0,0,0,1,10.628865742183395
3.7,95,12,6.39,32.0,128.0,6.0,4030.0,2340.0,1080.0,9,2019,11.350406535472453,395492.9577464789,0,1,0,0,0,0,0,0,0,0,0,0,0,0,0,0,0,0,0,0,0,0,0,1,10.256963596232161
5.0,91,4,6.39,32.0,64.0,6.0,4030.0,2340.0,1080.0,9,2019,11.350406535472453,395492.9577464789,0,1,0,0,0,0,0,0,0,0,0,0,0,0,0,0,0,0,0,0,0,0,0,1,10.212123890712467
4.0,100,9,6.39,20.0,256.0,8.0,4000.0,2340.0,1080.0,9,2019,11.429532986406885,395492.9577464789,0,1,0,0,0,0,0,0,0,0,0,0,0,0,0,0,0,0,0,0,0,0,0,1,10.558158098432273
5.0,100,7,6.39,20.0,128.0,8.0,4000.0,2340.0,1080.0,9,2019,11.429532986406885,395492.9577464789,0,1,0,0,0,0,0,0,0,0,0,0,0,0,0,0,0,0,0,0,0,0,0,1,10.361681972511324
4.7,98,11,6.39,20.0,128.0,6.0,4000.0,2340.0,1080.0,9,2019,10.621327345686446,395492.9577464789,0,1,0,0,0,0,0,0,0,0,0,0,0,0,0,0,0,0,0,0,0,0,0,1,10.231097415575139
3.9,95,18,6.39,20.0,64.0,6.0,4000.0,2340.0,1080.0,9,2019,10.532096211958502,395492.9577464789,0,1,0,0,0,0,0,0,0,0,0,0,0,0,0,0,0,0,0,0,0,0,0,1,10.04686881701951
5.0,100,7,6.39,20.0,256.0,8.0,4000.0,2340.0,1080.0,9,2019,11.429532986406885,395492.9577464789,0,1,0,0,0,0,0,0,0,0,0,0,0,0,0,0,0,0,0,0,0,0,0,1,10.623342454741014
4.5,95,4,6.39,20.0,128.0,6.0,4000.0,2340.0,1080.0,9,2019,10.60905725309463,395492.9577464789,0,1,0,0,0,0,0,0,0,0,0,0,0,0,0,0,0,0,0,0,0,0,0,1,10.219774702778953
3.0,91,6,6.39,20.0,64.0,6.0,4000.0,2340.0,1080.0,9,2019,10.532069544936274,395492.9577464789,0,1,0,0,0,0,0,0,0,0,0,0,0,0,0,0,0,0,0,0,0,0,0,1,9.991399570236888
4.0,71,3,5.99,5.0,128.0,6.0,3400.0,2160.0,1080.0,8,2018,9.471935109664646,389449.081803005,0,0,0,0,0,0,0,0,0,0,0,0,0,0,0,0,0,0,0,0,0,0,0,1,10.038143708517833
5.0,67,13,6.26,24.0,128.0,6.0,3350.0,2280.0,1080.0,8,2018,10.184862275413241,393354.63258785947,0,1,0,0,0,0,0,0,0,0,0,0,0,0,0,0,0,0,0,0,0,0,0,1,10.27672474711644
4.5,63,16,4.7,7.0,256.0,3.0,1821.0,1334.0,750.0,13,2020,11.156236235215168,212872.3404255319,0,0,0,0,0,0,0,0,0,0,0,0,0,0,0,0,0,0,0,0,0,0,0,0,11.249609666118927
3.6,56,27,4.7,7.0,128.0,3.0,1821.0,1334.0,750.0,13,2020,10.950789002803143,212872.3404255319,0,0,0,0,0,0,0,0,0,0,0,0,0,0,0,0,0,0,0,0,0,0,0,0,10.927152147281209
3.7,52,23,4.7,7.0,64.0,3.0,1821.0,1334.0,750.0,13,2020,10.849317668987577,212872.3404255319,0,0,0,0,0,0,0,0,0,0,0,0,0,0,0,0,0,0,0,0,0,0,0,0,10.803720585333616
4.4,65,58,6.5,12.0,512.0,4.0,3500.0,2688.0,1242.0,13,2019,12.0015054797889,513614.76923076925,0,0,0,0,0,0,0,0,0,0,0,0,0,0,0,0,0,0,0,0,0,0,0,0,11.834639277853395
3.4,51,91,6.5,12.0,256.0,4.0,3500.0,2688.0,1242.0,13,2019,11.809312043052154,513614.76923076925,0,0,0,0,0,0,0,0,0,0,0,0,0,0,0,0,0,0,0,0,0,0,0,0,11.238953022972776
4.1,40,49,6.5,12.0,64.0,4.0,3500.0,2688.0,1242.0,13,2019,11.699396733123224,513614.76923076925,0,0,0,0,0,0,0,0,0,0,0,0,0,0,0,0,0,0,0,0,0,0,0,0,10.901496056301376
3.0,64,29,5.8,12.0,512.0,4.0,3190.0,2436.0,1125.0,13,2019,12.043553716032399,472500.0,0,0,0,0,0,0,0,0,0,0,0,0,0,0,0,0,0,0,0,0,0,0,0,0,11.76321228857668
3.4,50,38,5.8,12.0,256.0,4.0,3190.0,2436.0,1125.0,13,2019,11.759777730371237,472500.0,0,0,0,0,0,0,0,0,0,0,0,0,0,0,0,0,0,0,0,0,0,0,0,0,11.263694964889105
3.5,39,67,5.8,12.0,64.0,4.0,3190.0,2436.0,1125.0,13,2019,11.608235644774552,472500.0,0,0,0,0,0,0,0,0,0,0,0,0,0,0,0,0,0,0,0,0,0,0,0,0,10.870958700527533
3.7,48,29,6.1,12.0,256.0,4.0,3110.0,1792.0,828.0,13,2019,11.451039422897681,243241.96721311478,0,0,0,0,0,0,0,0,0,0,0,0,0,0,0,0,0,0,0,0,0,0,0,0,11.175446634764704
4.1,40,44,6.1,12.0,128.0,4.0,3110.0,1792.0,828.0,13,2019,11.314462331050079,243241.96721311478,0,0,0,0,0,0,0,0,0,0,0,0,0,0,0,0,0,0,0,0,0,0,0,0,10.9361999350915
3.5,37,71,6.1,12.0,64.0,4.0,3110.0,1792.0,828.0,13,2019,11.251547713738502,243241.96721311478,0,0,0,0,0,0,0,0,0,0,0,0,0,0,0,0,0,0,0,0,0,0,0,0,10.760282689865516
4.3,48,38,5.5,5.0,128.0,2.0,2750.0,1920.0,1080.0,9,2015,10.404262840448617,377018.1818181818,0,0,0,0,0,0,0,0,0,0,0,0,0,0,0,0,0,0,0,0,0,0,0,0,10.74001316226817
3.8,46,124,6.0,5.0,16.0,2.0,5000.0,1280.0,720.0,7,2017,10.308919326755392,153600.0,0,0,0,0,0,0,0,0,0,0,0,0,0,0,0,0,0,0,0,0,0,1,0,0,9.418278023226437
3.7,38,20,5.5,5.0,16.0,1.0,4000.0,1280.0,720.0,7,2017,10.308919326755392,167563.63636363635,0,0,0,0,0,0,0,0,0,0,0,0,0,0,0,0,0,0,0,0,0,1,0,0,9.44369852511797
3.8,37,14,5.0,5.0,8.0,1.0,5000.0,854.0,480.0,7,2017,10.126591103050316,81984.0,0,0,0,0,0,0,0,0,0,0,0,0,0,0,0,0,0,0,0,0,0,1,0,0,9.364784632378747
3.3,30,19,5.0,5.0,8.0,1.0,2500.0,854.0,480.0,7,2017,8.85366542803745,81984.0,0,0,0,0,0,0,0,0,0,0,0,0,0,0,0,0,0,0,0,0,0,1,0,0,9.440631254355997
3.8,48,147,6.0,5.0,16.0,2.0,3400.0,1280.0,720.0,7,2017,9.546741177474825,153600.0,0,0,0,0,0,0,0,0,0,0,0,0,0,0,0,0,0,0,0,0,0,1,0,0,9.48294407165713
3.6,44,119,5.5,5.0,16.0,1.0,3000.0,1280.0,720.0,7,2017,9.546741177474825,167563.63636363635,0,0,0,0,0,0,0,0,0,0,0,0,0,0,0,0,0,0,0,0,0,1,0,0,9.458039906451503
3.5,34,28,5.0,2.0,16.0,1.0,2500.0,1280.0,720.0,6,2016,10.308919326755392,184320.0,0,0,0,0,0,0,0,0,0,0,0,0,0,0,0,0,0,0,0,0,0,1,0,0,9.457150697489794
3.6,30,14,5.0,2.0,8.0,1.0,2500.0,854.0,480.0,6,2017,9.961567763612653,81984.0,0,0,0,0,0,0,0,0,0,0,0,0,0,0,0,0,0,0,0,0,0,1,0,0,9.438172971007218
5.0,99,9,6.4,32.0,128.0,8.0,4015.0,2400.0,1080.0,10,2020,10.532069544936274,405000.0,0,1,0,0,0,0,0,0,0,0,0,0,0,0,0,0,0,1,0,0,0,0,0,0,10.471415634930283
2.8,67,17,6.5,16.0,128.0,4.0,5000.0,2400.0,1080.0,10,2020,9.928131383448887,398769.23076923075,0,1,0,0,0,0,0,0,0,0,0,0,0,0,0,0,0,1,0,0,0,0,0,0,9.935342208395888
3.7,62,9,6.22,5.0,64.0,4.0,4230.0,1520.0,720.0,9,2020,9.103868127465667,175948.5530546624,0,1,0,0,0,0,0,0,0,0,0,0,0,0,0,0,0,1,0,0,0,0,0,0,9.718344514474127
4.5,58,8,6.22,5.0,32.0,3.0,4230.0,1520.0,720.0,9,2020,9.61573881119536,175948.5530546624,0,1,0,0,0,0,0,0,0,0,0,0,0,0,0,0,0,1,0,0,0,0,0,0,9.649817061281393
3.3,100,40,6.5,16.0,128.0,8.0,5000.0,2400.0,1080.0,10,2020,10.257659366256743,398769.23076923075,0,1,0,0,0,0,0,0,0,0,0,0,0,0,0,0,0,1,0,0,0,0,0,0,10.182858281132063
4.0,100,2,6.55,16.0,128.0,8.0,4000.0,2400.0,1080.0,10,2020,9.532351404751555,395725.19083969464,0,1,0,0,0,0,0,0,0,0,0,0,0,0,0,0,0,1,0,0,0,0,0,0,10.278035008340476
2.7,64,21,6.5,8.0,128.0,4.0,4230.0,1600.0,720.0,9,2020,9.918326902732767,177230.76923076922,0,1,0,0,0,0,0,0,0,0,0,0,0,0,0,0,0,1,0,0,0,0,0,0,9.798160556890762
4.0,100,14,6.7,32.0,256.0,12.0,4200.0,3166.0,1440.0,10,2020,9.998797732340453,680453.7313432836,0,1,0,0,0,0,0,0,0,0,0,0,0,0,0,0,0,1,0,0,0,0,0,0,10.998821988688245
3.3,58,9,6.5,5.0,32.0,3.0,5000.0,1600.0,720.0,10,2020,9.567944883732848,177230.76923076922,0,1,0,0,0,0,0,0,0,0,0,0,0,0,0,0,0,0,1,0,0,0,0,0,9.505717499025911
5.0,88,4,6.3,16.0,64.0,4.0,4035.0,2340.0,1080.0,9,2019,10.308619271743055,401142.85714285716,0,1,0,0,0,0,0,0,0,0,0,0,0,0,0,0,0,0,1,0,0,0,0,0,9.937544261655171
5.0,58,1,6.5,13.0,32.0,3.0,5000.0,1600.0,720.0,9,2019,10.491274217438248,177230.76923076922,0,1,0,0,0,0,0,0,0,0,0,0,0,0,0,0,0,0,1,0,0,0,0,0,9.64421761947325
5.0,100,6,6.4,32.0,64.0,6.0,4000.0,2340.0,1080.0,9,2019,10.491274217438248,394875.0,0,1,0,0,0,0,0,0,0,0,0,0,0,0,0,0,0,0,1,0,0,0,0,0,10.166259436266097
3.5,99,5,6.4,32.0,64.0,4.0,4000.0,2340.0,1080.0,9,2019,9.66770192587285,394875.0,0,1,0,0,0,0,0,0,0,0,0,0,0,0,0,0,0,0,1,0,0,0,0,0,9.959167810224992
3.6,56,10,6.5,5.0,32.0,2.0,5000.0,1560.0,720.0,10,2020,10.126591103050316,172800.0,0,1,0,0,0,0,0,0,0,0,0,0,0,0,0,0,0,0,1,0,0,0,0,0,9.46774041210566
4.2,100,21,6.9,10.0,512.0,12.0,4500.0,3088.0,1440.0,10,2020,11.964001084330445,644452.1739130435,0,0,0,0,0,0,0,0,0,0,0,0,0,0,0,0,0,0,0,1,0,0,0,0,11.504357370708334
5.0,100,17,6.9,10.0,256.0,12.0,4500.0,3088.0,1440.0,10,2020,11.782944968566367,644452.1739130435,0,0,0,0,0,0,0,0,0,0,0,0,0,0,0,0,0,0,0,1,0,0,0,0,11.033739834582072
4.7,83,10,6.7,10.0,256.0,8.0,4300.0,2400.0,1080.0,10,2020,11.407553838139561,386865.671641791,0,0,0,0,0,0,0,0,0,0,0,0,0,0,0,0,0,0,0,1,0,0,0,0,10.690657305926893
5.0,37,14,5.3,5.0,16.0,1.0,3000.0,1480.0,720.0,10,2021,9.210340371976184,201056.6037735849,0,0,0,0,0,0,0,0,0,0,0,0,0,0,0,0,0,0,0,1,0,0,0,0,9.836065038856486
4.1,100,28,6.5,32.0,128.0,6.0,6000.0,2400.0,1080.0,10,2020,9.66770192587285,398769.23076923075,0,1,0,0,0,0,0,0,0,0,0,0,0,0,0,0,0,0,0,1,0,0,0,0,10.414070223079461
5.0,56,11,6.2,8.0,32.0,3.0,4000.0,1520.0,720.0,9,2020,10.42225158360364,176516.12903225806,0,0,0,0,0,0,0,0,0,0,0,0,0,0,0,0,0,0,0,1,0,0,0,0,9.88995226327108
5.0,83,10,6.7,10.0,256.0,8.0,3300.0,2636.0,1080.0,10,2020,10.203555107263542,424907.46268656716,0,1,0,0,0,0,0,0,0,0,0,0,0,0,0,0,0,0,0,1,0,0,0,0,10.804540393568102
5.0,37,3,5.3,5.0,16.0,1.0,3000.0,1480.0,720.0,10,2020,9.961567763612653,201056.6037735849,0,0,0,0,0,0,0,0,0,0,0,0,0,0,0,0,0,0,0,1,0,0,0,0,9.803813416743875
2.3,56,28,5.7,5.0,32.0,3.0,4000.0,1520.0,720.0,10,2020,9.510370887608827,192000.0,0,0,0,0,0,0,0,0,0,0,0,0,0,0,0,0,0,0,0,1,0,0,0,0,9.70811130005728
3.6,100,29,6.7,32.0,128.0,8.0,4500.0,2400.0,1080.0,10,2020,10.341710224882465,386865.671641791,0,1,0,0,0,0,0,0,0,0,0,0,0,0,0,0,0,0,0,1,0,0,0,0,10.546758074350251
3.3,87,28,6.5,13.0,64.0,4.0,5000.0,1600.0,720.0,10,2020,9.8933867103567,177230.76923076922,0,1,0,0,0,0,0,0,0,0,0,0,0,0,0,0,0,0,0,1,0,0,0,0,9.917046432100854
4.1,100,39,6.5,32.0,128.0,8.0,4500.0,2400.0,1080.0,10,2020,10.308919326755392,398769.23076923075,0,1,0,0,0,0,0,0,0,0,0,0,0,0,0,0,0,0,0,1,0,0,0,0,10.587383036771339
2.5,57,16,6.4,8.0,32.0,3.0,5000.0,1560.0,720.0,10,2020,9.680281499268713,175500.0,0,0,0,0,0,0,0,0,0,0,0,0,0,0,0,0,0,0,0,1,0,0,0,0,9.677679413031235
3.2,51,24,5.5,8.0,32.0,3.0,4000.0,1280.0,720.0,7,2017,9.648595302907339,167563.63636363635,0,0,0,0,0,0,0,0,0,1,0,0,0,0,0,0,0,0,0,0,0,0,0,0,9.461370419832857
3.7,30,5,5.0,2.0,8.0,1.0,2200.0,854.0,480.0,6,2017,8.987196820661973,81984.0,0,0,0,0,0,0,0,0,0,1,0,0,0,0,0,0,0,0,0,0,0,0,0,0,9.344830668404281
4.2,70,16,5.5,8.0,64.0,4.0,3750.0,2560.0,1440.0,7,2017,10.778956289890028,670254.5454545454,0,0,0,0,0,0,0,0,0,1,0,0,0,0,0,0,0,0,0,0,0,0,0,0,9.890970260562337
4.2,70,16,5.9,8.0,64.0,4.0,4000.0,2560.0,1440.0,8,2017,10.239959789157341,624813.5593220339,0,1,0,0,0,0,0,0,0,1,0,0,0,0,0,0,0,0,0,0,0,0,0,0,9.882104390357025
4.0,57,14,5.2,8.0,32.0,4.0,3000.0,1920.0,1080.0,7,2017,9.975808214115753,398769.23076923075,0,1,0,0,0,0,0,0,0,1,0,0,0,0,0,0,0,0,0,0,0,0,0,0,9.761674449206778
4.1,52,60,6.2,8.0,16.0,2.0,4230.0,1520.0,720.0,8,2018,9.392661928770137,176516.12903225806,0,0,0,0,0,0,0,0,0,0,0,0,0,0,0,0,0,1,0,0,0,0,0,0,9.445061916466573
3.7,62,92,6.3,25.0,64.0,4.0,3500.0,2340.0,1080.0,8,2018,10.06475570013225,401142.85714285716,0,1,0,0,0,0,0,0,0,0,0,0,0,0,0,0,0,1,0,0,0,0,0,0,9.916697104791037
4.2,62,60,6.23,25.0,64.0,4.0,3400.0,2280.0,1080.0,8,2018,9.38429367909962,395248.7961476725,0,0,0,0,0,0,0,0,0,0,0,0,0,0,0,0,0,1,0,0,0,0,0,0,9.92671654896617
3.4,56,25,5.7,8.0,32.0,3.0,3180.0,1440.0,720.0,7,2018,10.06475570013225,181894.73684210525,0,0,0,0,0,0,0,0,0,0,0,0,0,0,0,0,0,1,0,0,0,0,0,0,9.556848439997559
4.3,68,42,6.0,20.0,64.0,6.0,3200.0,2160.0,1080.0,7,2017,9.680344001221918,388800.0,0,0,0,0,0,0,0,0,0,0,0,0,0,0,0,0,0,1,0,0,0,0,0,0,9.986053321559384
4.2,62,122,6.0,20.0,32.0,4.0,3200.0,2160.0,1080.0,7,2017,9.615805480084347,388800.0,0,0,0,0,0,0,0,0,0,0,0,0,0,0,0,0,0,1,0,0,0,0,0,0,9.785392987385745
5.0,100,17,6.78,16.0,256.0,12.0,4510.0,3168.0,1440.0,10,2020,11.406442096927323,672849.5575221239,0,1,0,0,0,0,0,0,0,0,0,0,0,0,0,0,1,0,0,0,0,0,0,0,11.566692296511935
4.7,100,3,6.78,16.0,128.0,8.0,4510.0,3168.0,1440.0,10,2020,11.326583838513384,672849.5575221239,0,1,0,0,0,0,0,0,0,0,0,0,0,0,0,0,1,0,0,0,0,0,0,0,11.068375168270492
5.0,100,10,6.55,16.0,256.0,12.0,4300.0,2400.0,1080.0,10,2020,11.141861783579396,395725.19083969464,0,1,0,0,0,0,0,0,0,0,0,0,0,0,0,0,1,0,0,0,0,0,0,0,11.455711867965224
5.0,100,8,6.55,16.0,128.0,8.0,4300.0,2400.0,1080.0,10,2020,11.066622737219737,395725.19083969464,0,1,0,0,0,0,0,0,0,0,0,0,0,0,0,0,1,0,0,0,0,0,0,0,10.974031344364228
5.0,100,23,6.67,16.0,256.0,12.0,4085.0,3120.0,1440.0,10,2019,11.440354772135393,673583.2083958021,0,1,0,0,0,0,0,0,0,0,0,0,0,0,0,0,1,0,0,0,0,0,0,0,11.552236560272222
3.7,100,27,6.67,16.0,256.0,8.0,4085.0,3120.0,1440.0,10,2019,11.082127164144046,673583.2083958021,0,1,0,0,0,0,0,0,0,0,0,0,0,0,0,0,1,0,0,0,0,0,0,0,11.246689269377528
3.9,100,30,6.67,16.0,256.0,8.0,4000.0,3120.0,1440.0,9,2019,11.002083174398681,673583.2083958021,0,1,0,0,0,0,0,0,0,0,0,0,0,0,0,0,1,0,0,0,0,0,0,0,11.262656976974618
5.0,100,24,6.55,16.0,256.0,8.0,3800.0,2400.0,1080.0,10,2019,10.905955980651335,395725.19083969464,0,1,0,0,0,0,0,0,0,0,0,0,0,0,0,0,1,0,0,0,0,0,0,0,11.219058916967382
4.7,100,16,6.55,16.0,128.0,8.0,3800.0,2400.0,1080.0,10,2019,10.878028324431728,395725.19083969464,0,1,0,0,0,0,0,0,0,0,0,0,0,0,0,0,1,0,0,0,0,0,0,0,10.939835257953698
3.4,100,21,6.41,16.0,256.0,8.0,3700.0,2340.0,1080.0,9,2019,10.819778284410283,394258.97035881435,0,1,0,0,0,0,0,0,0,0,0,0,0,0,0,0,1,0,0,0,0,0,0,0,11.123467795140373
5.0,74,25,6.41,16.0,128.0,6.0,3700.0,2340.0,1080.0,9,2018,10.915088464214607,394258.97035881435,0,1,0,0,0,0,0,0,0,0,0,0,0,0,0,0,1,0,0,0,0,0,0,0,10.819393093917354
3.6,77,27,6.28,16.0,128.0,8.0,3300.0,2280.0,1080.0,8,2018,10.87804719253426,392101.9108280255,0,1,0,0,0,0,0,0,0,0,0,0,0,0,0,0,1,0,0,0,0,0,0,0,10.858380372362289
4.3,70,44,6.28,16.0,64.0,6.0,3300.0,2280.0,1080.0,8,2018,10.968198289528557,392101.9108280255,0,1,0,0,0,0,0,0,0,0,0,0,0,0,0,0,1,0,0,0,0,0,0,0,10.658675285081705
4.7,78,14,6.01,16.0,128.0,8.0,3300.0,2160.0,1080.0,7,2017,11.127248278167759,388153.078202995,0,1,0,0,0,0,0,0,0,0,0,0,0,0,0,0,1,0,0,0,0,0,0,0,10.90284824128988
4.7,70,20,6.01,16.0,64.0,6.0,3300.0,2160.0,1080.0,7,2017,11.127248278167759,388153.078202995,0,1,0,0,0,0,0,0,0,0,0,0,0,0,0,0,1,0,0,0,0,0,0,0,10.66038647823817
4.6,75,13,5.5,16.0,128.0,8.0,3300.0,1920.0,1080.0,7,2017,11.127248278167759,377018.1818181818,0,1,0,0,0,0,0,0,0,0,0,0,0,0,0,0,1,0,0,0,0,0,0,0,10.904478012733186
4.0,85,1,6.39,8.0,64.0,4.0,4000.0,1560.0,720.0,10,2020,10.714395546283317,175774.64788732395,0,1,0,0,0,0,0,1,0,0,0,0,0,0,0,0,0,0,0,0,0,0,0,0,10.530241511772793
4.5,100,4,6.81,16.0,128.0,8.0,4300.0,2400.0,1080.0,10,2020,10.909015515680611,380616.7400881057,0,1,0,0,0,0,0,1,0,0,0,0,0,0,0,0,0,0,0,0,0,0,0,0,11.045168262758743
4.0,49,4,5.71,5.0,64.0,3.0,3020.0,1520.0,720.0,9,2019,10.909015515680611,191663.74781085816,0,1,0,0,0,0,0,1,0,0,0,0,0,0,0,0,0,0,0,0,0,0,0,0,10.484115777211425
4.0,90,5,6.5,16.0,64.0,6.0,4000.0,2400.0,1080.0,10,2020,10.909015515680611,398769.23076923075,0,1,0,0,0,0,0,1,0,0,0,0,0,0,0,0,0,0,0,0,0,0,0,0,10.800891074931696
5.0,100,3,6.53,32.0,256.0,8.0,4000.0,2400.0,1080.0,10,2020,10.909015515680611,396937.21286370594,0,1,0,0,0,0,0,1,0,0,0,0,0,0,0,0,0,0,0,0,0,0,0,0,11.490040982372497
3.5,60,7,6.22,8.0,64.0,4.0,4000.0,1560.0,720.0,10,2020,8.82453082152646,180578.77813504823,0,1,0,0,0,0,1,0,0,0,0,0,0,0,0,0,0,0,0,0,0,0,0,0,9.766403404447695
5.0,56,6,6.53,8.0,32.0,2.0,4000.0,1560.0,720.0,9,2020,10.085767441795337,172006.1255742726,0,1,0,0,0,0,1,0,0,0,0,0,0,0,0,0,0,0,0,0,0,0,0,0,9.676209552663108
3.7,100,15,6.8,32.0,256.0,8.0,5000.0,2400.0,1080.0,10,2020,10.085767441795337,381176.4705882353,0,1,0,0,0,0,1,0,0,0,0,0,0,0,0,0,0,0,0,0,0,0,0,0,10.608602212415196
4.0,96,15,6.5,25.0,128.0,6.0,5000.0,2340.0,1080.0,10,2020,10.703019723800088,388800.0,0,1,0,0,0,0,1,0,0,0,0,0,0,0,0,0,0,0,0,0,0,0,0,0,10.213531378012634
3.0,55,34,6.2,16.0,32.0,3.0,3850.0,1520.0,720.0,9,2019,10.703019723800088,176516.12903225806,0,0,0,0,0,0,1,0,0,0,0,0,0,0,0,0,0,0,0,0,0,0,0,0,9.605876510840648
5.0,61,32,6.0,13.0,64.0,4.0,3600.0,2160.0,1080.0,8,2018,10.221941283654663,388800.0,0,0,0,0,0,0,1,0,0,0,0,0,0,0,0,0,0,0,0,0,0,0,0,0,9.912303403778454
4.0,50,6,5.7,13.0,32.0,3.0,3075.0,1440.0,720.0,8,2018,9.74090979777877,181894.73684210525,0,0,0,0,0,0,1,0,0,0,0,0,0,0,0,0,0,0,0,0,0,0,0,0,9.66837625432684
3.0,40,11,5.0,5.0,16.0,2.0,2200.0,1280.0,720.0,6,2017,9.61440449916872,184320.0,0,0,0,0,0,0,1,0,0,0,0,0,0,0,0,0,0,0,0,0,0,0,0,0,9.475685190008234
4.0,51,19,6.0,8.0,32.0,3.0,2965.0,1440.0,720.0,8,2018,9.680344001221918,172800.0,0,0,0,0,0,0,1,0,0,0,0,0,0,0,0,0,0,0,0,0,0,0,0,0,9.619953024116734
1.3,40,40,5.5,5.0,16.0,2.0,2730.0,1440.0,720.0,7,2018,9.615805480084347,188509.0909090909,0,0,0,0,0,0,1,0,0,0,0,0,0,0,0,0,0,0,0,0,0,0,0,0,9.359741184058464
3.0,59,15,6.0,5.0,64.0,4.0,3930.0,2160.0,1080.0,8,2018,9.259035293514941,388800.0,0,0,0,0,0,0,1,0,0,0,0,0,0,0,0,0,0,0,0,0,0,0,0,0,9.710942113509507
3.0,45,9,5.0,5.0,32.0,3.0,3300.0,1280.0,720.0,6,2017,9.41727323724241,184320.0,0,0,0,0,0,0,1,0,0,0,0,0,0,0,0,0,0,0,0,0,0,0,0,0,9.515856104418415
4.0,62,18,5.5,8.0,64.0,3.0,3200.0,2560.0,1440.0,7,2016,9.61573881119536,670254.5454545454,0,0,0,0,0,0,1,0,0,0,0,0,0,0,0,0,0,0,0,0,0,0,0,0,9.847605560984537
4.4,72,17,6.0,8.0,128.0,6.0,3930.0,2880.0,1440.0,8,2017,10.809727948556782,691200.0,0,0,0,0,0,0,1,0,0,0,0,0,0,0,0,0,0,0,0,0,0,0,0,0,10.169687038409492
4.0,47,4,5.0,5.0,32.0,3.0,2200.0,1280.0,720.0,5,2016,9.61573881119536,184320.0,0,0,0,0,0,0,1,0,0,0,0,0,0,0,0,0,0,0,0,0,0,0,0,0,9.595056458128497
2.5,52,6,5.5,4.0,16.0,2.0,2800.0,1920.0,1080.0,5,2015,9.61573881119536,377018.1818181818,0,1,0,0,0,0,1,0,0,0,0,0,0,0,0,0,0,0,0,0,0,0,0,0,9.450173365943344
4.0,40,4,5.0,5.0,16.0,2.0,2200.0,1280.0,720.0,6,2016,9.695848187757884,184320.0,0,0,0,0,0,0,1,0,0,0,0,0,0,0,0,0,0,0,0,0,0,0,0,0,9.507228065989016
1.7,33,14,5.0,5.0,16.0,15.0,2200.0,1280.0,720.0,6,2016,9.711055051991444,184320.0,0,0,0,0,0,0,1,0,0,0,0,0,0,0,0,0,0,0,0,0,0,0,0,0,10.072623988275152
3.2,60,15,5.5,8.0,32.0,3.0,3200.0,2560.0,1440.0,7,2016,9.41727323724241,670254.5454545454,0,0,0,0,0,0,1,0,0,0,0,0,0,0,0,0,0,0,0,0,0,0,0,0,9.731108513345212
3.3,45,4,5.5,5.0,16.0,15.0,2800.0,1280.0,720.0,5,2015,9.41727323724241,167563.63636363635,0,1,0,0,0,0,1,0,0,0,0,0,0,0,0,0,0,0,0,0,0,0,0,0,10.130181455361274
3.0,56,3,5.2,5.0,64.0,4.0,3000.0,2560.0,1440.0,6,2016,9.61440449916872,708923.0769230769,0,0,0,0,0,0,1,0,0,0,0,0,0,0,0,0,0,0,0,0,0,0,0,0,9.852654788802282
4.3,54,3,5.2,5.0,32.0,4.0,3000.0,2560.0,1440.0,6,2016,9.61440449916872,708923.0769230769,0,0,0,0,0,0,1,0,0,0,0,0,0,0,0,0,0,0,0,0,0,0,0,0,9.871377059552914
4.0,45,6,5.5,5.0,16.0,2.0,2800.0,1280.0,720.0,5,2015,9.41727323724241,167563.63636363635,0,1,0,0,0,0,1,0,0,0,0,0,0,0,0,0,0,0,0,0,0,0,0,0,9.45845210426534
3.9,63,10,5.2,4.0,32.0,3.0,2840.0,2560.0,1440.0,5,2015,9.711055051991444,708923.0769230769,0,1,0,0,0,0,1,0,0,0,0,0,0,0,0,0,0,0,0,0,0,0,0,0,9.7864659117807
4.2,57,7,5.0,4.0,32.0,3.0,2840.0,1920.0,1080.0,5,2015,9.711055051991444,414720.0,0,1,0,0,0,0,1,0,0,0,0,0,0,0,0,0,0,0,0,0,0,0,0,0,9.676156958297941
4.0,50,4,5.0,4.0,32.0,3.0,2150.0,1920.0,1080.0,6,2015,9.695848187757884,414720.0,0,0,0,0,0,0,1,0,0,0,0,0,0,0,0,0,0,0,0,0,0,0,0,0,9.660894984456734
4.0,48,3,5.0,4.0,16.0,2.0,2150.0,1920.0,1080.0,6,2015,10.275016625615446,414720.0,0,0,0,0,0,0,1,0,0,0,0,0,0,0,0,0,0,0,0,0,0,0,0,0,9.573298235353143
4.0,43,13,5.5,5.0,32.0,3.0,2700.0,1280.0,720.0,6,2016,9.210340371976184,167563.63636363635,0,0,0,0,0,0,1,0,0,0,0,0,0,0,0,0,0,0,0,0,0,0,0,0,9.550635773902577
5.0,96,5,6.57,16.0,128.0,6.0,4160.0,2400.0,1080.0,10,2020,9.695848187757884,394520.5479452055,0,1,0,0,0,0,0,0,0,0,0,0,0,0,0,0,0,0,0,0,0,0,0,1,10.243957583505107
5.0,93,5,6.57,16.0,64.0,6.0,4160.0,2400.0,1080.0,10,2020,9.695848187757884,394520.5479452055,0,1,0,0,0,0,0,0,0,0,0,0,0,0,0,0,0,0,0,0,0,0,0,1,10.113127342390262
5.0,90,16,6.3,13.0,128.0,4.0,4000.0,2340.0,1080.0,9,2019,9.952230096524119,401142.85714285716,0,1,0,0,0,0,0,0,0,0,0,0,0,0,0,0,0,0,0,0,0,0,0,1,10.090267098918428
5.0,86,17,6.3,13.0,64.0,4.0,4000.0,2340.0,1080.0,9,2019,9.878169744551839,401142.85714285716,0,1,0,0,0,0,0,0,0,0,0,0,0,0,0,0,0,0,0,0,0,0,0,1,9.959205214767694
5.0,83,8,6.3,13.0,32.0,3.0,4000.0,2340.0,1080.0,9,2019,9.798071479779479,401142.85714285716,0,1,0,0,0,0,0,0,0,0,0,0,0,0,0,0,0,0,0,0,0,0,0,1,9.840754049672489
3.7,100,11,6.67,20.0,256.0,12.0,4780.0,2340.0,1080.0,10,2019,11.250248151508014,378890.5547226387,0,1,0,0,0,0,0,0,0,0,0,0,0,0,0,0,0,0,0,0,0,0,0,1,10.70985544779752
5.0,100,14,6.47,32.0,128.0,6.0,5260.0,2340.0,1080.0,9,2019,10.725467604939041,390602.7820710974,0,1,0,0,0,0,0,0,0,0,0,0,0,0,0,0,0,0,0,0,0,0,0,1,10.282538288552125
3.0,100,15,6.39,20.0,256.0,8.0,4000.0,2340.0,1080.0,9,2019,9.674074388208323,395492.9577464789,0,1,0,0,0,0,0,0,0,0,0,0,0,0,0,0,0,0,0,0,0,0,0,1,10.49204716997999
5.0,98,17,6.39,20.0,128.0,6.0,4000.0,2340.0,1080.0,9,2019,10.621327345686446,395492.9577464789,0,1,0,0,0,0,0,0,0,0,0,0,0,0,0,0,0,0,0,0,0,0,0,1,10.249123878430904
5.0,95,11,6.39,20.0,64.0,6.0,4000.0,2340.0,1080.0,9,2019,10.51867319162636,395492.9577464789,0,1,0,0,0,0,0,0,0,0,0,0,0,0,0,0,0,0,0,0,0,0,0,1,10.119683495531385
3.2,100,70,6.53,20.0,128.0,6.0,4500.0,2340.0,1080.0,9,2019,10.126591103050316,387013.78254211333,0,1,0,0,0,0,0,0,0,0,0,0,0,0,0,0,0,0,0,0,0,0,0,1,10.091001629720287
3.7,99,18,6.53,20.0,64.0,4.0,4500.0,2340.0,1080.0,9,2019,9.998797732340453,387013.78254211333,0,1,0,0,0,0,0,0,0,0,0,0,0,0,0,0,0,0,0,0,0,0,0,1,9.894335697868502
4.8,94,13,6.3,13.0,128.0,6.0,4000.0,2340.0,1080.0,9,2019,10.165813354725493,401142.85714285716,0,1,0,0,0,0,0,0,0,0,0,0,0,0,0,0,0,0,0,0,0,0,0,1,10.188259477700239
3.7,90,5,6.3,13.0,64.0,6.0,4000.0,2340.0,1080.0,9,2019,10.126591103050316,401142.85714285716,0,1,0,0,0,0,0,0,0,0,0,0,0,0,0,0,0,0,0,0,0,0,0,1,9.98808920361183
4.0,32,13,5.0,5.0,8.0,1.0,2500.0,854.0,480.0,8,2019,8.85366542803745,81984.0,0,0,0,0,0,0,0,0,0,0,0,0,1,0,0,0,0,0,0,0,0,0,0,0,8.826984800077529
2.5,28,24,5.0,2.0,8.0,1.0,2000.0,854.0,480.0,8,2019,8.699514748210191,81984.0,0,0,0,0,0,0,0,0,0,0,0,0,1,0,0,0,0,0,0,0,0,0,0,0,8.726195376183062
5.0,55,21,6.6,8.0,32.0,2.0,5000.0,1600.0,720.0,10,2020,9.210340371976184,174545.45454545456,0,1,0,0,0,0,0,0,0,0,1,0,0,0,0,0,0,0,0,0,0,0,0,0,9.484851149423207
5.0,58,18,6.52,8.0,32.0,3.0,5000.0,1600.0,720.0,9,2019,9.472704636443673,176687.1165644172,0,1,0,0,0,0,0,0,0,0,1,0,0,0,0,0,0,0,0,0,0,0,0,0,9.508892824323953
5.0,95,13,6.53,16.0,128.0,6.0,4000.0,2340.0,1080.0,10,2020,9.975808214115753,387013.78254211333,0,1,0,0,0,0,0,0,0,0,1,0,0,0,0,0,0,0,0,0,0,0,0,0,10.108252901803283
3.0,87,18,6.6,8.0,64.0,4.0,5000.0,1600.0,720.0,10,2020,9.711055051991444,174545.45454545456,0,1,0,0,0,0,0,0,0,0,1,0,0,0,0,0,0,0,0,0,0,0,0,0,9.5317607223359
3.2,61,24,6.6,8.0,64.0,3.0,5000.0,1600.0,720.0,10,2020,9.546812608597396,174545.45454545456,0,1,0,0,0,0,0,0,0,0,1,0,0,0,0,0,0,0,0,0,0,0,0,0,9.488194246307206
3.0,55,11,6.6,8.0,32.0,2.0,5000.0,1600.0,720.0,10,2020,9.510370887608827,174545.45454545456,0,1,0,0,0,0,0,0,0,0,1,0,0,0,0,0,0,0,0,0,0,0,0,0,9.357725439308155
3.5,94,40,6.95,16.0,128.0,6.0,5000.0,1640.0,720.0,10,2020,9.952230096524119,169899.28057553957,0,1,0,0,0,0,0,0,0,0,1,0,0,0,0,0,0,0,0,0,0,0,0,0,9.850456644182568
3.3,44,73,6.6,5.0,32.0,2.0,4000.0,1600.0,720.0,9,2019,9.259130536145614,174545.45454545456,0,1,0,0,0,0,0,0,0,0,1,0,0,0,0,0,0,0,0,0,0,0,0,0,9.348693525957632
3.9,61,39,6.6,16.0,64.0,4.0,4000.0,1600.0,720.0,9,2019,9.602382459752207,174545.45454545456,0,1,0,0,0,0,0,0,0,0,1,0,0,0,0,0,0,0,0,0,0,0,0,0,9.655512487463007
3.4,61,60,6.6,32.0,64.0,4.0,4000.0,1600.0,720.0,9,2019,9.698920386794853,174545.45454545456,0,1,0,0,0,0,0,0,0,0,1,0,0,0,0,0,0,0,0,0,0,0,0,0,9.741129153120468
3.2,68,79,6.6,32.0,128.0,6.0,4000.0,1600.0,720.0,9,2019,9.878169744551839,174545.45454545456,0,1,0,0,0,0,0,0,0,0,1,0,0,0,0,0,0,0,0,0,0,0,0,0,9.964855626227612
2.2,49,76,6.52,8.0,32.0,2.0,5000.0,1600.0,720.0,8,2019,9.305650551780507,176687.1165644172,0,1,0,0,0,0,0,0,0,0,1,0,0,0,0,0,0,0,0,0,0,0,0,0,9.259117699718233
3.7,57,75,6.52,8.0,32.0,2.0,5000.0,1600.0,720.0,9,2019,9.392661928770137,176687.1165644172,0,1,0,0,0,0,0,0,0,0,1,0,0,0,0,0,0,0,0,0,0,0,0,0,9.356430948109564
4.0,43,72,5.5,8.0,16.0,1.0,3050.0,1440.0,720.0,9,2019,9.071078304642676,188509.0909090909,0,1,0,0,0,0,0,0,0,0,1,0,0,0,0,0,0,0,0,0,0,0,0,0,9.405462864692534
4.8,65,33,6.01,16.0,64.0,4.0,4000.0,2160.0,1080.0,9,2019,9.852194258148577,388153.078202995,0,1,0,0,0,0,0,0,0,0,1,0,0,0,0,0,0,0,0,0,0,0,0,0,9.828583177279151
3.5,49,34,4.7,8.0,32.0,3.0,3000.0,1280.0,720.0,6,2017,8.987196820661973,196085.1063829787,0,0,0,0,0,0,0,0,1,0,0,0,0,0,0,0,0,0,0,0,0,0,0,0,8.987196820680861
3.4,100,11,6.8,16.0,128.0,8.0,4300.0,2460.0,1080.0,10,2020,10.675907913990581,390705.8823529412,0,1,0,0,0,0,0,0,0,0,0,1,0,0,0,0,0,0,0,0,0,0,0,0,10.685359498838888
5.0,88,9,6.53,16.0,64.0,4.0,4000.0,2340.0,1080.0,9,2020,9.740968623038354,387013.78254211333,0,1,0,0,0,0,0,0,0,0,0,1,0,0,0,0,0,0,0,0,0,0,0,0,10.456368059245651
4.0,55,13,6.26,16.0,32.0,3.0,4000.0,1520.0,720.0,9,2019,9.704975636343447,174824.28115015975,0,1,0,0,0,0,0,0,0,0,0,1,0,0,0,0,0,0,0,0,0,0,0,0,10.144526467774549
3.8,74,16,6.1,8.0,128.0,6.0,3500.0,3120.0,1440.0,9,2019,10.778935456339678,736524.5901639345,0,1,0,0,0,0,0,0,0,0,0,1,0,0,0,0,0,0,0,0,0,0,0,0,10.71576008194092
3.0,47,4,5.2,5.0,16.0,2.0,2700.0,1920.0,1080.0,6,2015,10.778935456339678,398769.23076923075,0,1,0,0,0,0,0,0,0,0,0,1,0,0,0,0,0,0,0,0,0,0,0,0,9.957452576430184
2.3,62,4,5.7,5.0,128.0,4.0,3300.0,2880.0,1440.0,7,2017,9.495444123413163,727578.947368421,0,1,0,0,0,0,0,0,0,0,0,1,0,0,0,0,0,0,0,0,0,0,0,0,10.433408449174264
4.0,58,4,5.7,5.0,64.0,4.0,3300.0,2880.0,1440.0,7,2017,10.42225158360364,727578.947368421,0,1,0,0,0,0,0,0,0,0,0,1,0,0,0,0,0,0,0,0,0,0,0,0,10.412604027462255
3.8,56,5,5.7,5.0,32.0,4.0,3300.0,2880.0,1440.0,7,2017,10.42225158360364,727578.947368421,0,1,0,0,0,0,0,0,0,0,0,1,0,0,0,0,0,0,0,0,0,0,0,0,10.334013049821548
3.0,58,3,5.3,8.0,32.0,3.0,2800.0,2560.0,1440.0,6,2016,10.42225158360364,695547.1698113207,0,0,0,0,0,0,0,0,0,0,0,1,0,0,0,0,0,0,0,0,0,0,0,0,10.19992811243104
3.7,32,7,4.7,13.0,8.0,1.0,2440.0,960.0,540.0,4,2014,9.615805480084347,110297.87234042553,0,0,0,0,0,0,0,0,0,0,0,1,0,0,0,0,0,0,0,0,0,0,0,0,9.815252021179463
4.6,70,9,6.0,5.0,128.0,4.0,3300.0,2880.0,1440.0,7,2017,11.396391648714276,691200.0,0,1,0,0,0,0,0,0,0,0,0,1,0,0,0,0,0,0,0,0,0,0,0,0,10.556704929919679
4.7,58,8,5.7,5.0,64.0,4.0,3000.0,2560.0,1440.0,5,2015,10.4341158035983,646736.8421052631,0,0,0,0,0,0,0,0,0,0,0,1,0,0,0,0,0,0,0,0,0,0,0,0,10.330071048976507
4.0,57,4,5.7,5.0,32.0,4.0,3000.0,2560.0,1440.0,5,2015,10.373491181781864,646736.8421052631,0,0,0,0,0,0,0,0,0,0,0,1,0,0,0,0,0,0,0,0,0,0,0,0,10.220277751396761
3.6,56,13,5.5,8.0,32.0,4.0,3000.0,1280.0,720.0,8,2018,9.677778212399186,167563.63636363635,0,0,0,0,0,0,0,0,0,0,0,0,0,0,0,0,0,0,0,1,0,0,0,0,9.84186544483461
4.3,51,28,5.2,13.0,32.0,3.0,3000.0,1280.0,720.0,7,2017,9.677778212399186,177230.76923076922,0,0,0,0,0,0,0,0,0,0,0,0,0,0,0,0,0,0,0,1,0,0,0,0,9.844262629430917
4.0,41,16,5.5,5.0,16.0,2.0,3000.0,1280.0,720.0,8,2018,9.998797732340453,167563.63636363635,0,0,0,0,0,0,0,0,0,0,0,0,0,0,0,0,0,0,0,1,0,0,0,0,9.701076900222196
3.8,53,20,5.5,8.0,32.0,3.0,3300.0,1920.0,1080.0,6,2016,9.998797732340453,377018.1818181818,0,0,0,0,0,0,0,0,0,0,0,0,0,0,0,0,0,0,0,1,0,0,0,0,9.811824563648793
3.4,56,32,5.5,13.0,64.0,3.0,3600.0,1920.0,1080.0,7,2017,9.998797732340453,377018.1818181818,0,0,0,0,0,0,0,0,0,0,0,0,0,0,0,0,0,0,0,1,0,0,0,0,9.908635423180646
3.7,70,73,6.2,8.0,64.0,6.0,3500.0,2960.0,1440.0,8,2018,10.878028324431728,687483.8709677419,0,0,0,0,0,0,0,0,0,0,0,0,0,0,0,0,0,0,0,1,0,0,0,0,10.209869974720299
3.6,66,67,5.8,8.0,64.0,4.0,3000.0,2960.0,1440.0,8,2018,10.203555107263542,734896.551724138,0,0,0,0,0,0,0,0,0,0,0,0,0,0,0,0,0,0,0,1,0,0,0,0,10.148454217566657
2.2,34,25,5.0,5.0,16.0,15.0,2600.0,960.0,540.0,7,2016,10.19950974926291,103680.0,0,0,0,0,0,0,0,0,0,0,0,0,0,0,0,0,0,0,0,1,0,0,0,0,10.23028190933675
3.5,34,13,5.0,5.0,8.0,15.0,2600.0,960.0,540.0,6,2018,10.239924074233857,103680.0,0,0,0,0,0,0,0,0,0,0,0,0,0,0,0,0,0,0,0,1,0,0,0,0,10.37044462795085
3.7,58,19,5.7,16.0,32.0,3.0,3600.0,1920.0,1080.0,6,2017,10.203555107263542,363789.4736842105,0,0,0,0,0,0,0,0,0,0,0,0,0,0,0,0,0,0,0,1,0,0,0,0,9.877489545341428
4.2,47,19,4.7,8.0,16.0,2.0,2350.0,1280.0,720.0,6,2017,10.718852365820323,196085.1063829787,0,0,0,0,0,0,0,0,0,0,0,0,0,0,0,0,0,0,0,1,0,0,0,0,9.763523087958832
3.9,62,17,6.0,16.0,32.0,4.0,3500.0,2220.0,1080.0,7,2018,10.718852365820323,399600.0,0,0,0,0,0,0,0,0,0,0,0,0,0,0,0,0,0,0,0,1,0,0,0,0,9.994040861632264
4.4,61,18,5.6,16.0,32.0,4.0,3000.0,2220.0,1080.0,7,2018,9.350015354048665,428142.85714285716,0,0,0,0,0,0,0,0,0,0,0,0,0,0,0,0,0,0,0,1,0,0,0,0,10.071385953925397
3.0,35,14,5.0,5.0,16.0,2.0,2600.0,1280.0,720.0,5,2016,10.239924074233857,184320.0,0,0,0,0,0,0,0,0,0,0,0,0,0,0,0,0,0,0,0,1,0,0,0,0,9.605181007054167
3.0,53,20,5.5,13.0,16.0,3.0,3600.0,1920.0,1080.0,7,2017,10.373459931293572,377018.1818181818,0,0,0,0,0,0,0,0,0,0,0,0,0,0,0,0,0,0,0,1,0,0,0,0,9.787404030680369
4.4,54,41,5.5,13.0,32.0,3.0,3600.0,1920.0,1080.0,7,2017,10.85897976660942,377018.1818181818,0,0,0,0,0,0,0,0,0,0,0,0,0,0,0,0,0,0,0,1,0,0,0,0,9.905856585537201
4.0,80,12,5.8,10.0,256.0,8.0,3100.0,2280.0,1080.0,9,2019,11.015345067954259,424551.7241379311,0,0,0,0,0,0,0,0,0,0,0,0,0,0,0,0,0,0,0,1,0,0,0,0,10.702884069223959
3.5,70,30,5.8,10.0,128.0,6.0,3100.0,2280.0,1080.0,9,2019,10.789298458156308,424551.7241379311,0,0,0,0,0,0,0,0,0,0,0,0,0,0,0,0,0,0,0,1,0,0,0,0,10.294451813508267
3.8,76,70,6.1,10.0,128.0,8.0,3400.0,3040.0,1440.0,9,2019,10.941978217862857,717639.3442622952,0,0,0,0,0,0,0,0,0,0,0,0,0,0,0,0,0,0,0,1,0,0,0,0,10.529077749131504
4.1,60,92,6.3,8.0,32.0,3.0,5000.0,2340.0,1080.0,8,2019,9.74090979777877,401142.85714285716,0,1,0,0,0,0,0,0,0,0,0,0,0,0,0,0,0,0,0,1,0,0,0,0,9.868512218976473
3.2,49,19,6.22,5.0,16.0,2.0,3400.0,1520.0,720.0,8,2019,9.615805480084347,175948.5530546624,0,0,0,0,0,0,0,0,0,0,0,0,0,0,0,0,0,0,0,1,0,0,0,0,9.651416758306896
4.0,77,35,6.3,24.0,128.0,6.0,3800.0,2220.0,1080.0,8,2018,10.275051108968611,380571.4285714286,0,0,0,0,0,0,0,0,0,0,0,0,0,0,0,0,0,0,0,1,0,0,0,0,10.334715717521059
4.5,69,21,5.8,8.0,128.0,4.0,3000.0,2960.0,1440.0,8,2018,9.5450252980233,734896.551724138,0,0,0,0,0,0,0,0,0,0,0,0,0,0,0,0,0,0,0,1,0,0,0,0,10.348189001545578
4.0,55,20,6.0,16.0,32.0,3.0,3500.0,1480.0,720.0,8,2018,10.275016625615446,177600.0,0,0,0,0,0,0,0,0,0,0,0,0,0,0,0,0,0,0,0,1,0,0,0,0,9.842437955756324
4.7,42,8,6.0,5.0,16.0,2.0,3300.0,1480.0,720.0,8,2018,9.74090979777877,177600.0,0,0,0,0,0,0,0,0,0,0,0,0,0,0,0,0,0,0,0,1,0,0,0,0,9.726989587131298
3.3,68,33,6.0,24.0,64.0,4.0,3300.0,2220.0,1080.0,8,2018,9.74090979777877,399600.0,0,0,0,0,0,0,0,0,0,0,0,0,0,0,0,0,0,0,0,1,0,0,0,0,10.087087133520113
4.7,55,20,6.09,8.0,32.0,3.0,3020.0,1560.0,720.0,9,2019,9.51044496442652,184433.49753694583,0,1,0,0,0,0,0,0,0,1,0,0,0,0,0,0,0,0,0,0,0,0,0,0,9.697779090088922
3.4,100,52,6.26,32.0,128.0,8.0,3750.0,2340.0,1080.0,9,2019,10.419300717813158,403706.07028754,0,1,0,0,0,0,0,0,0,1,0,0,0,0,0,0,0,0,0,0,0,0,0,0,10.32707634453521
3.4,94,74,6.59,16.0,128.0,6.0,4000.0,2340.0,1080.0,9,2019,10.146394514691288,383490.13657056144,0,1,0,0,0,0,0,0,0,1,0,0,0,0,0,0,0,0,0,0,0,0,0,0,10.060236988280138
3.4,93,66,6.15,24.0,128.0,6.0,3340.0,2312.0,1080.0,9,2019,10.106428396532818,406009.7560975609,0,1,0,0,0,0,0,0,0,1,0,0,0,0,0,0,0,0,0,0,0,0,0,0,10.173971652188115
3.0,98,21,6.52,32.0,128.0,8.0,4500.0,2400.0,1176.0,10,2019,9.723104116372433,432883.43558282213,0,1,0,0,0,0,0,0,0,1,0,0,0,0,0,0,0,0,0,0,0,0,0,0,10.282372048755581
5.0,100,8,6.52,32.0,256.0,8.0,4500.0,2400.0,1176.0,10,2019,11.170435156023453,432883.43558282213,0,1,0,0,0,0,0,0,0,1,0,0,0,0,0,0,0,0,0,0,0,0,0,0,10.676486030925732
3.8,97,10,6.62,24.0,128.0,8.0,4200.0,2340.0,1080.0,10,2019,9.74090979777877,381752.2658610272,0,1,0,0,0,0,0,0,0,1,0,0,0,0,0,0,0,0,0,0,0,0,0,0,10.26229868317743
4.0,93,7,6.62,24.0,128.0,6.0,4200.0,2340.0,1080.0,10,2019,9.305559638557117,381752.2658610272,0,1,0,0,0,0,0,0,0,1,0,0,0,0,0,0,0,0,0,0,0,0,0,0,10.165696162610946
2.5,100,16,6.59,16.0,256.0,8.0,4000.0,2340.0,1080.0,9,2019,10.087058328730514,383490.13657056144,0,1,0,0,0,0,0,0,0,1,0,0,0,0,0,0,0,0,0,0,0,0,0,0,10.387325467099553
4.5,98,9,6.59,16.0,128.0,8.0,4000.0,2340.0,1080.0,9,2019,10.106387579373278,383490.13657056144,0,1,0,0,0,0,0,0,0,1,0,0,0,0,0,0,0,0,0,0,0,0,0,0,10.256728626594999
5.0,95,16,6.59,16.0,128.0,6.0,4000.0,2340.0,1080.0,9,2019,9.668524424416576,383490.13657056144,0,1,0,0,0,0,0,0,0,1,0,0,0,0,0,0,0,0,0,0,0,0,0,0,10.17722599674073
2.5,64,11,6.59,16.0,64.0,4.0,4000.0,2340.0,1080.0,9,2019,10.4341158035983,383490.13657056144,0,1,0,0,0,0,0,0,0,1,0,0,0,0,0,0,0,0,0,0,0,0,0,0,9.775509631491365
3.4,81,14,6.4,24.0,128.0,8.0,4000.0,2310.0,1080.0,9,2019,9.66770192587285,389812.5,0,1,0,0,0,0,0,0,0,1,0,0,0,0,0,0,0,0,0,0,0,0,0,0,10.25355320550271
4.0,60,21,6.26,24.0,64.0,4.0,3350.0,2280.0,1080.0,8,2018,9.975761701406148,393354.63258785947,0,1,0,0,0,0,0,0,0,0,0,0,0,0,0,0,0,0,0,0,0,0,0,1,9.969078627755989
4.6,95,13,6.39,20.0,128.0,6.0,4000.0,2340.0,1080.0,9,2019,10.621302955145095,395492.9577464789,0,1,0,0,0,0,0,0,0,0,0,0,0,0,0,0,0,0,0,0,0,0,0,1,10.224162022479664
4.0,61,5,5.99,5.0,64.0,4.0,4000.0,2160.0,1080.0,7,2018,10.126591103050316,389449.081803005,0,1,0,0,0,0,0,0,0,0,0,0,0,0,0,0,0,0,0,0,0,0,0,1,9.803558359913042
4.0,91,4,6.39,20.0,64.0,6.0,4000.0,2340.0,1080.0,9,2019,10.46310334047155,395492.9577464789,0,1,0,0,0,0,0,0,0,0,0,0,0,0,0,0,0,0,0,0,0,0,0,1,10.05658392654563
3.0,62,29,6.3,13.0,64.0,4.0,4000.0,2340.0,1080.0,9,2019,9.878118461185586,401142.85714285716,0,1,0,0,0,0,0,0,0,0,0,0,0,0,0,0,0,0,0,0,0,0,0,1,9.826983357863122
4.2,86,23,6.3,13.0,64.0,4.0,4000.0,2340.0,1080.0,9,2019,10.002653924030627,401142.85714285716,0,1,0,0,0,0,0,0,0,0,0,0,0,0,0,0,0,0,0,0,0,0,0,1,9.906038500362806
4.5,72,20,6.18,20.0,128.0,6.0,4000.0,2246.0,1080.0,8,2018,10.46310334047155,392504.8543689321,0,1,0,0,0,0,0,0,0,0,0,0,0,0,0,0,0,0,0,0,0,0,0,1,10.18524495833943
3.0,45,11,5.45,5.0,16.0,2.0,3000.0,1440.0,720.0,8,2018,9.305650551780507,190238.53211009174,0,0,0,0,0,0,0,0,0,0,0,0,0,0,0,0,0,0,0,0,0,0,0,1,9.461633829633652
4.5,63,7,6.44,5.0,64.0,4.0,5300.0,1920.0,1080.0,7,2017,10.373491181781864,321987.57763975154,0,0,0,0,0,0,0,0,0,0,0,0,0,0,0,0,0,0,0,0,0,0,0,1,9.668043834231177
2.8,62,8,5.5,5.0,64.0,4.0,4100.0,1920.0,1080.0,6,2017,9.998797732340453,377018.1818181818,0,0,0,0,0,0,0,0,0,0,0,0,0,0,0,0,0,0,0,0,0,0,0,1,9.659589789933385
3.0,58,3,5.5,5.0,32.0,3.0,4100.0,1920.0,1080.0,6,2017,9.903487552536127,377018.1818181818,0,0,0,0,0,0,0,0,0,0,0,0,0,0,0,0,0,0,0,0,0,0,0,1,9.553156266742025
4.4,49,12,5.5,16.0,32.0,3.0,3080.0,1280.0,720.0,7,2017,9.798127036878302,167563.63636363635,0,0,0,0,0,0,0,0,0,0,0,0,0,0,0,0,0,0,0,0,0,0,0,1,9.674275247936585
4.3,53,7,5.0,5.0,32.0,3.0,4100.0,1280.0,720.0,6,2017,9.740968623038354,184320.0,0,0,0,0,0,0,0,0,0,0,0,0,0,0,0,0,0,0,0,0,0,0,0,1,9.560349434787886
5.0,100,13,6.5,16.0,128.0,8.0,4300.0,2400.0,1080.0,10,2020,10.275016625615446,398769.23076923075,0,1,0,0,0,0,0,0,0,0,0,0,0,0,0,0,0,0,1,0,0,0,0,0,10.303788898096293
5.0,60,8,6.5,5.0,64.0,3.0,5000.0,1560.0,720.0,10,2020,9.581834960513193,172800.0,0,1,0,0,0,0,0,0,0,0,0,0,0,0,0,0,0,0,1,0,0,0,0,0,9.67934914892738
5.0,100,4,6.4,32.0,128.0,6.0,4500.0,2400.0,1080.0,10,2020,10.021270588192511,405000.0,0,1,0,0,0,0,0,0,0,0,0,0,0,0,0,0,0,0,1,0,0,0,0,0,10.315143435522195
5.0,100,3,6.5,16.0,128.0,8.0,5000.0,2400.0,1080.0,10,2020,10.021270588192511,398769.23076923075,0,1,0,0,0,0,0,0,0,0,0,0,0,0,0,0,0,0,1,0,0,0,0,0,10.275483024218122
5.0,100,6,6.5,16.0,64.0,6.0,5000.0,2400.0,1080.0,10,2020,9.769956159911606,398769.23076923075,0,1,0,0,0,0,0,0,0,0,0,0,0,0,0,0,0,0,1,0,0,0,0,0,10.033716190274065
5.0,100,6,6.55,32.0,128.0,8.0,4500.0,2400.0,1080.0,10,2020,9.769956159911606,395725.19083969464,0,1,0,0,0,0,0,0,0,0,0,0,0,0,0,0,0,0,1,0,0,0,0,0,10.416826267863831
5.0,100,10,6.5,16.0,128.0,8.0,5000.0,2400.0,1080.0,10,2020,10.021270588192511,398769.23076923075,0,1,0,0,0,0,0,0,0,0,0,0,0,0,0,0,0,0,1,0,0,0,0,0,10.273861522966907
5.0,96,10,6.5,16.0,128.0,6.0,5000.0,2400.0,1080.0,10,2020,10.021270588192511,398769.23076923075,0,1,0,0,0,0,0,0,0,0,0,0,0,0,0,0,0,0,1,0,0,0,0,0,10.163619859245362
4.0,67,8,6.5,8.0,64.0,4.0,6000.0,1560.0,720.0,10,2020,9.769956159911606,172800.0,0,1,0,0,0,0,0,0,0,0,0,0,0,0,0,0,0,0,1,0,0,0,0,0,9.649035581240417
5.0,63,5,6.5,8.0,32.0,3.0,6000.0,1560.0,720.0,10,2020,9.769956159911606,172800.0,0,1,0,0,0,0,0,0,0,0,0,0,0,0,0,0,0,0,1,0,0,0,0,0,9.59391562816685
3.3,58,21,6.5,5.0,32.0,2.0,5000.0,1560.0,720.0,10,2020,9.259035293514941,172800.0,0,1,0,0,0,0,0,0,0,0,0,0,0,0,0,0,0,0,1,0,0,0,0,0,9.44577601763982
5.0,56,11,6.5,5.0,32.0,2.0,5000.0,1600.0,720.0,10,2020,9.457122321855792,177230.76923076922,0,1,0,0,0,0,0,0,0,0,0,0,0,0,0,0,0,0,1,0,0,0,0,0,9.560159200496207
4.1,62,54,5.5,13.0,64.0,4.0,3000.0,1920.0,1080.0,6,2016,9.809176873064887,377018.1818181818,0,0,0,0,0,0,1,0,0,0,0,0,0,0,0,0,0,0,0,0,0,0,0,0,9.812923950031404
4.5,58,9,5.7,16.0,128.0,4.0,3000.0,2560.0,1440.0,7,2017,10.085809109330082,646736.8421052631,0,0,0,0,0,0,1,0,0,0,0,0,0,0,0,0,0,0,0,0,0,0,0,0,10.157041084853118
3.8,55,18,5.7,16.0,64.0,4.0,3000.0,2560.0,1440.0,7,2017,10.021270588192511,646736.8421052631,0,0,0,0,0,0,1,0,0,0,0,0,0,0,0,0,0,0,0,0,0,0,0,0,9.978821307249415
2.5,61,3,5.2,8.0,64.0,4.0,3000.0,1920.0,1080.0,6,2016,9.928131383448887,398769.23076923075,0,0,0,0,0,0,0,0,0,1,0,0,0,0,0,0,0,0,0,0,0,0,0,0,9.66455881064671
3.1,57,8,5.2,8.0,32.0,3.0,3000.0,1920.0,1080.0,6,2016,9.928131383448887,398769.23076923075,0,0,0,0,0,0,0,0,0,1,0,0,0,0,0,0,0,0,0,0,0,0,0,0,9.581697285191265
3.7,44,7,5.0,5.0,16.0,2.0,4000.0,1280.0,720.0,5,2015,10.292145542327912,184320.0,0,1,0,0,0,0,0,0,0,1,0,0,0,0,0,0,0,0,0,0,0,0,0,0,9.370868637905199
3.0,45,12,5.5,8.0,16.0,2.0,3000.0,1280.0,720.0,6,2016,9.392578591964389,167563.63636363635,0,0,0,0,0,0,0,0,0,1,0,0,0,0,0,0,0,0,0,0,0,0,0,0,9.372323983479303
3.5,29,21,4.5,2.0,8.0,1.0,2100.0,854.0,480.0,5,2016,8.922658299524402,91093.33333333333,0,1,0,0,0,0,0,0,0,1,0,0,0,0,0,0,0,0,0,0,0,0,0,0,9.347893008640733
4.3,93,34,7.2,24.0,128.0,6.0,5000.0,2244.0,1080.0,9,2018,9.786897554926753,336600.0,0,1,0,0,0,0,0,0,0,1,0,0,0,0,0,0,0,0,0,0,0,0,0,0,10.073479656435751
4.1,94,52,6.39,24.0,128.0,6.0,4200.0,3120.0,1440.0,9,2018,9.341280911236778,703098.5915492958,0,1,0,0,0,0,0,0,0,1,0,0,0,0,0,0,0,0,0,0,0,0,0,0,10.280827932229709
4.5,67,9,6.53,24.0,128.0,4.0,4000.0,2244.0,1080.0,9,2018,10.819778284410283,371136.29402756505,0,1,0,0,0,0,0,0,0,1,0,0,0,0,0,0,0,0,0,0,0,0,0,0,10.058705265404019
3.2,52,10,5.99,8.0,32.0,3.0,3000.0,1440.0,720.0,8,2018,9.433483923290392,173088.48080133557,0,1,0,0,0,0,0,0,0,1,0,0,0,0,0,0,0,0,0,0,0,0,0,0,9.566412195491319
3.8,41,19,5.7,5.0,16.0,2.0,3000.0,1440.0,720.0,8,2018,9.41727323724241,181894.73684210525,0,0,0,0,0,0,0,0,0,1,0,0,0,0,0,0,0,0,0,0,0,0,0,0,9.470549451567917
3.4,57,26,5.65,8.0,32.0,3.0,3000.0,2160.0,1080.0,8,2017,9.711115659888671,412884.9557522124,0,1,0,0,0,0,0,0,0,1,0,0,0,0,0,0,0,0,0,0,0,0,0,0,9.659973400402121
4.0,30,10,5.0,2.0,8.0,1.0,2280.0,854.0,480.0,8,2017,9.210340371976184,81984.0,0,0,0,0,0,0,0,0,0,1,0,0,0,0,0,0,0,0,0,0,0,0,0,0,9.359589082383131
2.8,42,53,5.45,5.0,16.0,2.0,3020.0,1440.0,720.0,8,2018,9.210340371976184,190238.53211009174,0,0,0,0,0,0,0,0,0,1,0,0,0,0,0,0,0,0,0,0,0,0,0,0,9.40729316697411
4.1,42,11,5.45,5.0,16.0,2.0,3020.0,1440.0,720.0,8,2018,9.704975636343447,190238.53211009174,0,0,0,0,0,0,0,0,0,1,0,0,0,0,0,0,0,0,0,0,0,0,0,0,9.501159565789425
4.8,49,23,5.99,8.0,32.0,3.0,3000.0,1440.0,720.0,8,2018,9.261983605128021,173088.48080133557,0,0,0,0,0,0,0,0,0,1,0,0,0,0,0,0,0,0,0,0,0,0,0,0,9.633757016754515
3.5,49,36,5.99,8.0,32.0,3.0,3000.0,1440.0,720.0,8,2018,9.680344001221918,173088.48080133557,0,0,0,0,0,0,0,0,0,1,0,0,0,0,0,0,0,0,0,0,0,0,0,0,9.546608265979927
4.9,99,26,6.0,24.0,256.0,6.0,4000.0,2880.0,1440.0,8,2018,10.052596975123969,691200.0,0,1,0,0,0,0,0,0,0,1,0,0,0,0,0,0,0,0,0,0,0,0,0,0,10.613497023688328
4.2,90,54,6.1,24.0,128.0,6.0,4000.0,2244.0,1080.0,8,2018,10.950806546816688,397298.36065573775,0,1,0,0,0,0,0,0,0,1,0,0,0,0,0,0,0,0,0,0,0,0,0,0,10.162117803255141
4.2,65,38,5.8,24.0,128.0,4.0,3400.0,2244.0,1080.0,8,2018,9.21024036697585,417848.275862069,0,1,0,0,0,0,0,0,0,1,0,0,0,0,0,0,0,0,0,0,0,0,0,0,10.098942599345648
3.8,63,86,5.84,16.0,64.0,4.0,3000.0,2280.0,1080.0,8,2018,9.711115659888671,421643.83561643836,0,1,0,0,0,0,0,0,0,1,0,0,0,0,0,0,0,0,0,0,0,0,0,0,9.887911459241106
3.0,74,9,5.15,8.0,128.0,6.0,3200.0,1920.0,1080.0,7,2017,10.239959789157341,402640.7766990291,0,1,0,0,0,0,0,0,0,1,0,0,0,0,0,0,0,0,0,0,0,0,0,0,9.998907167814599
3.9,57,41,5.65,13.0,32.0,3.0,3000.0,2160.0,1080.0,8,2017,9.093806555720231,412884.9557522124,0,1,0,0,0,0,0,0,0,1,0,0,0,0,0,0,0,0,0,0,0,0,0,0,9.727247322647782
4.2,76,33,6.0,8.0,128.0,6.0,4000.0,2160.0,1080.0,8,2017,10.325481962595504,388800.0,0,1,0,0,0,0,0,0,0,1,0,0,0,0,0,0,0,0,0,0,0,0,0,0,10.007975207292919
4.3,67,13,5.15,8.0,64.0,4.0,3200.0,1920.0,1080.0,7,2017,9.878169744551839,402640.7766990291,0,1,0,0,0,0,0,0,0,1,0,0,0,0,0,0,0,0,0,0,0,0,0,0,9.841046082142714
3.0,61,8,5.5,20.0,64.0,4.0,3340.0,1920.0,1080.0,7,2017,9.615138591096644,377018.1818181818,0,1,0,0,0,0,0,0,0,1,0,0,0,0,0,0,0,0,0,0,0,0,0,0,9.823350188671629
3.0,53,7,5.5,5.0,64.0,4.0,2600.0,2560.0,1440.0,6,2016,10.291806501809322,670254.5454545454,0,0,0,0,0,0,0,0,0,0,0,0,0,0,1,0,0,0,0,0,0,0,0,0,10.476781380497924
4.0,49,12,5.5,5.0,32.0,3.0,5000.0,1280.0,720.0,7,2017,9.893437216682626,167563.63636363635,0,0,0,0,0,0,0,0,0,0,0,0,0,0,1,0,0,0,0,0,0,0,0,0,10.118064084700784
3.0,49,4,5.5,5.0,16.0,2.0,3000.0,1920.0,1080.0,6,2016,9.998752276761909,377018.1818181818,0,0,0,0,0,0,0,0,0,0,0,0,0,0,1,0,0,0,0,0,0,0,0,0,10.116540842490721
3.0,56,8,5.2,16.0,32.0,3.0,3000.0,1920.0,1080.0,7,2017,9.735068900911164,398769.23076923075,0,0,0,0,0,0,0,0,0,0,0,0,0,0,1,0,0,0,0,0,0,0,0,0,10.340361786696805
3.0,38,1,5.0,2.0,16.0,1.0,4000.0,1280.0,720.0,7,2017,10.545315122572783,184320.0,0,1,0,0,0,0,0,0,0,0,0,0,0,0,1,0,0,0,0,0,0,0,0,0,9.987315547266407
2.0,28,5,5.0,2.0,8.0,1.0,2350.0,854.0,480.0,7,2017,10.505040141934996,81984.0,0,1,0,0,0,0,0,0,0,0,0,0,0,0,1,0,0,0,0,0,0,0,0,0,9.930356519071422
2.3,74,23,6.3,8.0,128.0,6.0,3700.0,3040.0,1440.0,10,2019,11.580584113444043,694857.1428571428,0,1,0,0,0,1,0,0,0,0,0,0,0,0,0,0,0,0,0,0,0,0,0,0,10.706686555794645
5.0,70,11,6.3,8.0,64.0,6.0,3700.0,3040.0,1440.0,10,2019,11.661336849361689,694857.1428571428,0,1,0,0,0,1,0,0,0,0,0,0,0,0,0,0,0,0,0,0,0,0,0,0,10.753382920750244
3.7,70,7,5.7,8.0,128.0,6.0,2800.0,2280.0,1080.0,10,2019,11.58987724680423,432000.0,0,1,0,0,0,1,0,0,0,0,0,0,0,0,0,0,0,0,0,0,0,0,0,0,10.73458797245894
5.0,66,3,5.7,8.0,64.0,6.0,2800.0,2280.0,1080.0,10,2019,11.561706105284784,432000.0,0,1,0,0,0,1,0,0,0,0,0,0,0,0,0,0,0,0,0,0,0,0,0,0,10.688821694795697
5.0,59,6,5.6,8.0,64.0,4.0,3000.0,2220.0,1080.0,9,2019,9.560926818574357,428142.85714285716,0,1,0,0,0,1,0,0,0,0,0,0,0,0,0,0,0,0,0,0,0,0,0,0,10.569908043947605
4.8,67,12,6.0,8.0,128.0,4.0,3520.0,2880.0,1440.0,8,2017,10.106224294072675,691200.0,0,0,0,0,0,1,0,0,0,0,0,0,0,0,0,0,0,0,0,0,0,0,0,0,10.671835076240262
4.4,64,22,6.0,8.0,64.0,4.0,3520.0,2880.0,1440.0,8,2017,9.595602772766828,691200.0,0,0,0,0,0,1,0,0,0,0,0,0,0,0,0,0,0,0,0,0,0,0,0,0,10.512799976671761
4.0,60,7,5.5,8.0,128.0,4.0,3450.0,2560.0,1440.0,7,2016,10.4341158035983,670254.5454545454,0,0,0,0,0,1,0,0,0,0,0,0,0,0,0,0,0,0,0,0,0,0,0,0,10.59257530735237
4.7,55,3,5.5,8.0,32.0,4.0,3450.0,2560.0,1440.0,7,2016,9.560926818574357,670254.5454545454,0,0,0,0,0,1,0,0,0,0,0,0,0,0,0,0,0,0,0,0,0,0,0,0,10.442561266989523
4.0,57,3,5.0,8.0,128.0,4.0,2770.0,1920.0,1080.0,7,2016,9.798071479779479,414720.0,0,0,0,0,0,1,0,0,0,0,0,0,0,0,0,0,0,0,0,0,0,0,0,0,10.518287467566152
4.3,51,9,5.0,8.0,32.0,4.0,2770.0,1920.0,1080.0,7,2016,11.082142548877775,414720.0,0,0,0,0,0,1,0,0,0,0,0,0,0,0,0,0,0,0,0,0,0,0,0,0,10.34006856874965
4.4,100,6,6.67,20.0,256.0,8.0,4500.0,2340.0,1080.0,10,2020,10.714417768752456,378890.5547226387,0,0,0,0,0,0,0,0,0,0,0,0,0,0,0,0,0,0,0,0,0,0,0,1,10.54968617025252
5.0,100,3,6.67,20.0,128.0,8.0,4500.0,2340.0,1080.0,10,2020,10.545341438708522,378890.5547226387,0,0,0,0,0,0,0,0,0,0,0,0,0,0,0,0,0,0,0,0,0,0,0,1,10.327553259272673
5.0,68,6,6.53,8.0,128.0,4.0,5020.0,2340.0,1080.0,10,2020,9.350102314351341,387013.78254211333,0,1,0,0,0,0,0,0,0,0,0,0,0,0,0,0,0,0,0,0,0,0,0,1,10.032003466399013
4.0,64,4,6.53,8.0,64.0,4.0,5020.0,2340.0,1080.0,10,2020,9.350102314351341,387013.78254211333,0,1,0,0,0,0,0,0,0,0,0,0,0,0,0,0,0,0,0,0,0,0,0,1,9.836915441118983
5.0,62,4,6.53,5.0,64.0,3.0,5000.0,1600.0,720.0,10,2020,10.254144424149297,176416.53905053597,0,1,0,0,0,0,0,0,0,0,0,0,0,0,0,0,0,0,0,0,0,0,0,1,9.727350951440645
5.0,58,2,6.53,5.0,32.0,2.0,5000.0,1600.0,720.0,10,2020,9.126850061477157,176416.53905053597,0,1,0,0,0,0,0,0,0,0,0,0,0,0,0,0,0,0,0,0,0,0,0,1,9.607278285094223
2.5,57,6,6.53,5.0,32.0,2.0,5000.0,1600.0,720.0,10,2020,9.305559638557117,176416.53905053597,0,1,0,0,0,0,0,0,0,0,0,0,0,0,0,0,0,0,0,0,0,0,0,1,9.444549037358263
5.0,94,7,6.67,16.0,64.0,6.0,5000.0,2400.0,1080.0,10,2020,9.91338837721339,388605.6971514243,0,1,0,0,0,0,0,0,0,0,0,0,0,0,0,0,0,0,0,0,0,0,0,1,10.070643872801448
4.0,91,6,6.67,16.0,64.0,4.0,5000.0,2400.0,1080.0,10,2020,9.392578591964389,388605.6971514243,0,1,0,0,0,0,0,0,0,0,0,0,0,0,0,0,0,0,0,0,0,0,0,1,9.89591278187882
3.7,100,12,6.67,32.0,128.0,6.0,5020.0,2400.0,1080.0,10,2020,9.581834960513193,388605.6971514243,0,1,0,0,0,0,0,0,0,0,0,0,0,0,0,0,0,0,0,0,0,0,0,1,10.238145288980169
5.0,100,10,6.67,32.0,64.0,6.0,5020.0,2400.0,1080.0,10,2020,9.581834960513193,388605.6971514243,0,1,0,0,0,0,0,0,0,0,0,0,0,0,0,0,0,0,0,0,0,0,0,1,10.191915725245149
5.0,98,8,6.57,16.0,128.0,6.0,4520.0,2400.0,1080.0,10,2020,9.58870831219998,394520.5479452055,0,1,0,0,0,0,0,0,0,0,0,0,0,0,0,0,0,0,0,0,0,0,0,1,10.227514040789826
5.0,95,3,6.57,16.0,64.0,6.0,4520.0,2400.0,1080.0,10,2020,9.405002140854743,394520.5479452055,0,1,0,0,0,0,0,0,0,0,0,0,0,0,0,0,0,0,0,0,0,0,0,1,10.097842014854418
5.0,96,4,6.53,13.0,128.0,6.0,5020.0,2340.0,1080.0,10,2020,9.392578591964389,387013.78254211333,0,1,0,0,0,0,0,0,0,0,0,0,0,0,0,0,0,0,0,0,0,0,0,1,10.181096448857824
5.0,93,5,6.53,13.0,128.0,4.0,5020.0,2340.0,1080.0,10,2020,10.130583283688766,387013.78254211333,0,1,0,0,0,0,0,0,0,0,0,0,0,0,0,0,0,0,0,0,0,0,0,1,10.07062314210039
3.9,100,12,6.67,16.0,128.0,6.0,5020.0,2400.0,1080.0,10,2020,10.239959789157341,388605.6971514243,0,1,0,0,0,0,0,0,0,0,0,0,0,0,0,0,0,0,0,0,0,0,0,1,10.128247798497993
3.3,100,1,6.67,16.0,64.0,6.0,5020.0,2400.0,1080.0,10,2020,10.239959789157341,388605.6971514243,0,1,0,0,0,0,0,0,0,0,0,0,0,0,0,0,0,0,0,0,0,0,0,1,9.961132988635729
5.0,64,6,6.53,8.0,64.0,4.0,5020.0,2340.0,1080.0,10,2020,8.942330199321866,387013.78254211333,0,1,0,0,0,0,0,0,0,0,0,0,0,0,0,0,0,0,0,0,0,0,0,1,9.901173225284168
3.3,61,2,6.53,8.0,32.0,3.0,5020.0,2340.0,1080.0,10,2020,9.350102314351341,387013.78254211333,0,1,0,0,0,0,0,0,0,0,0,0,0,0,0,0,0,0,0,0,0,0,0,1,9.671538025606688
5.0,100,4,6.67,20.0,128.0,6.0,4700.0,2400.0,1080.0,10,2020,9.546741177474825,388605.6971514243,0,1,0,0,0,0,0,0,0,0,0,0,0,0,0,0,0,0,0,0,0,0,0,1,10.246003313829366
3.8,93,9,6.53,13.0,128.0,4.0,5020.0,2340.0,1080.0,10,2020,9.918326902732767,387013.78254211333,0,1,0,0,0,0,0,0,0,0,0,0,0,0,0,0,0,0,0,0,0,0,0,1,9.992031285672484
4.5,87,7,6.53,13.0,64.0,3.0,5020.0,2340.0,1080.0,10,2020,9.740321354781914,387013.78254211333,0,1,0,0,0,0,0,0,0,0,0,0,0,0,0,0,0,0,0,0,0,0,0,1,9.85184824793452
4.3,98,24,6.67,16.0,128.0,6.0,5020.0,2400.0,1080.0,10,2020,10.106428396532818,388605.6971514243,0,1,0,0,0,0,0,0,0,0,0,0,0,0,0,0,0,0,0,0,0,0,0,1,10.151356510162136
4.5,91,13,6.67,16.0,64.0,4.0,5020.0,2400.0,1080.0,10,2020,10.00784756786037,388605.6971514243,0,1,0,0,0,0,0,0,0,0,0,0,0,0,0,0,0,0,0,0,0,0,0,1,9.925776892767889
3.0,100,4,6.57,16.0,128.0,8.0,4160.0,2400.0,1080.0,10,2020,9.631088103615504,394520.5479452055,0,1,0,0,0,0,0,0,0,0,0,0,0,0,0,0,0,0,0,0,0,0,0,1,10.224988749788615
3.2,47,54,6.2,8.0,32.0,2.0,3500.0,1520.0,720.0,9,2019,9.392578591964389,176516.12903225806,0,1,0,0,0,0,0,0,0,0,1,0,0,0,0,0,0,0,0,0,0,0,0,0,9.402631784711266
3.2,63,95,6.2,32.0,64.0,6.0,4000.0,1520.0,720.0,9,2019,9.852194258148577,176516.12903225806,0,0,0,0,0,0,0,0,0,0,1,0,0,0,0,0,0,0,0,0,0,0,0,0,9.808224818930304
4.3,56,57,6.2,32.0,32.0,3.0,4000.0,1520.0,720.0,9,2019,9.51044496442652,176516.12903225806,0,0,0,0,0,0,0,0,0,0,1,0,0,0,0,0,0,0,0,0,0,0,0,0,9.657442815414939
3.9,44,107,6.2,8.0,32.0,2.0,4000.0,1500.0,720.0,8,2019,9.350102314351341,174193.54838709676,0,1,0,0,0,0,0,0,0,0,1,0,0,0,0,0,0,0,0,0,0,0,0,0,9.41271653455917
3.9,67,33,6.18,20.0,128.0,6.0,3570.0,2160.0,1080.0,8,2019,10.341710224882465,377475.72815533984,0,0,0,0,0,0,0,0,0,0,1,0,0,0,0,0,0,0,0,0,0,0,0,0,10.018478488158634
3.3,43,19,6.0,8.0,16.0,2.0,4000.0,1440.0,720.0,8,2018,10.140178916395607,172800.0,0,1,0,0,0,0,0,0,0,0,1,0,0,0,0,0,0,0,0,0,0,0,0,0,9.33121707123746
3.5,42,20,5.5,8.0,16.0,2.0,3050.0,1440.0,720.0,8,2018,9.230142999272362,188509.0909090909,0,0,0,0,0,0,0,0,0,0,1,0,0,0,0,0,0,0,0,0,0,0,0,0,9.372271372144171
4.7,62,12,6.0,16.0,32.0,4.0,4000.0,2160.0,1080.0,8,2018,9.615805480084347,388800.0,0,1,0,0,0,0,0,0,0,0,1,0,0,0,0,0,0,0,0,0,0,0,0,0,9.727313635450944
3.0,46,27,6.2,8.0,32.0,3.0,4000.0,1500.0,720.0,8,2018,9.615805480084347,174193.54838709676,0,0,0,0,0,0,0,0,0,0,1,0,0,0,0,0,0,0,0,0,0,0,0,0,9.36012261892085
3.3,43,25,6.2,8.0,16.0,2.0,4000.0,1500.0,720.0,8,2018,9.51044496442652,174193.54838709676,0,0,0,0,0,0,0,0,0,0,1,0,0,0,0,0,0,0,0,0,0,0,0,0,9.292173833924238
3.3,52,38,6.2,16.0,32.0,3.0,4000.0,1500.0,720.0,8,2018,9.786953736280177,174193.54838709676,0,0,0,0,0,0,0,0,0,0,1,0,0,0,0,0,0,0,0,0,0,0,0,0,9.438411718861966
3.2,42,37,5.5,8.0,16.0,2.0,3050.0,1440.0,720.0,8,2019,9.169518377455928,188509.0909090909,0,0,0,0,0,0,0,0,0,0,1,0,0,0,0,0,0,0,0,0,0,0,0,0,9.383716814970379
4.6,44,17,6.0,5.0,16.0,2.0,4000.0,1440.0,720.0,8,2018,9.532423871145296,172800.0,0,0,0,0,0,0,0,0,0,0,1,0,0,0,0,0,0,0,0,0,0,0,0,0,9.359587397368568
3.9,46,61,6.0,5.0,32.0,3.0,4000.0,1440.0,720.0,8,2018,9.21512888870798,172800.0,0,0,0,0,0,0,0,0,0,0,1,0,0,0,0,0,0,0,0,0,0,0,0,0,9.391918746763144
4.5,53,80,5.65,20.0,32.0,3.0,4000.0,1440.0,720.0,8,2018,9.615805480084347,183504.42477876105,0,0,0,0,0,0,0,0,0,0,1,0,0,0,0,0,0,0,0,0,0,0,0,0,9.555366088279635
4.3,68,45,5.98,16.0,64.0,6.0,4350.0,1920.0,1080.0,7,2018,8.867850063029406,346755.85284280934,0,0,0,0,0,0,0,0,0,0,1,0,0,0,0,0,0,0,0,0,0,0,0,0,9.802072182721366
3.7,60,21,5.5,5.0,16.0,3.0,3030.0,1920.0,1080.0,5,2016,9.902987427494446,377018.1818181818,0,0,0,0,0,0,0,0,0,0,1,0,0,0,0,0,0,0,0,0,0,0,0,0,9.435179913590481
4.3,36,16,5.0,2.0,16.0,1.0,3060.0,1280.0,720.0,7,2017,9.093806555720231,184320.0,0,0,0,0,0,0,0,0,0,0,1,0,0,0,0,0,0,0,0,0,0,0,0,0,9.299365947512703
3.5,69,40,6.0,13.0,64.0,4.0,4000.0,1920.0,1080.0,6,2017,9.655026193237628,345600.0,0,1,0,0,0,0,0,0,0,0,1,0,0,0,0,0,0,0,0,0,0,0,0,0,9.630845853939402
3.1,54,20,5.5,8.0,32.0,3.0,3200.0,1920.0,1080.0,6,2017,9.21024036697585,377018.1818181818,0,0,0,0,0,0,0,0,0,0,1,0,0,0,0,0,0,0,0,0,0,0,0,0,9.479682144554879
3.8,40,8,5.2,5.0,16.0,2.0,3100.0,1280.0,720.0,6,2016,9.51044496442652,177230.76923076922,0,0,0,0,0,0,0,0,0,0,0,0,0,0,0,0,0,0,0,1,0,0,0,0,9.628111400227517
3.4,40,21,5.0,5.0,16.0,2.0,2400.0,1280.0,720.0,6,2016,9.655026193237628,184320.0,0,0,0,0,0,0,0,0,0,0,0,0,0,0,0,0,0,0,0,1,0,0,0,0,9.638197163679761
3.6,61,18,5.1,5.0,32.0,4.0,3000.0,2560.0,1440.0,6,2016,9.2093398716426,722823.5294117647,0,0,0,0,0,0,0,0,0,0,0,0,0,0,0,0,0,0,0,1,0,0,0,0,10.014038370342103
2.8,36,9,5.0,5.0,8.0,15.0,2600.0,1280.0,720.0,5,2016,9.268514936027255,184320.0,0,0,0,0,0,0,0,0,0,0,0,0,0,0,0,0,0,0,0,1,0,0,0,0,10.293612042236884
2.6,32,19,5.0,5.0,8.0,1.0,2600.0,960.0,540.0,4,2014,9.268514936027255,103680.0,0,0,0,0,0,0,0,0,0,0,0,0,0,0,0,0,0,0,0,1,0,0,0,0,9.39991537844195
3.7,62,73,5.5,5.0,32.0,4.0,3600.0,2560.0,1440.0,6,2016,9.433403920090221,670254.5454545454,0,0,0,0,0,0,0,0,0,0,0,0,0,0,0,0,0,0,0,1,0,0,0,0,9.947112206304693
2.6,63,20,5.7,5.0,64.0,4.0,3000.0,2560.0,1440.0,5,2015,9.729074639810214,646736.8421052631,0,0,0,0,0,0,0,0,0,0,0,0,0,0,0,0,0,0,0,1,0,0,0,0,9.929128575239465
3.7,61,45,5.7,5.0,32.0,4.0,3000.0,2560.0,1440.0,5,2015,9.433403920090221,646736.8421052631,0,0,0,0,0,0,0,0,0,0,0,0,0,0,0,0,0,0,0,1,0,0,0,0,9.929115556045524
3.3,67,4,5.7,5.0,128.0,4.0,3000.0,2560.0,1440.0,5,2015,9.433403920090221,646736.8421052631,0,1,0,0,0,0,0,0,0,0,0,0,0,0,0,0,0,0,0,1,0,0,0,0,10.142167385743798
3.8,63,12,5.7,5.0,64.0,4.0,3000.0,2560.0,1440.0,5,2015,10.621302955145095,646736.8421052631,0,1,0,0,0,0,0,0,0,0,0,0,0,0,0,0,0,0,0,1,0,0,0,0,10.041844535460335
3.5,61,24,5.7,5.0,32.0,4.0,3000.0,2560.0,1440.0,5,2015,10.621302955145095,646736.8421052631,0,1,0,0,0,0,0,0,0,0,0,0,0,0,0,0,0,0,0,1,0,0,0,0,9.954233377401176
4.3,77,19,6.3,8.0,256.0,6.0,3300.0,2960.0,1440.0,7,2017,10.179223553969509,676571.4285714286,0,0,0,0,0,0,0,0,0,0,0,0,0,0,0,0,0,0,0,1,0,0,0,0,10.620076153055747
3.8,70,39,6.2,8.0,128.0,6.0,3500.0,2960.0,1440.0,7,2017,10.285376924115587,687483.8709677419,0,0,0,0,0,0,0,0,0,0,0,0,0,0,0,0,0,0,0,1,0,0,0,0,10.320248490571629
3.0,99,15,6.39,32.0,128.0,8.0,3500.0,2340.0,1080.0,9,2019,10.638016570874843,395492.9577464789,0,1,0,0,0,0,0,0,0,1,0,0,0,0,0,0,0,0,0,0,0,0,0,0,10.313598522475823
5.0,100,8,6.39,32.0,128.0,8.0,3500.0,2340.0,1080.0,9,2019,10.5184028848265,395492.9577464789,0,1,0,0,0,0,0,0,0,1,0,0,0,0,0,0,0,0,0,0,0,0,0,0,10.444662164200958
4.0,68,145,6.59,16.0,128.0,4.0,4000.0,2340.0,1080.0,9,2019,9.952230096524119,383490.13657056144,0,1,0,0,0,0,0,0,0,1,0,0,0,0,0,0,0,0,0,0,0,0,0,0,9.97238131115278
4.0,64,25,6.59,16.0,64.0,4.0,4000.0,2340.0,1080.0,9,2019,9.85214162518454,383490.13657056144,0,1,0,0,0,0,0,0,0,1,0,0,0,0,0,0,0,0,0,0,0,0,0,0,9.869348234344391
5.0,68,7,6.4,16.0,128.0,4.0,4000.0,2310.0,1080.0,9,2019,9.945061264446057,389812.5,0,1,0,0,0,0,0,0,0,1,0,0,0,0,0,0,0,0,0,0,0,0,0,0,10.076824239425191
4.2,65,9,6.4,16.0,64.0,4.0,4000.0,2310.0,1080.0,9,2019,9.548953173096507,389812.5,0,1,0,0,0,0,0,0,0,1,0,0,0,0,0,0,0,0,0,0,0,0,0,0,9.893753856048999
4.2,100,7,6.26,32.0,256.0,8.0,4000.0,2340.0,1080.0,9,2019,10.8187777840767,403706.07028754,0,1,0,0,0,0,0,0,0,1,0,0,0,0,0,0,0,0,0,0,0,0,0,0,10.640001082341879
2.9,45,45,5.71,5.0,16.0,2.0,3020.0,1520.0,720.0,9,2019,9.305559638557117,191663.74781085816,0,0,0,0,0,0,0,0,0,1,0,0,0,0,0,0,0,0,0,0,0,0,0,0,9.444447527024247
5.0,72,11,6.21,32.0,128.0,4.0,3400.0,2340.0,1080.0,9,2019,10.338479099902614,406956.52173913043,0,1,0,0,0,0,0,0,0,1,0,0,0,0,0,0,0,0,0,0,0,0,0,0,10.237726931066417
3.8,58,77,6.26,16.0,64.0,4.0,4000.0,1520.0,720.0,8,2019,9.615805480084347,174824.28115015975,0,0,0,0,0,0,0,0,0,1,0,0,0,0,0,0,0,0,0,0,0,0,0,0,9.723455163156368
3.8,72,146,6.15,32.0,128.0,4.0,3340.0,2312.0,1080.0,9,2019,10.106428396532818,406009.7560975609,0,1,0,0,0,0,0,0,0,1,0,0,0,0,0,0,0,0,0,0,0,0,0,0,10.132507825955166
3.2,90,41,6.1,32.0,128.0,6.0,3650.0,2340.0,1080.0,9,2019,10.959540226785442,414295.08196721313,0,1,0,0,0,0,0,0,0,1,0,0,0,0,0,0,0,0,0,0,0,0,0,0,10.219768945558254
3.7,45,112,6.09,8.0,32.0,2.0,3020.0,1560.0,720.0,9,2019,9.433403920090221,184433.49753694583,0,0,0,0,0,0,0,0,0,1,0,0,0,0,0,0,0,0,0,0,0,0,0,0,9.523428497040156
5.0,100,13,6.4,25.0,256.0,8.0,4000.0,2310.0,1080.0,9,2018,10.373459931293572,389812.5,0,1,0,0,0,0,0,0,0,1,0,0,0,0,0,0,0,0,0,0,0,0,0,0,10.591876954173154
4.1,47,46,6.09,8.0,32.0,3.0,3020.0,1560.0,720.0,9,2019,10.341710224882465,184433.49753694583,0,0,0,0,0,0,0,0,0,1,0,0,0,0,0,0,0,0,0,0,0,0,0,0,9.619726197364264
3.4,54,73,6.26,16.0,32.0,3.0,4000.0,1520.0,720.0,8,2019,9.6614159913364,174824.28115015975,0,0,0,0,0,0,0,0,0,1,0,0,0,0,0,0,0,0,0,0,0,0,0,0,9.577957354786944
2.0,37,38,5.45,5.0,16.0,1.0,3020.0,1440.0,720.0,8,2018,9.071078304642676,190238.53211009174,0,0,0,0,0,0,0,0,0,1,0,0,0,0,0,0,0,0,0,0,0,0,0,0,9.303870124462069
4.7,59,16,6.21,8.0,64.0,3.0,3400.0,2340.0,1080.0,9,2019,10.043206015705211,406956.52173913043,0,0,0,0,0,0,0,0,0,1,0,0,0,0,0,0,0,0,0,0,0,0,0,0,9.813741233396508
4.0,54,13,7.0,8.0,32.0,3.0,6000.0,1640.0,720.0,10,2020,9.61573881119536,168685.7142857143,0,1,0,0,0,0,0,0,0,0,0,0,0,0,0,0,0,0,0,0,0,1,0,0,9.643106417383317
4.5,52,4,7.0,8.0,32.0,2.0,6000.0,1640.0,720.0,10,2020,9.179778066393542,168685.7142857143,0,1,0,0,0,0,0,0,0,0,0,0,0,0,0,0,0,0,0,0,0,1,0,0,9.622430907964011
3.2,40,29,6.0,8.0,32.0,2.0,5000.0,960.0,480.0,10,2020,9.158941808890182,76800.0,0,1,0,0,0,0,0,0,0,0,0,0,0,0,0,0,0,0,0,0,0,1,0,0,9.559412293902014
5.0,74,36,7.0,16.0,128.0,6.0,6000.0,1640.0,720.0,10,2020,9.878169744551839,168685.7142857143,0,1,0,0,0,0,0,0,0,0,0,0,0,0,0,0,0,0,0,0,0,1,0,0,10.125528407314244
4.0,63,23,7.0,16.0,32.0,3.0,6000.0,1640.0,720.0,10,2020,9.595534743241988,168685.7142857143,0,1,0,0,0,0,0,0,0,0,0,0,0,0,0,0,0,0,0,0,0,1,0,0,9.702210839289231
2.7,85,23,6.6,8.0,64.0,3.0,5000.0,1600.0,720.0,10,2020,9.602314889901848,174545.45454545456,0,1,0,0,0,0,0,0,0,0,0,0,0,0,0,0,0,0,0,0,0,1,0,0,9.678708528939675
2.3,51,27,7.0,8.0,32.0,2.0,5000.0,1640.0,720.0,10,2020,9.433403920090221,168685.7142857143,0,1,0,0,0,0,0,0,0,0,0,0,0,0,0,0,0,0,0,0,0,1,0,0,9.518462912527353
4.4,57,17,6.6,8.0,32.0,2.0,5000.0,1600.0,720.0,10,2020,9.47262771040802,174545.45454545456,0,1,0,0,0,0,0,0,0,0,0,0,0,0,0,0,0,0,0,0,0,1,0,0,9.669588254139644
3.4,100,49,6.6,32.0,128.0,6.0,4000.0,2340.0,1080.0,10,2020,10.146394514691288,382909.09090909094,0,1,0,0,0,0,0,0,0,0,0,0,0,0,0,0,0,0,0,0,0,1,0,0,10.338169972674114
3.8,84,60,6.55,16.0,64.0,4.0,5000.0,1548.0,720.0,10,2020,9.680281499268713,170161.8320610687,0,0,0,0,0,0,0,0,0,0,0,0,0,0,0,0,0,0,0,0,0,1,0,0,9.823930288786869
2.8,37,85,6.0,8.0,16.0,1.0,5000.0,960.0,480.0,8,2019,8.987196820661973,76800.0,0,1,0,0,0,0,0,0,0,0,0,0,0,0,0,0,0,0,0,0,0,1,0,0,9.397923768150681
3.5,45,78,6.1,5.0,32.0,2.0,3000.0,1560.0,720.0,9,2019,10.308919326755392,184131.14754098363,0,0,0,0,0,0,0,0,0,0,0,0,0,0,0,0,0,0,0,0,0,1,0,0,9.61083113287273
3.1,48,127,6.52,8.0,32.0,2.0,4000.0,1600.0,720.0,9,2019,9.350015354048665,176687.1165644172,0,0,0,0,0,0,0,0,0,0,0,0,0,0,0,0,0,0,0,0,0,1,0,0,9.538744660076965
2.3,52,78,6.55,8.0,32.0,3.0,4000.0,1600.0,720.0,9,2019,9.51044496442652,175877.86259541987,0,0,0,0,0,0,0,0,0,0,0,0,0,0,0,0,0,0,0,0,0,1,0,0,9.552301716993734
3.3,61,138,6.4,32.0,64.0,6.0,3500.0,1548.0,720.0,9,2019,9.74090979777877,174150.0,0,0,0,0,0,0,0,0,0,0,0,0,0,0,0,0,0,0,0,0,0,1,0,0,10.04306486722073
2.9,58,296,6.52,16.0,64.0,4.0,4000.0,1600.0,720.0,9,2019,9.648595302907339,176687.1165644172,0,0,0,0,0,0,0,0,0,0,0,0,0,0,0,0,0,0,0,0,0,1,0,0,9.72373040950839
3.6,71,242,6.4,32.0,128.0,6.0,3500.0,2340.0,1080.0,9,2019,10.064713146035349,394875.0,0,0,0,0,0,0,0,0,0,0,0,0,0,0,0,0,0,0,0,0,0,1,0,0,10.270892505847891
3.6,43,100,6.0,8.0,16.0,1.0,5000.0,480.0,960.0,9,2019,9.082507000466299,76800.0,0,1,0,0,0,0,0,0,0,0,0,0,0,0,0,0,0,0,0,0,0,1,0,0,9.446225978801946
3.2,47,69,6.2,13.0,32.0,2.0,5000.0,720.0,1500.0,8,2019,9.472704636443673,174193.54838709676,0,1,0,0,0,0,0,0,0,0,0,0,0,0,0,0,0,0,0,0,0,1,0,0,9.5934992792275
3.3,47,175,6.2,8.0,32.0,2.0,3500.0,1500.0,720.0,9,2019,9.433483923290392,174193.54838709676,0,0,0,0,0,0,0,0,0,0,0,0,0,0,0,0,0,0,0,0,0,1,0,0,9.569450883497346
3.8,44,58,6.0,8.0,16.0,1.0,5000.0,720.0,1440.0,8,2018,9.104979856318357,172800.0,0,1,0,0,0,0,0,0,0,0,0,0,0,0,0,0,0,0,0,0,0,1,0,0,9.478319721900561
3.9,29,58,5.5,8.0,8.0,1.0,2400.0,480.0,960.0,8,2019,8.779557455883728,83781.81818181818,0,0,0,0,0,0,0,0,0,0,0,0,0,0,0,0,0,0,0,0,0,1,0,0,9.55552038310582
3.2,46,136,6.2,16.0,32.0,3.0,3750.0,1500.0,720.0,8,2018,9.615805480084347,174193.54838709676,0,0,0,0,0,0,0,0,0,0,0,0,0,0,0,0,0,0,0,0,0,1,0,0,9.642818306263912
4.5,56,4,4.5,8.0,32.0,4.0,3000.0,1620.0,1080.0,8,2018,10.747207591575448,388800.0,0,0,1,0,0,0,0,0,0,0,0,0,0,0,0,0,0,0,0,0,0,0,0,0,10.019773217672137
4.5,68,8,4.5,8.0,128.0,6.0,3500.0,1620.0,1080.0,8,2018,11.134589024250317,388800.0,0,0,1,0,0,0,0,0,0,0,0,0,0,0,0,0,0,0,0,0,0,0,0,0,10.303460596467371
5.0,65,15,5.99,16.0,64.0,6.0,4000.0,2160.0,1080.0,8,2018,9.392578591964389,389449.081803005,0,0,1,0,0,0,0,0,0,0,0,0,0,0,0,0,0,0,0,0,0,0,0,0,10.205237885806122
3.1,64,15,4.5,8.0,64.0,6.0,3500.0,1620.0,1080.0,8,2018,10.976782033219948,388800.0,0,0,1,0,0,0,0,0,0,0,0,0,0,0,0,0,0,0,0,0,0,0,0,0,10.080399355769574
4.0,33,6,4.2,2.0,16.0,2.0,1800.0,1280.0,768.0,10,2013,10.373459931293572,234057.14285714284,1,0,1,0,0,0,0,0,0,0,0,0,0,0,0,0,0,0,0,0,0,0,0,0,9.833504266911556
3.7,60,6,4.5,8.0,64.0,4.0,3505.0,1620.0,1080.0,7,2017,10.373459931293572,388800.0,0,0,1,0,0,0,0,0,0,0,0,0,0,0,0,0,0,0,0,0,0,0,0,0,9.976056695261256
4.5,59,23,5.5,8.0,32.0,4.0,4000.0,1920.0,1080.0,7,2017,9.305559638557117,377018.1818181818,0,0,1,0,0,0,0,0,0,0,0,0,0,0,0,0,0,0,0,0,0,0,0,0,9.905910359809573
2.0,53,31,4.5,2.0,32.0,3.0,3450.0,1440.0,1440.0,10,2014,9.305559638557117,460800.0,1,0,1,0,0,0,0,0,0,0,0,0,0,0,0,0,0,0,0,0,0,0,0,0,9.84551530297416
4.1,58,14,5.4,2.0,32.0,3.0,3410.0,2560.0,1440.0,5,2015,9.305559638557117,682666.6666666666,0,0,1,0,0,0,0,0,0,0,0,0,0,0,0,0,0,0,0,0,0,0,0,0,9.880469986122806
2.6,56,5,4.5,8.0,32.0,3.0,3505.0,1620.0,1080.0,7,2017,9.188094763028863,388800.0,0,0,1,0,0,0,0,0,0,0,0,0,0,0,0,0,0,0,0,0,0,0,0,0,9.784559208618294
4.7,60,18,5.5,8.0,32.0,4.0,3000.0,2560.0,1440.0,6,2016,9.903487552536127,670254.5454545454,0,0,1,0,0,0,0,0,0,0,0,0,0,0,0,0,0,0,0,0,0,0,0,0,10.064031905432238
3.8,50,14,5.2,8.0,16.0,3.0,2610.0,1920.0,1080.0,6,2016,9.711115659888671,398769.23076923075,0,0,1,0,0,0,0,0,0,0,0,0,0,0,0,0,0,0,0,0,0,0,0,0,9.818535214143488
4.0,59,9,5.2,13.0,64.0,3.0,2900.0,1920.0,1080.0,6,2016,10.184900011974314,398769.23076923075,0,0,0,0,0,0,0,0,0,0,0,0,0,0,0,0,0,0,0,0,1,0,0,0,10.146864565827567
3.8,68,7,5.7,5.0,64.0,4.0,3180.0,2160.0,1080.0,8,2018,10.887436932884098,409263.15789473685,0,0,0,0,0,0,0,0,0,0,0,0,0,0,0,0,0,0,0,0,1,0,0,0,10.177523491113751
3.5,45,14,5.5,8.0,32.0,3.0,3300.0,1280.0,720.0,7,2018,9.878169744551839,167563.63636363635,0,0,0,0,0,0,0,0,0,0,0,0,0,0,0,0,0,0,0,0,1,0,0,0,9.947497363352237
3.7,73,12,5.46,13.0,64.0,4.0,3230.0,2160.0,3840.0,7,2017,10.680516217076775,1519120.879120879,0,0,0,0,0,0,0,0,0,0,0,0,0,0,0,0,0,0,0,0,1,0,0,0,10.711675044986713
4.0,58,3,5.2,13.0,64.0,4.0,2900.0,1920.0,1080.0,7,2017,10.849337086651827,398769.23076923075,0,0,0,0,0,0,0,0,0,0,0,0,0,0,0,0,0,0,0,0,1,0,0,0,10.23817495141105
4.0,56,3,5.2,13.0,32.0,4.0,2900.0,1920.0,1080.0,7,2017,10.736396675471232,398769.23076923075,0,0,0,0,0,0,0,0,0,0,0,0,0,0,0,0,0,0,0,0,1,0,0,0,10.172759830853629
3.3,59,7,6.0,16.0,16.0,3.0,2700.0,1920.0,1080.0,6,2016,10.146433731146518,345600.0,0,0,0,0,0,0,0,0,0,0,0,0,0,0,0,0,0,0,0,0,1,0,0,0,9.990800258842398
2.6,48,20,5.0,8.0,16.0,2.0,2300.0,1280.0,720.0,6,2016,9.433483923290392,184320.0,0,0,0,0,0,0,0,0,0,0,0,0,0,0,0,0,0,0,0,0,1,0,0,0,9.794639730127376
4.0,58,4,6.35,8.0,32.0,3.0,5000.0,1544.0,720.0,9,2019,9.680281499268713,175067.71653543308,0,1,0,0,0,0,0,0,0,0,0,0,0,0,0,0,0,0,0,0,0,0,1,0,9.739705485039922
2.7,77,31,6.53,16.0,128.0,8.0,5000.0,2340.0,1080.0,9,2019,10.257659366256743,387013.78254211333,0,1,0,0,0,0,0,0,0,0,0,0,0,0,0,0,0,0,0,0,0,0,1,0,10.275624262415372
4.0,44,20,5.5,5.0,64.0,2.0,2750.0,1920.0,1080.0,9,2015,10.325481962595504,377018.1818181818,0,0,0,0,0,0,0,0,0,0,0,0,0,0,0,0,0,0,0,0,0,0,0,0,10.593936174728205
4.5,42,16,5.5,5.0,32.0,2.0,2750.0,1920.0,1080.0,9,2015,10.373491181781864,377018.1818181818,0,0,0,0,0,0,0,0,0,0,0,0,0,0,0,0,0,0,0,0,0,0,0,0,10.56180816143281
3.3,41,13,5.5,5.0,16.0,2.0,2750.0,1920.0,1080.0,9,2015,10.404262840448617,377018.1818181818,0,0,0,0,0,0,0,0,0,0,0,0,0,0,0,0,0,0,0,0,0,0,0,0,10.452130245977406
3.5,43,20,4.7,5.0,128.0,2.0,1715.0,1334.0,750.0,9,2015,10.085767441795337,212872.3404255319,0,0,0,0,0,0,0,0,0,0,0,0,0,0,0,0,0,0,0,0,0,0,0,0,10.682464110829347
2.9,40,31,4.7,5.0,64.0,2.0,1715.0,1334.0,750.0,9,2015,10.06475570013225,212872.3404255319,0,0,0,0,0,0,0,0,0,0,0,0,0,0,0,0,0,0,0,0,0,0,0,0,10.510253154177564
3.5,38,23,4.7,5.0,32.0,2.0,1715.0,1334.0,750.0,9,2015,10.126631103850338,212872.3404255319,0,0,0,0,0,0,0,0,0,0,0,0,0,0,0,0,0,0,0,0,0,0,0,0,10.48552382004942
2.6,37,13,4.7,5.0,16.0,2.0,1715.0,1334.0,750.0,9,2015,10.043249494911286,212872.3404255319,0,0,0,0,0,0,0,0,0,0,0,0,0,0,0,0,0,0,0,0,0,0,0,0,10.39688372691631
3.6,63,14,5.5,7.0,256.0,3.0,2900.0,1920.0,1080.0,10,2016,10.668955394675699,377018.1818181818,0,0,0,0,0,0,0,0,0,0,0,0,0,0,0,0,0,0,0,0,0,0,0,0,11.060642146291096
3.9,55,43,5.5,7.0,128.0,3.0,2900.0,1920.0,1080.0,10,2016,10.596634733096073,377018.1818181818,0,0,0,0,0,0,0,0,0,0,0,0,0,0,0,0,0,0,0,0,0,0,0,0,10.811680337091772
3.5,50,30,5.5,7.0,32.0,3.0,2900.0,1920.0,1080.0,10,2016,10.545341438708522,377018.1818181818,0,0,0,0,0,0,0,0,0,0,0,0,0,0,0,0,0,0,0,0,0,0,0,0,10.59255790679125
3.0,57,6,4.7,7.0,256.0,2.0,1960.0,1334.0,750.0,10,2016,10.596634733096073,212872.3404255319,0,0,0,0,0,0,0,0,0,0,0,0,0,0,0,0,0,0,0,0,0,0,0,0,10.954444162533575
3.5,50,28,4.7,7.0,128.0,2.0,1960.0,1334.0,750.0,10,2016,10.373491181781864,212872.3404255319,0,0,0,0,0,0,0,0,0,0,0,0,0,0,0,0,0,0,0,0,0,0,0,0,10.720048068632853
3.4,44,66,4.7,7.0,32.0,2.0,1960.0,1334.0,750.0,10,2016,10.292145542327912,212872.3404255319,0,0,0,0,0,0,0,0,0,0,0,0,0,0,0,0,0,0,0,0,0,0,0,0,10.508528164573182
4.0,67,43,6.35,20.0,128.0,4.0,5000.0,1544.0,720.0,9,2019,10.064713146035349,175067.71653543308,0,1,0,0,0,0,0,0,0,0,0,0,0,0,0,0,0,0,0,0,0,0,1,0,10.074168878570532
3.8,62,20,6.35,16.0,64.0,4.0,5000.0,1544.0,720.0,9,2019,9.975761701406148,175067.71653543308,0,1,0,0,0,0,0,0,0,0,0,0,0,0,0,0,0,0,0,0,0,0,1,0,9.905011787101309
3.3,62,28,6.35,8.0,64.0,4.0,5000.0,1544.0,720.0,9,2019,9.82547195555139,175067.71653543308,0,1,0,0,0,0,0,0,0,0,0,0,0,0,0,0,0,0,0,0,0,0,1,0,9.809377255430952
3.2,95,33,6.3,16.0,128.0,6.0,4000.0,2400.0,1080.0,10,2020,10.064713146035349,411428.5714285714,0,1,0,0,0,0,0,0,0,1,0,0,0,0,0,0,0,0,0,0,0,0,0,0,10.1118507819817
3.0,100,20,6.5,16.0,128.0,6.0,4000.0,2400.0,1080.0,10,2020,10.184900011974314,398769.23076923075,0,1,0,0,0,0,0,0,0,1,0,0,0,0,0,0,0,0,0,0,0,0,0,0,10.090988936162445
3.0,60,25,6.3,8.0,64.0,3.0,5000.0,1600.0,720.0,10,2020,9.61573881119536,182857.14285714287,0,1,0,0,0,0,0,0,0,1,0,0,0,0,0,0,0,0,0,0,0,0,0,0,9.594113743274793
5.0,48,11,5.45,5.0,32.0,2.0,3020.0,1440.0,720.0,10,2020,9.190035618635818,190238.53211009174,0,1,0,0,0,0,0,0,0,1,0,0,0,0,0,0,0,0,0,0,0,0,0,0,9.694913011945566
5.0,100,12,6.58,32.0,256.0,8.0,4200.0,2640.0,1200.0,10,2020,11.532728092266408,481458.96656534955,0,1,0,0,0,0,0,0,0,1,0,0,0,0,0,0,0,0,0,0,0,0,0,0,10.744328886600808
3.9,100,23,6.47,32.0,256.0,8.0,4200.0,2340.0,1080.0,9,2019,11.156236235215168,390602.7820710974,0,1,0,0,0,0,0,0,0,1,0,0,0,0,0,0,0,0,0,0,0,0,0,0,10.596740869637703
4.2,85,23,6.39,8.0,64.0,4.0,4000.0,1560.0,720.0,9,2020,9.75846178048587,175774.64788732395,0,1,0,0,0,0,0,0,0,1,0,0,0,0,0,0,0,0,0,0,0,0,0,0,9.765552914921846
3.7,99,54,6.4,16.0,128.0,8.0,4200.0,2310.0,1080.0,10,2020,10.257659366256743,389812.5,0,1,0,0,0,0,0,0,0,1,0,0,0,0,0,0,0,0,0,0,0,0,0,0,10.228333418598892
3.0,35,18,5.71,5.0,16.0,1.0,3000.0,1520.0,720.0,10,2020,9.350015354048665,191663.74781085816,0,1,0,0,0,0,0,0,0,0,0,0,0,0,0,1,0,0,0,0,0,0,0,0,9.397331230508799
3.9,63,38,6.55,8.0,64.0,6.0,4000.0,1600.0,720.0,10,2020,9.952230096524119,175877.86259541987,0,1,0,0,0,0,0,0,0,0,0,0,0,0,0,1,0,0,0,0,0,0,0,0,9.775278868699937
3.0,33,8,5.7,5.0,16.0,1.0,2800.0,1440.0,720.0,9,2020,9.047821442478408,181894.73684210525,0,0,0,0,0,0,0,0,0,0,0,0,0,0,0,1,0,0,0,0,0,0,0,0,9.37095437392678
2.4,30,18,5.45,5.0,16.0,1.0,2500.0,960.0,480.0,9,2019,8.881836305004146,84550.45871559632,0,0,0,0,0,0,0,0,0,0,0,0,0,0,0,1,0,0,0,0,0,0,0,0,9.26966221466996
3.1,48,49,6.2,5.0,32.0,2.0,4000.0,1520.0,720.0,9,2019,9.350015354048665,176516.12903225806,0,1,0,0,0,0,0,0,0,0,0,0,0,0,0,1,0,0,0,0,0,0,0,0,9.3864380481228
4.5,51,41,5.2,8.0,32.0,3.0,2990.0,1440.0,720.0,8,2018,9.268609280100158,199384.61538461538,0,0,0,0,0,0,0,0,0,0,0,0,0,0,0,1,0,0,0,0,0,0,0,0,9.569263342799825
4.1,93,69,6.3,20.0,128.0,6.0,3500.0,2280.0,1080.0,9,2019,10.308919326755392,390857.14285714284,0,1,0,0,0,0,0,0,0,0,0,0,0,0,0,1,0,0,0,0,0,0,0,0,10.09647455640406
3.7,86,23,6.3,20.0,64.0,4.0,3500.0,2280.0,1080.0,9,2019,10.165851817003619,390857.14285714284,0,1,0,0,0,0,0,0,0,0,0,0,0,0,0,1,0,0,0,0,0,0,0,0,9.84016980312369
5.0,61,30,6.3,8.0,64.0,4.0,3500.0,2280.0,1080.0,9,2019,9.9281801651265,390857.14285714284,0,1,0,0,0,0,0,0,0,0,0,0,0,0,0,1,0,0,0,0,0,0,0,0,9.830554414783354
3.9,45,39,5.71,5.0,16.0,2.0,3000.0,1520.0,720.0,9,2019,9.159047077588632,191663.74781085816,0,0,0,0,0,0,0,0,0,0,0,0,0,0,0,1,0,0,0,0,0,0,0,0,9.437839294672415
