phone_title,price,rating,specs_score,likes,disp_diag,camera,storage,ram,battery_capacity,battery_type,disp_height,disp_width,oper_syst_type,oper_syst_vers,brand,year_of_release,log_price,density
Gionee M7 Power,15880.0,4.0,56,13,6.0,8.0,64.0,4.0,4000.0, Li-Po,1440.0,720.0,Android,7,Gionee,2017,9.672815734801127,172800.0
Gionee M7,15880.0,4.5,69,8,6.01,8.0,64.0,6.0,4000.0, Li-Po,2160.0,1080.0,Android,7,Gionee,2017,9.672815734801127,388153.078202995
Samsung Galaxy M21 6GB/128GB,21590.0,4.3,100,30,6.4,20.0,128.0,6.0,6000.0, Li-Po,2340.0,1080.0,Android,10,Samsung,2020,9.979985523508853,394875.0
Samsung Galaxy M21 4GB/64GB,22499.0,3.8,94,31,6.4,20.0,64.0,4.0,6000.0, Li-Po,2340.0,1080.0,Android,10,Samsung,2020,10.021226142760383,394875.0
Samsung Galaxy A31 6GB/128GB,24999.0,3.8,98,31,6.4,20.0,128.0,6.0,5000.0, Li-Po,2400.0,1080.0,Android,10,Samsung,2020,10.126591103050316,405000.0
Samsung Galaxy A31 4GB/64GB,24499.0,5.0,90,15,6.4,20.0,64.0,4.0,5000.0, Li-Po,2400.0,1080.0,Android,10,Samsung,2020,10.106387579373278,405000.0
Samsung Galaxy A11 3GB/32GB,13299.0,4.0,54,13,6.4,8.0,32.0,3.0,4000.0, Li-Po,1560.0,720.0,Android,10,Samsung,2020,9.495444123413163,175500.0
Samsung Galaxy A11 2GB/32GB,14999.0,3.7,53,16,6.4,8.0,32.0,2.0,4000.0, Li-Po,1560.0,720.0,Android,10,Samsung,2020,9.61573881119536,175500.0
Samsung Galaxy M31 6GB/128GB,25999.0,3.7,100,84,6.4,32.0,128.0,6.0,6000.0, Li-Po,2340.0,1080.0,Android,10,Samsung,2020,10.165813354725493,394875.0
Samsung Galaxy M31 6GB/64GB,26850.0,3.5,100,22,6.4,32.0,64.0,6.0,6000.0, Li-Po,2340.0,1080.0,Android,10,Samsung,2020,10.19802109993701,394875.0
Samsung Galaxy Z Flip 8GB/256GB,109999.0,5.0,82,19,6.7,10.0,256.0,8.0,3300.0, Li-Po,2636.0,1080.0,Android,10,Samsung,2020,11.60822655382414,424907.46268656716
Samsung Galaxy S20 Ultra,104999.0,3.9,100,70,6.9,40.0,128.0,12.0,5000.0, Li-Po,3200.0,1440.0,Android,10,Samsung,2020,11.561706105284784,667826.0869565217
Samsung Galaxy S20+ (S20 Plus),74999.0,4.1,55,39,6.7,10.0,128.0,8.0,4500.0, Li-Po,3200.0,1440.0,Android,10,Samsung,2020,11.225230059096225,687761.1940298508
Samsung Galaxy S20,71999.0,4.3,78,28,6.2,10.0,128.0,8.0,4000.0, Li-Po,3200.0,1440.0,Android,10,Samsung,2020,11.184407509012852,743225.8064516129
Samsung Galaxy S10 Lite 8GB/128GB,46499.0,4.2,100,36,6.7,32.0,128.0,8.0,4500.0, Li-Po,2400.0,1080.0,Android,10,Samsung,2020,10.74718608596786,386865.671641791
Samsung Galaxy Note 10 Lite 8GB/128GB,44999.0,4.2,77,19,6.7,32.0,128.0,8.0,4500.0, Li-Po,2400.0,1080.0,Android,10,Samsung,2020,10.714395546283317,386865.671641791
Samsung Galaxy Note 10 Lite 6GB/128GB,43999.0,3.8,73,26,6.7,32.0,128.0,6.0,4500.0, Li-Po,2400.0,1080.0,Android,10,Samsung,2020,10.691922185369403,386865.671641791
Samsung Galaxy A51 4GB/128GB,29199.0,3.9,92,58,6.5,32.0,128.0,4.0,4000.0, Li-Po,2400.0,1080.0,Android,10,Samsung,2019,10.281889741094604,398769.23076923075
Samsung Galaxy A01 2GB/16GB,10999.0,4.3,50,24,5.7,5.0,16.0,2.0,3000.0, Li-Ion,1560.0,720.0,Android,10,Samsung,2019,9.305559638557117,197052.63157894736
Samsung Galaxy A71 8GB/128GB,38899.0,3.8,100,90,6.7,32.0,128.0,8.0,4500.0, Li-Po,2400.0,1080.0,Android,10,Samsung,2019,10.568723822335235,386865.671641791
Samsung Galaxy A71 6GB/128GB,39799.0,4.0,100,30,6.7,32.0,128.0,6.0,4500.0, Li-Po,2400.0,1080.0,Android,10,Samsung,2019,10.591597065328735,386865.671641791
Samsung Galaxy A51 6GB/128GB,29499.0,3.8,95,58,6.5,32.0,128.0,6.0,4000.0, Li-Po,2400.0,1080.0,Android,10,Samsung,2019,10.292111643448266,398769.23076923075
Samsung Galaxy A60 4GB/64GB,24000.0,3.5,74,47,6.3,16.0,64.0,4.0,3500.0, Li-Po,2340.0,1080.0,Android,9,Samsung,2019,10.085809109330082,401142.85714285716
Samsung Galaxy A70s 8GB/128GB,33000.0,4.0,100,54,6.7,32.0,128.0,8.0,4500.0, Li-Po,2400.0,1080.0,Android,9,Samsung,2019,10.404262840448617,386865.671641791
Samsung Galaxy A20s 4GB/64GB,17299.0,3.0,58,52,6.5,8.0,64.0,4.0,4000.0, Li-Po,1560.0,720.0,Android,9,Samsung,2019,9.758403975346978,172800.0
Samsung Galaxy A20s 3GB/32GB,17099.0,3.5,54,57,6.5,8.0,32.0,3.0,4000.0, Li-Po,1560.0,720.0,Android,9,Samsung,2019,9.746775261248594,172800.0
Samsung Galaxy M30s 6GB/128GB,25499.0,3.3,100,113,6.4,16.0,128.0,6.0,6000.0, Li-Po,2400.0,1080.0,Android,9,Samsung,2019,10.146394514691288,405000.0
Samsung Galaxy M30s 4GB/64GB,21500.0,4.1,94,98,6.4,16.0,64.0,4.0,6000.0, Li-Po,2400.0,1080.0,Android,9,Samsung,2019,9.975808214115753,405000.0
Samsung Galaxy M10s 3GB/32GB,15399.0,2.8,53,30,6.4,8.0,32.0,3.0,4000.0, Li-Ion,1560.0,720.0,Android,9,Samsung,2019,9.642057851228413,175500.0
Samsung Galaxy A30s 4GB/128GB,21999.0,3.7,70,77,6.4,16.0,128.0,4.0,4000.0, Li-Po,1560.0,720.0,Android,9,Samsung,2019,9.998752276761909,175500.0
Samsung Galaxy A30s 4GB/64GB,20500.0,1.8,67,58,6.4,16.0,64.0,4.0,4000.0, Li-Po,1560.0,720.0,Android,9,Samsung,2019,9.9281801651265,175500.0
Samsung Galaxy A30s 3GB/32GB,23299.0,3.8,63,28,6.4,16.0,32.0,3.0,4000.0, Li-Po,1560.0,720.0,Android,9,Samsung,2019,10.056165720177834,175500.0
Samsung Galaxy A50s 6GB/128GB,27999.0,3.9,95,69,6.4,32.0,128.0,6.0,4000.0, Li-Po,2340.0,1080.0,Android,9,Samsung,2019,10.239924074233857,394875.0
Samsung Galaxy A50s 4GB/64GB,24499.0,4.8,88,20,6.4,32.0,64.0,4.0,4000.0, Li-Po,2340.0,1080.0,Android,9,Samsung,2019,10.106387579373278,394875.0
Samsung Galaxy Note 10+ (Note 10 Plus) 5G 12GB/51...,44999.0,4.5,100,34,6.8,10.0,512.0,12.0,4300.0, Li-Ion,3040.0,1440.0,Android,9,Samsung,2019,10.714395546283317,643764.705882353
Samsung Galaxy Note 10+ (Note 10 Plus) 5G 12GB/25...,44999.0,2.7,92,73,6.8,10.0,256.0,12.0,4300.0, Li-Ion,3040.0,1440.0,Android,9,Samsung,2019,10.714395546283317,643764.705882353
Samsung Galaxy Note 10+ (Note 10 Plus) 12GB/512GB,44999.0,2.3,100,30,6.8,10.0,512.0,12.0,4300.0, Li-Ion,3040.0,1440.0,Android,9,Samsung,2019,10.714395546283317,643764.705882353
Samsung Galaxy Note 10+ (Note 10 Plus) 12GB/256GB,82999.0,4.0,92,53,6.8,10.0,256.0,12.0,4300.0, Li-Ion,3040.0,1440.0,Android,9,Samsung,2019,11.326583838513384,643764.705882353
Samsung Galaxy Note 10 8GB/256GB,71999.0,4.1,81,31,6.3,10.0,256.0,8.0,3500.0, Li-Ion,2280.0,1080.0,Android,9,Samsung,2019,11.184407509012852,390857.14285714284
Samsung Galaxy A40,21999.0,4.2,60,46,5.9,25.0,64.0,4.0,3100.0, Li-Po,2340.0,1080.0,Android,9,Samsung,2019,9.998752276761909,428338.9830508474
Samsung Galaxy M40 6GB/128GB,26500.0,4.3,81,44,6.3,16.0,128.0,6.0,3500.0, Li-Po,2340.0,1080.0,Android,9,Samsung,2019,10.184900011974314,401142.85714285716
Samsung Galaxy A60,25000.0,4.3,81,92,6.3,16.0,128.0,6.0,3500.0, Li-Po,2340.0,1080.0,Android,9,Samsung,2019,10.126631103850338,401142.85714285716
Samsung Galaxy A50 128GB 4GB,26999.0,3.6,75,260,6.4,25.0,128.0,4.0,4000.0, Li-Po,2340.0,1080.0,Android,9,Samsung,2019,10.203555107263542,394875.0
Samsung Galaxy A20e,17299.0,3.4,51,21,5.8,8.0,32.0,3.0,3000.0, Li-Po,1560.0,720.0,Android,9,Samsung,2019,9.758403975346978,193655.1724137931
Samsung Galaxy A2 Core,8800.0,2.8,40,17,5.0,5.0,8.0,1.0,2600.0, Li-Ion,960.0,540.0,Android,8,Samsung,2019,9.082507000466299,103680.0
Samsung Galaxy M20 64GB,18499.0,3.7,63,101,6.3,8.0,64.0,4.0,5000.0, Li-Po,2340.0,1080.0,Android,8,Samsung,2019,9.82547195555139,401142.85714285716
Samsung Galaxy A70 128GB 6GB,33000.0,3.6,83,286,6.7,32.0,128.0,6.0,4500.0, Li-Po,2400.0,1080.0,Android,9,Samsung,2019,10.404262840448617,386865.671641791
Samsung Galaxy A20,17299.0,2.9,53,183,6.4,8.0,32.0,3.0,4000.0, Li-Po,1560.0,720.0,Android,9,Samsung,2019,9.758403975346978,175500.0
Samsung Galaxy M10 32GB,14799.0,2.8,52,23,6.22,5.0,32.0,3.0,3400.0, Li-Ion,1520.0,720.0,Android,8,Samsung,2019,9.602314889901848,175948.5530546624
Samsung Galaxy A30 64GB,23299.0,3.4,62,197,6.4,16.0,64.0,4.0,4000.0, Li-Po,2340.0,1080.0,Android,9,Samsung,2019,10.056165720177834,394875.0
Samsung Galaxy M30 64GB,23500.0,3.9,63,104,6.4,16.0,64.0,4.0,5000.0, Li-Po,2280.0,1080.0,Android,9,Samsung,2019,10.06475570013225,384750.0
Sony Xperia X 32GB,12929.0,4.5,58,10,5.0,13.0,32.0,3.0,2620.0, Li-Ion,1920.0,1080.0,Android,6,Sony,2016,9.467228129254554,414720.0
Sony Xperia Z5 Premium,39500.0,4.0,70,6,5.5,51.0,32.0,3.0,3430.0, Li-Ion,3840.0,2160.0,Android,5,Sony,2015,10.584055950889214,1508072.7272727273
Sony Xperia Z5 Dual,20000.0,3.5,62,9,5.2,51.0,32.0,3.0,2900.0, Li-Ion,1920.0,1080.0,Android,5,Sony,2015,9.903487552536127,398769.23076923075
Sony Xperia L1,13500.0,3.3,40,15,5.5,5.0,16.0,2.0,2620.0, Li-Ion,1280.0,720.0,Android,7,Sony,2017,9.51044496442652,167563.63636363635
Lenovo Z6 Pro 6GB/128GB,29999.0,5.0,98,10,6.39,32.0,128.0,6.0,4000.0, Li-Po,2340.0,1080.0,Android,9,Lenovo,2019,10.308919326755392,395492.9577464789
Lenovo Z6 8GB/128GB,29999.0,5.0,81,12,6.39,16.0,128.0,8.0,4000.0, Li-Po,2340.0,1080.0,Android,9,Lenovo,2019,10.308919326755392,395492.9577464789
Lenovo Z6 6GB/128GB,29999.0,5.0,77,10,6.39,16.0,128.0,6.0,4000.0, Li-Po,2340.0,1080.0,Android,9,Lenovo,2019,10.308919326755392,395492.9577464789
Lenovo Z5s,17674.0,3.6,63,15,6.3,16.0,64.0,4.0,3300.0, Li-Ion,2340.0,1080.0,Android,9,Lenovo,2018,9.77984991207795,401142.85714285716
Lenovo S5,17000.0,4.5,55,12,5.7,16.0,32.0,3.0,3000.0, Li-Po,2160.0,1080.0,Android,8,Lenovo,2018,9.740968623038354,409263.15789473685
Lenovo K5,10999.0,4.5,50,9,5.7,8.0,32.0,3.0,3000.0, Li-Ion,1440.0,720.0,Android,7,Lenovo,2018,9.305559638557117,181894.73684210525
Lenovo K8 Note,14000.0,3.0,66,24,5.5,13.0,64.0,4.0,4000.0, Li-Po,1920.0,1080.0,Android,7,Lenovo,2017,9.546812608597396,377018.1818181818
Lenovo Vibe S1 Lite,17500.0,2.0,48,6,5.0,8.0,16.0,2.0,2700.0, Li-Po,1920.0,1080.0,Android,5,Lenovo,2016,9.769956159911606,414720.0
Lenovo Phab,10970.0,2.5,41,2,6.98,5.0,16.0,1.0,4250.0, Li-Po,1280.0,720.0,Android,5,Lenovo,2015,9.302919553269277,132034.3839541547
Lenovo Phab Plus,10970.0,3.0,50,5,6.8,5.0,32.0,2.0,3500.0, Li-Po,1920.0,1080.0,Android,5,Lenovo,2015,9.302919553269277,304941.17647058825
Lenovo Vibe X2,20000.0,4.0,52,4,5.0,5.0,32.0,2.0,2300.0, Li-Po,1920.0,1080.0,Android,4,Lenovo,2014,9.903487552536127,414720.0
Tecno Camon 11 Pro,18500.0,3.8,58,105,6.2,24.0,64.0,6.0,3750.0, Li-Ion,1500.0,720.0,Android,8,Tecno,2018,9.825526011066415,174193.54838709676
Tecno Camon 11,11999.0,3.2,44,90,6.2,16.0,16.0,2.0,3750.0, Li-Ion,1500.0,720.0,Android,8,Tecno,2018,9.392578591964389,174193.54838709676
Tecno Spark 2 32GB,13800.0,4.0,43,52,6.0,8.0,32.0,2.0,3500.0, Li-Ion,1440.0,720.0,Android,8,Tecno,2018,9.532423871145296,172800.0
Tecno Spark 2,10500.0,3.4,40,172,6.0,8.0,16.0,1.0,3500.0, Li-Ion,1440.0,720.0,Android,8,Tecno,2018,9.259130536145614,172800.0
Tecno F2 LTE,14890.0,3.1,29,22,5.0,5.0,8.0,1.0,2400.0, Li-Ion,480.0,854.0,Android,8,Tecno,2018,9.608445125678054,81984.0
Tecno Pouvoir 2 Pro,16000.0,4.0,48,77,6.0,13.0,16.0,3.0,5000.0, Li-Po,720.0,1440.0,Android,8,Tecno,2018,9.680344001221918,172800.0
Tecno Pouvoir 2,13500.0,3.7,46,81,6.0,8.0,16.0,2.0,5000.0, Li-Po,720.0,1440.0,Android,8,Tecno,2018,9.51044496442652,172800.0
Tecno F3 (POP 1),9000.0,3.8,29,38,5.5,5.0,8.0,1.0,2400.0, Li-Ion,480.0,960.0,Android,7,Tecno,2018,9.104979856318357,83781.81818181818
Tecno F2,11999.0,3.4,28,38,5.0,2.0,8.0,1.0,2000.0, Li-Ion,480.0,854.0,Android,7,Tecno,2018,9.392578591964389,81984.0
Tecno Camon X,11499.0,3.9,56,77,6.0,20.0,16.0,3.0,3750.0, Li-Po,1440.0,720.0,Android,8,Tecno,2017,9.350015354048665,172800.0
Tecno Spark Pro K8,24999.0,3.9,38,77,5.5,8.0,16.0,1.0,3000.0, Li-Ion,1280.0,720.0,Android,7,Tecno,2017,10.126591103050316,167563.63636363635
Tecno Camon C9,20999.0,3.7,48,62,5.5,13.0,16.0,2.0,3000.0, Li-Ion,1920.0,1080.0,Android,6,Tecno,2016,9.952230096524119,377018.1818181818
Tecno W5 Lite,39999.0,3.0,39,18,5.5,2.0,16.0,1.0,3000.0, Li-Ion,1280.0,720.0,Android,6,Tecno,2016,10.596609732783568,167563.63636363635
Tecno L8 Lite,39999.0,4.1,38,24,5.0,2.0,16.0,1.0,4000.0, Li-Ion,1280.0,720.0,Android,6,Tecno,2017,10.596609732783568,184320.0
Oppo A31 4GB/64GB,17999.0,3.3,61,32,6.5,8.0,64.0,4.0,4230.0, Li-Po,1600.0,720.0,Android,9,Oppo,2015,9.798071479779479,177230.76923076922
Oppo Reno 3 Youth 8GB/128GB,25000.0,3.8,100,14,6.4,32.0,128.0,8.0,4025.0, Li-Po,2400.0,1080.0,Android,10,Oppo,2020,10.126631103850338,405000.0
Oppo F15 8GB/128GB,31000.0,2.8,98,23,6.4,16.0,128.0,8.0,4025.0, Li-Po,2400.0,1080.0,Android,9,Oppo,2020,10.341742483467284,405000.0
Oppo Reno 3 8GB/128GB,36999.0,3.4,100,25,6.4,32.0,128.0,8.0,4025.0, Li-Po,2400.0,1080.0,Android,10,Oppo,2020,10.518646164234097,405000.0
Oppo A8 4GB/128GB,12985.0,3.5,64,16,6.5,8.0,128.0,4.0,4230.0, Li-Po,1600.0,720.0,Android,9,Oppo,2019,9.471550124096849,177230.76923076922
Oppo Reno 2F 8GB/128GB,33500.0,3.5,97,47,6.5,16.0,128.0,8.0,4000.0, Li-Po,2340.0,1080.0,Android,9,Oppo,2019,10.419300717813158,388800.0
Oppo Reno Ace 8GB/128GB,62999.0,4.2,100,37,6.5,16.0,128.0,8.0,4000.0, Li-Po,2400.0,1080.0,Android,9,Oppo,2019,11.050874132231819,398769.23076923075
Oppo K5 6GB/128GB,62999.0,2.9,100,23,6.4,32.0,128.0,6.0,4000.0, Li-Po,2340.0,1080.0,Android,9,Oppo,2019,11.050874132231819,394875.0
Oppo A11 4GB/128GB,62999.0,3.3,91,39,6.5,16.0,128.0,4.0,5000.0, Li-Po,1600.0,720.0,Android,9,Oppo,2019,11.050874132231819,177230.76923076922
Oppo A9 (2020) 8GB/128GB,26000.0,3.3,98,153,6.5,16.0,128.0,8.0,5000.0, Li-Po,1600.0,720.0,Android,9,Oppo,2020,10.165851817003619,177230.76923076922
Oppo A5 (2020) 4GB/128GB,22999.0,3.4,65,46,6.5,8.0,128.0,4.0,5000.0, Li-Po,1600.0,720.0,Android,9,Oppo,2020,10.043206015705211,177230.76923076922
Oppo A5 (2020) 3GB/64GB,19500.0,3.0,60,59,6.5,8.0,64.0,3.0,5000.0, Li-Po,1600.0,720.0,Android,9,Oppo,2020,9.878169744551839,177230.76923076922
Oppo Reno 2 8GB/256GB,31000.0,3.3,100,95,6.5,16.0,256.0,8.0,4000.0, Li-Po,2400.0,1080.0,Android,9,Oppo,2019,10.341742483467284,398769.23076923075
Oppo Reno Z 6GB/128GB,28000.0,3.5,95,34,6.4,32.0,128.0,6.0,4035.0, Li-Po,2340.0,1080.0,Android,9,Oppo,2019,10.239959789157341,394875.0
Oppo A1K 2GB/32GB,11499.0,3.7,50,43,6.1,5.0,32.0,2.0,4000.0, Li-Po,1560.0,720.0,Android,9,Oppo,2019,9.350015354048665,184131.14754098363
Oppo F11 64GB,27999.0,4.3,87,47,6.53,16.0,64.0,4.0,4020.0, Li-Po,2340.0,1080.0,Android,9,Oppo,2019,10.239924074233857,387013.78254211333
Oppo A7 64GB,17000.0,4.8,59,57,6.2,16.0,64.0,4.0,4230.0, Li-Ion,1520.0,720.0,Android,8,Oppo,2018,9.740968623038354,176516.12903225806
Oppo F9 Pro,79949.0,4.3,66,54,6.3,25.0,64.0,6.0,3500.0, Li-Po,2340.0,1080.0,Android,8,Oppo,2018,11.28914421036649,401142.85714285716
Cubot S550 Pro,17592.0,4.0,42,12,5.5,8.0,16.0,3.0,3000.0, Li-Ion,1280.0,720.0,Android,5,Cubot,2016,9.775199532234597,167563.63636363635
Cubot Cheetah,60800.0,3.5,52,3,5.5,8.0,32.0,3.0,3050.0, Li-Ion,1920.0,1080.0,Android,6,Cubot,2016,11.015345067954259,377018.1818181818
Cubot Dinosaur,20140.0,3.0,45,5,5.5,5.0,16.0,3.0,4150.0, Li-Ion,1280.0,720.0,Android,6,Cubot,2017,9.910463166272553,167563.63636363635
Cubot Note S,13450.0,2.0,40,22,5.5,5.0,16.0,2.0,4150.0, Li-Ion,1280.0,720.0,Android,5,Cubot,2016,9.506734385029985,167563.63636363635
Cubot Echo,4500.0,4.0,41,5,5.0,5.0,16.0,2.0,3000.0, Li-Po,1280.0,720.0,Android,6,Cubot,2017,8.411832675758411,184320.0
Cubot Rainbow,15799.0,3.0,37,16,5.0,5.0,16.0,1.0,2200.0, Li-Po,1280.0,720.0,Android,6,Cubot,2016,9.66770192587285,184320.0
Xiaomi Redmi Note 5A 16GB,15500.0,3.4,47,13,5.5,16.0,16.0,2.0,3080.0, Li-Ion,1280.0,720.0,Android,7,Xiaomi,2017,9.648595302907339,167563.63636363635
Xiaomi Mi A1,11190.0,4.6,58,9,5.5,5.0,64.0,4.0,3080.0, Li-Ion,1920.0,1080.0,Android,7,Xiaomi,2017,9.322775801305971,377018.1818181818
Xiaomi Mi Max 128 GB,11190.0,3.0,67,9,6.44,5.0,128.0,4.0,4850.0, Li-Ion,1920.0,1080.0,Android,6,Xiaomi,2016,9.322775801305971,321987.57763975154
Xiaomi Mi Max 64 GB,28000.0,2.5,59,1,6.44,5.0,64.0,3.0,4850.0, Li-Ion,1920.0,1080.0,Android,6,Xiaomi,2016,10.239959789157341,321987.57763975154
Xiaomi Mi Max 32 GB,9199.0,3.0,57,5,6.44,5.0,32.0,3.0,4850.0, Li-Ion,1920.0,1080.0,Android,6,Xiaomi,2016,9.126850061477157,321987.57763975154
Xiaomi Redmi 4a 32 GB,11999.0,2.0,43,5,5.0,5.0,32.0,2.0,3120.0, Li-Ion,1280.0,720.0,Android,6,Xiaomi,2016,9.392578591964389,184320.0
Xiaomi Redmi 4a 16 GB,12000.0,2.0,42,6,5.0,5.0,16.0,2.0,3120.0, Li-Ion,1280.0,720.0,Android,6,Xiaomi,2016,9.392661928770137,184320.0
Xiaomi Mi 5 32 GB,9480.0,3.7,51,7,5.15,4.0,32.0,3.0,3000.0, Li-Po,1920.0,1080.0,Android,6,Xiaomi,2016,9.156939595249067,402640.7766990291
Xiaomi Mi Mix 2 8 GB RAM,16399.0,3.5,72,4,5.99,5.0,128.0,8.0,3400.0, Li-Ion,2160.0,1080.0,Android,7,Xiaomi,2017,9.704975636343447,389449.081803005
Xiaomi Mi Mix 2 256 GB,10999.0,4.5,76,7,5.99,5.0,256.0,6.0,3400.0, Li-Ion,2160.0,1080.0,Android,7,Xiaomi,2017,9.305559638557117,389449.081803005
Xiaomi Mi Mix 2 128 GB,14990.0,3.3,69,4,5.99,5.0,128.0,6.0,3400.0, Li-Ion,2160.0,1080.0,Android,7,Xiaomi,2017,9.615138591096644,389449.081803005
Xiaomi Mi Note 3 128 GB,10999.0,3.0,67,7,5.5,16.0,128.0,6.0,3500.0, Li-Ion,1920.0,1080.0,Android,7,Xiaomi,2017,9.305559638557117,377018.1818181818
Xiaomi Mi Note 3 64 GB,17200.0,4.0,64,12,5.5,16.0,64.0,6.0,3500.0, Li-Ion,1920.0,1080.0,Android,7,Xiaomi,2017,9.752664662801545,377018.1818181818
Nokia 4.2 32GB,15300.0,3.7,53,81,5.71,8.0,32.0,3.0,3000.0, Li-Ion,1520.0,720.0,Android,9,Nokia,2019,9.635608107380527,191663.74781085816
Nokia 4.2 16GB,10999.0,3.7,50,20,5.71,8.0,16.0,2.0,3000.0, Li-Ion,1520.0,720.0,Android,9,Nokia,2019,9.305559638557117,191663.74781085816
Nokia 3.2 16GB,12500.0,3.0,46,25,6.2,5.0,16.0,2.0,4000.0, Li-Ion,1520.0,720.0,Android,9,Nokia,2019,9.433483923290392,176516.12903225806
Nokia 1 Plus 16GB,10999.0,5.0,34,6,5.45,5.0,16.0,1.0,2500.0, Li-Ion,960.0,480.0,Android,9,Nokia,2021,9.305559638557117,84550.45871559632
Nokia 1 Plus 8GB,16999.0,5.0,33,6,5.45,5.0,8.0,1.0,2500.0, Li-Ion,960.0,480.0,Android,9,Nokia,2021,9.74090979777877,84550.45871559632
Nokia 9 PureView,57000.0,3.0,73,49,5.99,20.0,128.0,6.0,3320.0, Li-Po,2880.0,1440.0,Android,9,Nokia,2019,10.950806546816688,692353.9232053423
Nokia 7.1 32GB,17500.0,4.8,54,16,5.84,8.0,32.0,3.0,3060.0, Li-Ion,2280.0,1080.0,Android,8,Nokia,2018,9.769956159911606,421643.83561643836
Nokia 6.1 64GB,63099.0,3.8,62,37,5.5,8.0,64.0,4.0,3000.0, Li-Ion,1920.0,1080.0,Android,8,Nokia,2018,11.052460200543187,377018.1818181818
Nokia 5.1 Plus X5 32GB,14500.0,3.8,53,61,5.86,8.0,32.0,3.0,3060.0, Li-Ion,1520.0,720.0,Android,8,Nokia,2018,9.581903928408666,186757.67918088735
Nokia 3.1 16GB,10000.0,2.8,48,40,5.2,8.0,16.0,2.0,2990.0, Li-Ion,1440.0,720.0,Android,8,Nokia,2018,9.210340371976184,199384.61538461538
Nokia 5.1 16GB,11000.0,3.3,55,20,5.5,8.0,16.0,2.0,2970.0, Li-Ion,2160.0,1080.0,Android,8,Nokia,2018,9.305650551780507,424145.45454545453
Nokia 2.1,8500.0,3.2,38,38,5.5,5.0,8.0,1.0,4000.0, Li-Ion,1280.0,720.0,Android,8,Nokia,2018,9.047821442478408,167563.63636363635
Nokia 5,12500.0,3.7,47,26,5.2,8.0,16.0,2.0,3000.0, Li-Ion,1280.0,720.0,Android,7,Nokia,2017,9.433483923290392,177230.76923076922
Xiaomi Redmi Note 8 4GB/64GB,18500.0,4.6,86,31,6.3,13.0,64.0,4.0,4000.0, Li-Po,2340.0,1080.0,Android,9,Xiaomi,2019,9.825526011066415,401142.85714285716
Xiaomi Black Shark 2 Pro 12GB/128GB,87231.0,5.0,100,12,6.39,20.0,128.0,12.0,4000.0, Li-Ion,2340.0,1080.0,Android,9,Xiaomi,2019,11.376315051307444,395492.9577464789
Xiaomi Black Shark 2 Pro 8GB/128GB,87231.0,5.0,100,9,6.39,20.0,128.0,8.0,4000.0, Li-Ion,2340.0,1080.0,Android,9,Xiaomi,2019,11.376315051307444,395492.9577464789
Xiaomi Black Shark 2 8GB/256GB,60800.0,4.5,100,5,6.39,20.0,256.0,8.0,4000.0, Li-Ion,2340.0,1080.0,Android,9,Xiaomi,2018,11.015345067954259,395492.9577464789
Xiaomi Black Shark 2 8GB/128GB,40612.0,4.5,100,6,6.39,20.0,128.0,8.0,4000.0, Li-Ion,2340.0,1080.0,Android,9,Xiaomi,2019,10.611818868421114,395492.9577464789
Xiaomi Black Shark 2 6GB/128GB,12690.0,5.0,98,6,6.39,20.0,128.0,6.0,4000.0, Li-Ion,2340.0,1080.0,Android,9,Xiaomi,2019,9.448569560708433,395492.9577464789
Xiaomi Black Shark 8GB/128GB,12690.0,3.7,82,4,5.99,20.0,128.0,8.0,4000.0, Li-Ion,2160.0,1080.0,Android,8,Xiaomi,2018,9.448569560708433,389449.081803005
Xiaomi Black Shark 6GB/64GB,12690.0,5.0,74,3,5.99,20.0,64.0,6.0,4000.0, Li-Ion,2160.0,1080.0,Android,8,Xiaomi,2018,9.448569560708433,389449.081803005
Xiaomi Black Shark Helo 10GB/256GB,145999.0,5.0,92,3,6.01,20.0,256.0,10.0,4000.0, Li-Ion,2160.0,1080.0,Android,8,Xiaomi,2018,11.891355051351947,388153.078202995
Xiaomi Black Shark Helo 8GB/128GB,145999.0,5.0,82,4,6.01,20.0,128.0,8.0,4000.0, Li-Ion,2160.0,1080.0,Android,8,Xiaomi,2018,11.891355051351947,388153.078202995
Xiaomi Black Shark Helo 6GB/128GB,145999.0,5.0,78,5,6.01,20.0,128.0,6.0,4000.0, Li-Ion,2160.0,1080.0,Android,8,Xiaomi,2018,11.891355051351947,388153.078202995
Xiaomi Mi A3 4GB/128GB,145999.0,3.9,88,41,6.01,32.0,128.0,4.0,4030.0, Li-Po,1560.0,720.0,Android,9,Xiaomi,2019,11.891355051351947,186888.5191347754
Xiaomi Mi A3 4GB/64GB,145999.0,3.6,85,26,6.01,32.0,64.0,4.0,4030.0, Li-Po,1560.0,720.0,Android,9,Xiaomi,2019,11.891355051351947,186888.5191347754
Xiaomi Mi CC9e 6GB/128GB,145999.0,5.0,92,13,6.01,32.0,128.0,6.0,4030.0, Li-Po,1560.0,720.0,Android,9,Xiaomi,2019,11.891355051351947,186888.5191347754
Xiaomi Mi CC9e 6GB/64GB,101000.0,4.5,88,5,6.01,32.0,64.0,6.0,4030.0, Li-Po,1560.0,720.0,Android,9,Xiaomi,2019,11.522875795823397,186888.5191347754
Xiaomi Mi CC9e 4GB/64GB,101000.0,5.0,85,6,6.01,32.0,64.0,4.0,4030.0, Li-Po,1560.0,720.0,Android,9,Xiaomi,2019,11.522875795823397,186888.5191347754
Xiaomi Mi CC9mt (Meitu Edition) 8GB/256GB,101000.0,3.7,100,12,6.39,32.0,256.0,8.0,4030.0, Li-Po,2340.0,1080.0,Android,9,Xiaomi,2019,11.522875795823397,395492.9577464789
Xiaomi Mi CC9 6GB/128GB,85000.0,3.7,95,12,6.39,32.0,128.0,6.0,4030.0, Li-Po,2340.0,1080.0,Android,9,Xiaomi,2019,11.350406535472453,395492.9577464789
Xiaomi Mi CC9 6GB/64GB,85000.0,5.0,91,4,6.39,32.0,64.0,6.0,4030.0, Li-Po,2340.0,1080.0,Android,9,Xiaomi,2019,11.350406535472453,395492.9577464789
Xiaomi Redmi K20 Pro 8GB/256GB,91999.0,4.0,100,9,6.39,20.0,256.0,8.0,4000.0, Li-Po,2340.0,1080.0,Android,9,Xiaomi,2019,11.429532986406885,395492.9577464789
Xiaomi Redmi K20 Pro 8GB/128GB,91999.0,5.0,100,7,6.39,20.0,128.0,8.0,4000.0, Li-Po,2340.0,1080.0,Android,9,Xiaomi,2019,11.429532986406885,395492.9577464789
Xiaomi Redmi K20 Pro 6GB/128GB,41000.0,4.7,98,11,6.39,20.0,128.0,6.0,4000.0, Li-Po,2340.0,1080.0,Android,9,Xiaomi,2019,10.621327345686446,395492.9577464789
Xiaomi Redmi K20 Pro 6GB/64GB,37500.0,3.9,95,18,6.39,20.0,64.0,6.0,4000.0, Li-Po,2340.0,1080.0,Android,9,Xiaomi,2019,10.532096211958502,395492.9577464789
Xiaomi Redmi K20 8GB/256GB,91999.0,5.0,100,7,6.39,20.0,256.0,8.0,4000.0, Li-Po,2340.0,1080.0,Android,9,Xiaomi,2019,11.429532986406885,395492.9577464789
Xiaomi Redmi K20 6GB/128GB,40500.0,4.5,95,4,6.39,20.0,128.0,6.0,4000.0, Li-Po,2340.0,1080.0,Android,9,Xiaomi,2019,10.60905725309463,395492.9577464789
Xiaomi Redmi K20 6GB/64GB,37499.0,3.0,91,6,6.39,20.0,64.0,6.0,4000.0, Li-Po,2340.0,1080.0,Android,9,Xiaomi,2019,10.532069544936274,395492.9577464789
Xiaomi Mi Mix 2S 6GB/128GB,12990.0,4.0,71,3,5.99,5.0,128.0,6.0,3400.0, Li-Ion,2160.0,1080.0,Android,8,Xiaomi,2018,9.471935109664646,389449.081803005
Xiaomi Mi 8 Lite 6GB/128GB,26499.0,5.0,67,13,6.26,24.0,128.0,6.0,3350.0, Li-Po,2280.0,1080.0,Android,8,Xiaomi,2018,10.184862275413241,393354.63258785947
Apple iPhone SE (2020) 256GB,69999.0,4.5,63,16,4.7,7.0,256.0,3.0,1821.0, Li-Ion,1334.0,750.0,IOS,13,Apple,2020,11.156236235215168,212872.3404255319
Apple iPhone SE (2020) 128GB,56999.0,3.6,56,27,4.7,7.0,128.0,3.0,1821.0, Li-Ion,1334.0,750.0,IOS,13,Apple,2020,10.950789002803143,212872.3404255319
Apple iPhone SE (2020) 64GB,51499.0,3.7,52,23,4.7,7.0,64.0,3.0,1821.0, Li-Ion,1334.0,750.0,IOS,13,Apple,2020,10.849317668987577,212872.3404255319
Apple iPhone 11 Pro Max 512GB,163000.0,4.4,65,58,6.5,12.0,512.0,4.0,3500.0, Li-Ion,2688.0,1242.0,IOS,13,Apple,2019,12.0015054797889,513614.76923076925
Apple iPhone 11 Pro Max 256GB,134499.0,3.4,51,91,6.5,12.0,256.0,4.0,3500.0, Li-Ion,2688.0,1242.0,IOS,13,Apple,2019,11.809312043052154,513614.76923076925
Apple iPhone 11 Pro Max 64GB,120499.0,4.1,40,49,6.5,12.0,64.0,4.0,3500.0, Li-Ion,2688.0,1242.0,IOS,13,Apple,2019,11.699396733123224,513614.76923076925
Apple iPhone 11 Pro 512GB,170000.0,3.0,64,29,5.8,12.0,512.0,4.0,3190.0, Li-Ion,2436.0,1125.0,IOS,13,Apple,2019,12.043553716032399,472500.0
Apple iPhone 11 Pro 256GB,127999.0,3.4,50,38,5.8,12.0,256.0,4.0,3190.0, Li-Ion,2436.0,1125.0,IOS,13,Apple,2019,11.759777730371237,472500.0
Apple iPhone 11 Pro 64GB,110000.0,3.5,39,67,5.8,12.0,64.0,4.0,3190.0, Li-Ion,2436.0,1125.0,IOS,13,Apple,2019,11.608235644774552,472500.0
Apple iPhone 11 256GB,93999.0,3.7,48,29,6.1,12.0,256.0,4.0,3110.0, Li-Ion,1792.0,828.0,IOS,13,Apple,2019,11.451039422897681,243241.96721311478
Apple iPhone 11 128GB,81999.0,4.1,40,44,6.1,12.0,128.0,4.0,3110.0, Li-Ion,1792.0,828.0,IOS,13,Apple,2019,11.314462331050079,243241.96721311478
Apple iPhone 11 64GB,76999.0,3.5,37,71,6.1,12.0,64.0,4.0,3110.0, Li-Ion,1792.0,828.0,IOS,13,Apple,2019,11.251547713738502,243241.96721311478
Apple iPhone 6s Plus 128 GB,33000.0,4.3,48,38,5.5,5.0,128.0,2.0,2750.0, Li-Ion,1920.0,1080.0,IOS,9,Apple,2015,10.404262840448617,377018.1818181818
Tecno L9 Plus,29999.0,3.8,46,124,6.0,5.0,16.0,2.0,5000.0, Li-Ion,1280.0,720.0,Android,7,Tecno,2017,10.308919326755392,153600.0
Tecno L9,29999.0,3.7,38,20,5.5,5.0,16.0,1.0,4000.0, Li-Ion,1280.0,720.0,Android,7,Tecno,2017,10.308919326755392,167563.63636363635
Tecno WX3 P,24999.0,3.8,37,14,5.0,5.0,8.0,1.0,5000.0, Li-Ion,854.0,480.0,Android,7,Tecno,2017,10.126591103050316,81984.0
Tecno WX3,7000.0,3.3,30,19,5.0,5.0,8.0,1.0,2500.0, Li-Ion,854.0,480.0,Android,7,Tecno,2017,8.85366542803745,81984.0
Tecno Spark Plus K9,13999.0,3.8,48,147,6.0,5.0,16.0,2.0,3400.0, Li-Ion,1280.0,720.0,Android,7,Tecno,2017,9.546741177474825,153600.0
Tecno Spark K7,13999.0,3.6,44,119,5.5,5.0,16.0,1.0,3000.0, Li-Ion,1280.0,720.0,Android,7,Tecno,2017,9.546741177474825,167563.63636363635
Tecno W4 4G,29999.0,3.5,34,28,5.0,2.0,16.0,1.0,2500.0, Li-Ion,1280.0,720.0,Android,6,Tecno,2016,10.308919326755392,184320.0
Tecno W3 3G,21196.0,3.6,30,14,5.0,2.0,8.0,1.0,2500.0, Li-Ion,854.0,480.0,Android,6,Tecno,2017,9.961567763612653,81984.0
Oppo Reno 4 4G 8GB/128GB,37499.0,5.0,99,9,6.4,32.0,128.0,8.0,4015.0, Li-Po,2400.0,1080.0,Android,10,Oppo,2020,10.532069544936274,405000.0
Oppo Reno 4 Pro 5G 12GB/256GB,9999.0,3.7,100,17,6.55,32.0,256.0,12.0,4000.0, Li-Po,2400.0,1080.0,Android,10,Oppo,2020,9.21024036697585,395725.19083969464
Oppo Reno 4 Pro 5G 8GB/128GB,9999.0,5.0,99,11,6.55,32.0,128.0,8.0,4000.0, Li-Po,2400.0,1080.0,Android,10,Oppo,2020,9.21024036697585,395725.19083969464
Oppo Find X2 Neo 12GB/256GB,13975.0,5.0,100,8,6.5,32.0,256.0,12.0,4025.0, Li-Po,2400.0,1080.0,Android,10,Oppo,2020,9.5450252980233,398769.23076923075
Oppo A72 4GB/128GB,124999.0,5.0,93,7,6.5,16.0,128.0,4.0,5000.0, Li-Po,2400.0,1080.0,Android,10,Oppo,2020,11.736061016252439,398769.23076923075
Oppo A52 4GB/128GB,20499.0,2.8,67,17,6.5,16.0,128.0,4.0,5000.0, Li-Po,2400.0,1080.0,Android,10,Oppo,2020,9.928131383448887,398769.23076923075
Oppo A52 4GB/64GB,124999.0,4.0,64,6,6.5,16.0,64.0,4.0,5000.0, Li-Po,2400.0,1080.0,Android,10,Oppo,2020,11.736061016252439,398769.23076923075
Oppo A12 4GB/64GB,8990.0,3.7,62,9,6.22,5.0,64.0,4.0,4230.0, Li-Po,1520.0,720.0,Android,9,Oppo,2020,9.103868127465667,175948.5530546624
Oppo A12 3GB/32GB,14999.0,4.5,58,8,6.22,5.0,32.0,3.0,4230.0, Li-Po,1520.0,720.0,Android,9,Oppo,2020,9.61573881119536,175948.5530546624
Oppo A92 8GB/128GB,28500.0,3.3,100,40,6.5,16.0,128.0,8.0,5000.0, Li-Po,2400.0,1080.0,Android,10,Oppo,2020,10.257659366256743,398769.23076923075
Oppo Ace 2 8GB/128GB,13799.0,4.0,100,2,6.55,16.0,128.0,8.0,4000.0, Li-Po,2400.0,1080.0,Android,10,Oppo,2020,9.532351404751555,395725.19083969464
Oppo A31 Pro 4GB/128GB,20299.0,2.7,64,21,6.5,8.0,128.0,4.0,4230.0, Li-Po,1600.0,720.0,Android,9,Oppo,2020,9.918326902732767,177230.76923076922
Oppo Find X2 Pro 12GB/512GB,22000.0,5.0,100,25,6.7,32.0,512.0,12.0,4260.0, Li-Po,3168.0,1440.0,Android,10,Oppo,2020,9.998797732340453,680883.5820895522
Oppo Find X2 12GB/256GB,22000.0,4.0,100,14,6.7,32.0,256.0,12.0,4200.0, Li-Po,3166.0,1440.0,Android,10,Oppo,2020,9.998797732340453,680453.7313432836
Realme Narzo 10A 3GB/32GB,14299.0,3.3,58,9,6.5,5.0,32.0,3.0,5000.0, Li-Po,1600.0,720.0,Android,10,Realme,2020,9.567944883732848,177230.76923076922
Realme 5 Pro 4GB/64GB,29990.0,5.0,88,4,6.3,16.0,64.0,4.0,4035.0, Li-Po,2340.0,1080.0,Android,9,Realme,2019,10.308619271743055,401142.85714285716
Realme 5 3GB/32GB,36000.0,5.0,58,1,6.5,13.0,32.0,3.0,5000.0, Li-Po,1600.0,720.0,Android,9,Realme,2019,10.491274217438248,177230.76923076922
Realme X2 6GB/64GB,36000.0,5.0,100,6,6.4,32.0,64.0,6.0,4000.0, Li-Po,2340.0,1080.0,Android,9,Realme,2019,10.491274217438248,394875.0
Realme X2 4GB/64GB,15799.0,3.5,99,5,6.4,32.0,64.0,4.0,4000.0, Li-Po,2340.0,1080.0,Android,9,Realme,2019,9.66770192587285,394875.0
Realme C3 2GB/32GB,24999.0,3.6,56,10,6.5,5.0,32.0,2.0,5000.0, Li-Po,1560.0,720.0,Android,10,Realme,2020,10.126591103050316,172800.0
Samsung Galaxy Note 20 Ultra 5G 12GB/512GB,157000.0,4.2,100,21,6.9,10.0,512.0,12.0,4500.0, Li-Ion,3088.0,1440.0,Android,10,Samsung,2020,11.964001084330445,644452.1739130435
Samsung Galaxy Note 20 Ultra 5G 12GB/256GB,130999.0,5.0,100,17,6.9,10.0,256.0,12.0,4500.0, Li-Ion,3088.0,1440.0,Android,10,Samsung,2020,11.782944968566367,644452.1739130435
Samsung Galaxy Note 20 Ultra 8GB/256GB,115999.0,3.4,100,22,6.9,10.0,256.0,8.0,4500.0, Li-Ion,3088.0,1440.0,Android,10,Samsung,2020,11.661336849361689,644452.1739130435
Samsung Galaxy Note 20 8GB/256GB,89999.0,4.7,83,10,6.7,10.0,256.0,8.0,4300.0, Li-Ion,2400.0,1080.0,Android,10,Samsung,2020,11.407553838139561,386865.671641791
Samsung Galaxy A3 Core 1GB/16GB,10000.0,5.0,37,14,5.3,5.0,16.0,1.0,3000.0, Li-Ion,1480.0,720.0,Android,10,Samsung,2021,9.210340371976184,201056.6037735849
Samsung Galaxy M31s 6GB/128GB,15799.0,4.1,100,28,6.5,32.0,128.0,6.0,6000.0, Li-Po,2400.0,1080.0,Android,10,Samsung,2020,9.66770192587285,398769.23076923075
Samsung Galaxy M01s 3GB/32GB,33599.0,5.0,56,11,6.2,8.0,32.0,3.0,4000.0, Li-Ion,1520.0,720.0,Android,9,Samsung,2020,10.42225158360364,176516.12903225806
Samsung Galaxy Z Flip 5G 8GB/256GB,26999.0,5.0,83,10,6.7,10.0,256.0,8.0,3300.0, Li-Po,2636.0,1080.0,Android,10,Samsung,2020,10.203555107263542,424907.46268656716
Samsung Galaxy A01 Core 1GB/16GB,21196.0,5.0,37,3,5.3,5.0,16.0,1.0,3000.0, Li-Ion,1480.0,720.0,Android,10,Samsung,2020,9.961567763612653,201056.6037735849
Samsung Galaxy M01 3GB/32GB,13499.0,2.3,56,28,5.7,5.0,32.0,3.0,4000.0, Li-Ion,1520.0,720.0,Android,10,Samsung,2020,9.510370887608827,192000.0
Samsung Galaxy A Quantum 8GB/128GB,30999.0,3.6,100,29,6.7,32.0,128.0,8.0,4500.0, Li-Po,2400.0,1080.0,Android,10,Samsung,2020,10.341710224882465,386865.671641791
Samsung Galaxy A21s 4GB/64GB,19799.0,3.3,87,28,6.5,13.0,64.0,4.0,5000.0, Li-Po,1600.0,720.0,Android,10,Samsung,2020,9.8933867103567,177230.76923076922
Samsung Galaxy A71 5G 6GB/128GB,12085.0,4.5,100,13,6.7,32.0,128.0,6.0,4500.0, Li-Po,2400.0,1080.0,Android,10,Samsung,2020,9.399720293137584,386865.671641791
Samsung Galaxy A51 5G 8GB/128GB,29999.0,4.1,100,39,6.5,32.0,128.0,8.0,4500.0, Li-Po,2400.0,1080.0,Android,10,Samsung,2020,10.308919326755392,398769.23076923075
Samsung Galaxy M11 3GB/32GB,15999.0,2.5,57,16,6.4,8.0,32.0,3.0,5000.0, Li-Ion,1560.0,720.0,Android,10,Samsung,2020,9.680281499268713,175500.0
Huawei Y7 Prime,15500.0,3.2,51,24,5.5,8.0,32.0,3.0,4000.0, Li-Ion,1280.0,720.0,Android,7,Huawei,2017,9.648595302907339,167563.63636363635
Huawei Y3 2017,8000.0,3.7,30,5,5.0,2.0,8.0,1.0,2200.0, Li-Ion,854.0,480.0,Android,6,Huawei,2017,8.987196820661973,81984.0
Huawei P10 Plus 64GB,48000.0,4.2,70,16,5.5,8.0,64.0,4.0,3750.0, Li-Ion,2560.0,1440.0,Android,7,Huawei,2017,10.778956289890028,670254.5454545454
Huawei Mate 10,28000.0,4.2,70,16,5.9,8.0,64.0,4.0,4000.0, Li-Po,2560.0,1440.0,Android,8,Huawei,2017,10.239959789157341,624813.5593220339
Huawei Honor 7 16GB,59999.0,3.7,61,5,5.2,8.0,16.0,3.0,3100.0, Li-Po,1920.0,1080.0,Android,5,Huawei,2015,11.002083174398681,398769.23076923075
Huawei Mate 10 Lite,83130.0,4.1,64,66,5.9,13.0,64.0,4.0,3340.0, Li-Ion,2160.0,1080.0,Android,7,Huawei,2017,11.328160926525134,395389.83050847455
Huawei P10 Lite 4 GB RAM,21500.0,4.0,57,14,5.2,8.0,32.0,4.0,3000.0, Li-Po,1920.0,1080.0,Android,7,Huawei,2017,9.975808214115753,398769.23076923075
Oppo A3s,12000.0,4.1,52,60,6.2,8.0,16.0,2.0,4230.0, Li-Ion,1520.0,720.0,Android,8,Oppo,2018,9.392661928770137,176516.12903225806
Oppo F9,23500.0,3.7,62,92,6.3,25.0,64.0,4.0,3500.0, Li-Po,2340.0,1080.0,Android,8,Oppo,2018,10.06475570013225,401142.85714285716
Oppo Find X,10670.0,4.0,85,112,6.42,25.0,256.0,8.0,3730.0, Li-Ion,2340.0,1080.0,Android,8,Oppo,2018,9.275191344295799,393644.8598130841
Oppo A3,5099.0,3.8,65,45,6.2,8.0,128.0,4.0,3400.0, Li-Ion,2280.0,1080.0,Android,8,Oppo,2018,8.536799721055155,397161.2903225806
Oppo F7,11900.0,4.2,62,60,6.23,25.0,64.0,4.0,3400.0, Li-Ion,2280.0,1080.0,Android,8,Oppo,2018,9.38429367909962,395248.7961476725
Oppo A83,23500.0,3.4,56,25,5.7,8.0,32.0,3.0,3180.0, Li-Ion,1440.0,720.0,Android,7,Oppo,2018,10.06475570013225,181894.73684210525
Oppo F5 64GB,16000.0,4.3,68,42,6.0,20.0,64.0,6.0,3200.0, Li-Ion,2160.0,1080.0,Android,7,Oppo,2017,9.680344001221918,388800.0
Oppo F5,15000.0,4.2,62,122,6.0,20.0,32.0,4.0,3200.0, Li-Ion,2160.0,1080.0,Android,7,Oppo,2017,9.615805480084347,388800.0
OnePlus 8 Pro 12GB/256GB,89899.0,5.0,100,17,6.78,16.0,256.0,12.0,4510.0, Li-Po,3168.0,1440.0,Android,10,OnePlus,2020,11.406442096927323,672849.5575221239
OnePlus 8 Pro 8GB/128GB,82999.0,4.7,100,3,6.78,16.0,128.0,8.0,4510.0, Li-Po,3168.0,1440.0,Android,10,OnePlus,2020,11.326583838513384,672849.5575221239
OnePlus 8 12GB/256GB,69000.0,5.0,100,10,6.55,16.0,256.0,12.0,4300.0, Li-Po,2400.0,1080.0,Android,10,OnePlus,2020,11.141861783579396,395725.19083969464
OnePlus 8 8GB/128GB,63999.0,5.0,100,8,6.55,16.0,128.0,8.0,4300.0, Li-Po,2400.0,1080.0,Android,10,OnePlus,2020,11.066622737219737,395725.19083969464
OnePlus 7T Pro 12GB/256GB,93000.0,5.0,100,23,6.67,16.0,256.0,12.0,4085.0, Li-Po,3120.0,1440.0,Android,10,OnePlus,2019,11.440354772135393,673583.2083958021
OnePlus 7T Pro 8GB/256GB,64999.0,3.7,100,27,6.67,16.0,256.0,8.0,4085.0, Li-Po,3120.0,1440.0,Android,10,OnePlus,2019,11.082127164144046,673583.2083958021
OnePlus 7 Pro 8GB/256GB,59999.0,3.9,100,30,6.67,16.0,256.0,8.0,4000.0, Li-Po,3120.0,1440.0,Android,9,OnePlus,2019,11.002083174398681,673583.2083958021
OnePlus 7T 8GB/256GB,54500.0,5.0,100,24,6.55,16.0,256.0,8.0,3800.0, Li-Po,2400.0,1080.0,Android,10,OnePlus,2019,10.905955980651335,395725.19083969464
OnePlus 7T 8GB/128GB,52999.0,4.7,100,16,6.55,16.0,128.0,8.0,3800.0, Li-Po,2400.0,1080.0,Android,10,OnePlus,2019,10.878028324431728,395725.19083969464
OnePlus 7 Pro 256GB 12GB,10500.0,4.0,100,56,6.67,16.0,256.0,12.0,4000.0, Li-Po,3120.0,1440.0,Android,9,OnePlus,2019,9.259130536145614,673583.2083958021
OnePlus 7 256GB,50000.0,3.4,100,21,6.41,16.0,256.0,8.0,3700.0, Li-Po,2340.0,1080.0,Android,9,OnePlus,2019,10.819778284410283,394258.97035881435
OnePlus 6T 128GB,55000.0,5.0,74,25,6.41,16.0,128.0,6.0,3700.0, Li-Po,2340.0,1080.0,Android,9,OnePlus,2018,10.915088464214607,394258.97035881435
OnePlus 6 128GB,53000.0,3.6,77,27,6.28,16.0,128.0,8.0,3300.0, Li-Po,2280.0,1080.0,Android,8,OnePlus,2018,10.87804719253426,392101.9108280255
OnePlus 6,58000.0,4.3,70,44,6.28,16.0,64.0,6.0,3300.0, Li-Po,2280.0,1080.0,Android,8,OnePlus,2018,10.968198289528557,392101.9108280255
OnePlus 5T 128GB,67999.0,4.7,78,14,6.01,16.0,128.0,8.0,3300.0, Li-Po,2160.0,1080.0,Android,7,OnePlus,2017,11.127248278167759,388153.078202995
OnePlus 5T 64GB,67999.0,4.7,70,20,6.01,16.0,64.0,6.0,3300.0, Li-Po,2160.0,1080.0,Android,7,OnePlus,2017,11.127248278167759,388153.078202995
OnePlus 5 128GB,67999.0,4.6,75,13,5.5,16.0,128.0,8.0,3300.0, Li-Po,1920.0,1080.0,Android,7,OnePlus,2017,11.127248278167759,377018.1818181818
Honor 9C 4GB/64GB,44999.0,4.0,85,1,6.39,8.0,64.0,4.0,4000.0, Li-Po,1560.0,720.0,Android,10,Honor,2020,10.714395546283317,175774.64788732395
Honor Play 4 8GB/128GB,54667.0,4.5,100,4,6.81,16.0,128.0,8.0,4300.0, Li-Po,2400.0,1080.0,Android,10,Honor,2020,10.909015515680611,380616.7400881057
Honor 8S 2020 3GB/64GB,54667.0,4.0,49,4,5.71,5.0,64.0,3.0,3020.0, Li-Po,1520.0,720.0,Android,9,Honor,2019,10.909015515680611,191663.74781085816
Honor 30 Youth 6GB/64GB,54667.0,4.0,90,5,6.5,16.0,64.0,6.0,4000.0, Li-Po,2400.0,1080.0,Android,10,Honor,2020,10.909015515680611,398769.23076923075
Honor 30 8GB/256GB,54667.0,5.0,100,3,6.53,32.0,256.0,8.0,4000.0, Li-Po,2400.0,1080.0,Android,10,Honor,2020,10.909015515680611,396937.21286370594
Honor 30 6GB/128GB,6799.0,5.0,91,3,6.53,32.0,128.0,6.0,4000.0, Li-Po,2400.0,1080.0,Android,10,Honor,2020,8.82453082152646,396937.21286370594
HTC Wildfire E2 4GB/64GB,6799.0,3.5,60,7,6.22,8.0,64.0,4.0,4000.0, Li-Po,1560.0,720.0,Android,10,HTC,2020,8.82453082152646,180578.77813504823
HTC Wildfire R70 2GB/32GB,23999.0,5.0,56,6,6.53,8.0,32.0,2.0,4000.0, Li-Po,1560.0,720.0,Android,9,HTC,2020,10.085767441795337,172006.1255742726
HTC U20 5G 8GB/256GB,23999.0,3.7,100,15,6.8,32.0,256.0,8.0,5000.0, Li-Po,2400.0,1080.0,Android,10,HTC,2020,10.085767441795337,381176.4705882353
HTC Desire 20 Pro 6GB/128GB,44490.0,4.0,96,15,6.5,25.0,128.0,6.0,5000.0, Li-Po,2340.0,1080.0,Android,10,HTC,2020,10.703019723800088,388800.0
HTC Desire 19s 3GB/32GB,44490.0,3.0,55,34,6.2,16.0,32.0,3.0,3850.0, Li-Ion,1520.0,720.0,Android,9,HTC,2019,10.703019723800088,176516.12903225806
HTC U12 Life 64GB,27500.0,5.0,61,32,6.0,13.0,64.0,4.0,3600.0, Li-Ion,2160.0,1080.0,Android,8,HTC,2018,10.221941283654663,388800.0
HTC Desire 12s 32GB,16999.0,4.0,50,6,5.7,13.0,32.0,3.0,3075.0, Li-Ion,1440.0,720.0,Android,8,HTC,2018,9.74090979777877,181894.73684210525
HTC Desire 650,14979.0,3.0,40,11,5.0,5.0,16.0,2.0,2200.0, Li-Ion,1280.0,720.0,Android,6,HTC,2017,9.61440449916872,184320.0
HTC U12 Plus 64GB,66500.0,2.7,70,14,6.0,8.0,64.0,6.0,3500.0, Li-Ion,2880.0,1440.0,Android,8,HTC,2018,11.104957226643945,691200.0
HTC Desire 12 Plus,16000.0,4.0,51,19,6.0,8.0,32.0,3.0,2965.0, Li-Ion,1440.0,720.0,Android,8,HTC,2018,9.680344001221918,172800.0
HTC Desire 12,15000.0,1.3,40,40,5.5,5.0,16.0,2.0,2730.0, Li-Ion,1440.0,720.0,Android,7,HTC,2018,9.615805480084347,188509.0909090909
HTC U11 Eyes,10499.0,3.0,59,15,6.0,5.0,64.0,4.0,3930.0, Li-Ion,2160.0,1080.0,Android,8,HTC,2018,9.259035293514941,388800.0
HTC Desire 10 Compact,12299.0,3.0,45,9,5.0,5.0,32.0,3.0,3300.0, Li-Ion,1280.0,720.0,Android,6,HTC,2017,9.41727323724241,184320.0
HTC 10 Evo 64GB,14999.0,4.0,62,18,5.5,8.0,64.0,3.0,3200.0, Li-Ion,2560.0,1440.0,Android,7,HTC,2016,9.61573881119536,670254.5454545454
HTC U11 Plus 128GB,49500.0,4.4,72,17,6.0,8.0,128.0,6.0,3930.0, Li-Ion,2880.0,1440.0,Android,8,HTC,2017,10.809727948556782,691200.0
HTC Desire 628,14999.0,4.0,47,4,5.0,5.0,32.0,3.0,2200.0, Li-Ion,1280.0,720.0,Android,5,HTC,2016,9.61573881119536,184320.0
HTC E9,14999.0,2.5,52,6,5.5,4.0,16.0,2.0,2800.0, Li-Po,1920.0,1080.0,Android,5,HTC,2015,9.61573881119536,377018.1818181818
HTC Desire 630,16250.0,4.0,40,4,5.0,5.0,16.0,2.0,2200.0, Li-Ion,1280.0,720.0,Android,6,HTC,2016,9.695848187757884,184320.0
HTC Desire 530,16499.0,1.7,33,14,5.0,5.0,16.0,15.0,2200.0, Li-Ion,1280.0,720.0,Android,6,HTC,2016,9.711055051991444,184320.0
HTC 10 Evo,12299.0,3.2,60,15,5.5,8.0,32.0,3.0,3200.0, Li-Ion,2560.0,1440.0,Android,7,HTC,2016,9.41727323724241,670254.5454545454
HTC Desire 728G,12299.0,3.3,45,4,5.5,5.0,16.0,15.0,2800.0, Li-Po,1280.0,720.0,Android,5,HTC,2015,9.41727323724241,167563.63636363635
HTC 10 64 GB,14979.0,3.0,56,3,5.2,5.0,64.0,4.0,3000.0, Li-Ion,2560.0,1440.0,Android,6,HTC,2016,9.61440449916872,708923.0769230769
HTC 10 32 GB,14979.0,4.3,54,3,5.2,5.0,32.0,4.0,3000.0, Li-Ion,2560.0,1440.0,Android,6,HTC,2016,9.61440449916872,708923.0769230769
HTC Desire 728,12299.0,4.0,45,6,5.5,5.0,16.0,2.0,2800.0, Li-Po,1280.0,720.0,Android,5,HTC,2015,9.41727323724241,167563.63636363635
HTC One M9 Plus,16499.0,3.9,63,10,5.2,4.0,32.0,3.0,2840.0, Li-Po,2560.0,1440.0,Android,5,HTC,2015,9.711055051991444,708923.0769230769
HTC One M9,16499.0,4.2,57,7,5.0,4.0,32.0,3.0,2840.0, Li-Po,1920.0,1080.0,Android,5,HTC,2015,9.711055051991444,414720.0
HTC One A9 32 GB,16250.0,4.0,50,4,5.0,4.0,32.0,3.0,2150.0, Li-Ion,1920.0,1080.0,Android,6,HTC,2015,9.695848187757884,414720.0
HTC One A9 16 GB,28999.0,4.0,48,3,5.0,4.0,16.0,2.0,2150.0, Li-Ion,1920.0,1080.0,Android,6,HTC,2015,10.275016625615446,414720.0
HTC Desire 10 Lifestyle,10000.0,4.0,43,13,5.5,5.0,32.0,3.0,2700.0, Li-Ion,1280.0,720.0,Android,6,HTC,2016,9.210340371976184,167563.63636363635
Xiaomi Mi 10 Youth 5G 6GB/128GB,16250.0,5.0,96,5,6.57,16.0,128.0,6.0,4160.0, Li-Po,2400.0,1080.0,Android,10,Xiaomi,2020,9.695848187757884,394520.5479452055
Xiaomi Mi 10 Youth 5G 6GB/64GB,16250.0,5.0,93,5,6.57,16.0,64.0,6.0,4160.0, Li-Po,2400.0,1080.0,Android,10,Xiaomi,2020,9.695848187757884,394520.5479452055
Xiaomi Redmi Note 8T 4GB/128GB,20999.0,5.0,90,16,6.3,13.0,128.0,4.0,4000.0, Li-Po,2340.0,1080.0,Android,9,Xiaomi,2019,9.952230096524119,401142.85714285716
Xiaomi Redmi Note 8T 4GB/64GB,19500.0,5.0,86,17,6.3,13.0,64.0,4.0,4000.0, Li-Po,2340.0,1080.0,Android,9,Xiaomi,2019,9.878169744551839,401142.85714285716
Xiaomi Redmi Note 8T 3GB/32GB,17999.0,5.0,83,8,6.3,13.0,32.0,3.0,4000.0, Li-Po,2340.0,1080.0,Android,9,Xiaomi,2019,9.798071479779479,401142.85714285716
Xiaomi Mi Note 10 Pro 8GB/256GB,10999.0,3.5,100,18,6.47,32.0,256.0,8.0,5260.0, Li-Po,2340.0,1080.0,Android,9,Xiaomi,2019,9.305559638557117,390602.7820710974
Xiaomi Mi 10 5G 12GB/256GB,76899.0,3.7,100,11,6.67,20.0,256.0,12.0,4780.0, Li-Po,2340.0,1080.0,Android,10,Xiaomi,2019,11.250248151508014,378890.5547226387
Xiaomi Mi Note 10 6GB/128GB,45500.0,5.0,100,14,6.47,32.0,128.0,6.0,5260.0, Li-Po,2340.0,1080.0,Android,9,Xiaomi,2019,10.725467604939041,390602.7820710974
Xiaomi Mi 9T Pro 8GB/256GB,15900.0,3.0,100,15,6.39,20.0,256.0,8.0,4000.0, Li-Po,2340.0,1080.0,Android,9,Xiaomi,2019,9.674074388208323,395492.9577464789
Xiaomi Mi 9T Pro 6GB/128GB,41000.0,5.0,98,17,6.39,20.0,128.0,6.0,4000.0, Li-Po,2340.0,1080.0,Android,9,Xiaomi,2019,10.621327345686446,395492.9577464789
Xiaomi Mi 9T Pro 6GB/64GB,37000.0,5.0,95,11,6.39,20.0,64.0,6.0,4000.0, Li-Po,2340.0,1080.0,Android,9,Xiaomi,2019,10.51867319162636,395492.9577464789
Xiaomi Redmi Note 8 Pro 6GB/128GB,24999.0,3.2,100,70,6.53,20.0,128.0,6.0,4500.0, Li-Po,2340.0,1080.0,Android,9,Xiaomi,2019,10.126591103050316,387013.78254211333
Xiaomi Redmi Note 8 Pro 4GB/64GB,22000.0,3.7,99,18,6.53,20.0,64.0,4.0,4500.0, Li-Po,2340.0,1080.0,Android,9,Xiaomi,2019,9.998797732340453,387013.78254211333
Xiaomi Redmi Note 8 6GB/128GB,25999.0,4.8,94,13,6.3,13.0,128.0,6.0,4000.0, Li-Po,2340.0,1080.0,Android,9,Xiaomi,2019,10.165813354725493,401142.85714285716
Xiaomi Redmi Note 8 6GB/64GB,24999.0,3.7,90,5,6.3,13.0,64.0,6.0,4000.0, Li-Po,2340.0,1080.0,Android,9,Xiaomi,2019,10.126591103050316,401142.85714285716
Lava Iris 51 1GB/8GB,7000.0,4.0,32,13,5.0,5.0,8.0,1.0,2500.0, Li-Ion,854.0,480.0,Android,8,Lava,2019,8.85366542803745,81984.0
Lava Iris 42 1GB/8GB,6000.0,2.5,28,24,5.0,2.0,8.0,1.0,2000.0, Li-Ion,854.0,480.0,Android,8,Lava,2019,8.699514748210191,81984.0
Infinix Smart 5 2GB/32GB,10000.0,5.0,55,21,6.6,8.0,32.0,2.0,5000.0, Li-Po,1600.0,720.0,Android,10,Infinix,2020,9.210340371976184,174545.45454545456
Infinix Hot 8 3GB/32GB,13000.0,5.0,58,18,6.52,8.0,32.0,3.0,5000.0, Li-Po,1600.0,720.0,Android,9,Infinix,2019,9.472704636443673,176687.1165644172
Infinix S5 Pro 6GB/128GB,21500.0,5.0,95,13,6.53,16.0,128.0,6.0,4000.0, Li-Po,2340.0,1080.0,Android,10,Infinix,2020,9.975808214115753,387013.78254211333
Infinix Note 7 Lite 4GB/64GB,16499.0,3.0,87,18,6.6,8.0,64.0,4.0,5000.0, Li-Po,1600.0,720.0,Android,10,Infinix,2020,9.711055051991444,174545.45454545456
Infinix Hot 9 3GB/64GB,14000.0,3.2,61,24,6.6,8.0,64.0,3.0,5000.0, Li-Po,1600.0,720.0,Android,10,Infinix,2020,9.546812608597396,174545.45454545456
Infinix Hot 9 2GB/32GB,13499.0,3.0,55,11,6.6,8.0,32.0,2.0,5000.0, Li-Po,1600.0,720.0,Android,10,Infinix,2020,9.510370887608827,174545.45454545456
Infinix Note 7 6GB/128GB,20999.0,3.5,94,40,6.95,16.0,128.0,6.0,5000.0, Li-Po,1640.0,720.0,Android,10,Infinix,2020,9.952230096524119,169899.28057553957
Infinix Smart 4 2GB/32GB,10500.0,3.3,44,73,6.6,5.0,32.0,2.0,4000.0, Li-Po,1600.0,720.0,Android,9,Infinix,2019,9.259130536145614,174545.45454545456
Infinix S5 Lite 4GB/64GB,14800.0,3.9,61,39,6.6,16.0,64.0,4.0,4000.0, Li-Po,1600.0,720.0,Android,9,Infinix,2019,9.602382459752207,174545.45454545456
Infinix S5 4GB/64GB,16300.0,3.4,61,60,6.6,32.0,64.0,4.0,4000.0, Li-Po,1600.0,720.0,Android,9,Infinix,2019,9.698920386794853,174545.45454545456
Infinix S5 6GB/128GB,19500.0,3.2,68,79,6.6,32.0,128.0,6.0,4000.0, Li-Po,1600.0,720.0,Android,9,Infinix,2019,9.878169744551839,174545.45454545456
Infinix Hot 8 Lite 2GB/32GB,11000.0,2.2,49,76,6.52,8.0,32.0,2.0,5000.0, Li-Po,1600.0,720.0,Android,8,Infinix,2019,9.305650551780507,176687.1165644172
Infinix Hot 8 2GB/32GB,12000.0,3.7,57,75,6.52,8.0,32.0,2.0,5000.0, Li-Po,1600.0,720.0,Android,9,Infinix,2019,9.392661928770137,176687.1165644172
Infinix Smart 3 1GB/16GB,8700.0,4.0,43,72,5.5,8.0,16.0,1.0,3050.0, Li-Po,1440.0,720.0,Android,9,Infinix,2019,9.071078304642676,188509.0909090909
Infinix Note 6,19000.0,4.8,65,33,6.01,16.0,64.0,4.0,4000.0, Li-Po,2160.0,1080.0,Android,9,Infinix,2019,9.852194258148577,388153.078202995
Hotwav Cosmos V23,8000.0,3.5,49,34,4.7,8.0,32.0,3.0,3000.0, Li-Ion,1280.0,720.0,Android,6,Hotwav,2017,8.987196820661973,196085.1063829787
LG Velvet 8GB/128GB,43300.0,3.4,100,11,6.8,16.0,128.0,8.0,4300.0, Li-Po,2460.0,1080.0,Android,10,LG,2020,10.675907913990581,390705.8823529412
LG Q61 4GB/64GB,17000.0,5.0,88,9,6.53,16.0,64.0,4.0,4000.0, Li-Po,2340.0,1080.0,Android,9,LG,2020,9.740968623038354,387013.78254211333
LG W30,16399.0,4.0,55,13,6.26,16.0,32.0,3.0,4000.0, Li-Po,1520.0,720.0,Android,9,LG,2019,9.704975636343447,174824.28115015975
LG G8 ThinQ,47999.0,3.8,74,16,6.1,8.0,128.0,6.0,3500.0, Li-Po,3120.0,1440.0,Android,9,LG,2019,10.778935456339678,736524.5901639345
LG Nexus 5X 16 GB,47999.0,3.0,47,4,5.2,5.0,16.0,2.0,2700.0, Li-Po,1920.0,1080.0,Android,6,LG,2015,10.778935456339678,398769.23076923075
LG G6 128 GB,13299.0,2.3,62,4,5.7,5.0,128.0,4.0,3300.0, Li-Po,2880.0,1440.0,Android,7,LG,2017,9.495444123413163,727578.947368421
LG G6 64 GB,33599.0,4.0,58,4,5.7,5.0,64.0,4.0,3300.0, Li-Po,2880.0,1440.0,Android,7,LG,2017,10.42225158360364,727578.947368421
LG G6 32 GB,33599.0,3.8,56,5,5.7,5.0,32.0,4.0,3300.0, Li-Po,2880.0,1440.0,Android,7,LG,2017,10.42225158360364,727578.947368421
LG G5 SE,33599.0,3.0,58,3,5.3,8.0,32.0,3.0,2800.0, Li-Ion,2560.0,1440.0,Android,6,LG,2016,10.42225158360364,695547.1698113207
LG G2 Mini,15000.0,3.7,32,7,4.7,13.0,8.0,1.0,2440.0, Li-Ion,960.0,540.0,Android,4,LG,2014,9.615805480084347,110297.87234042553
LG V30 Plus,89000.0,4.6,70,9,6.0,5.0,128.0,4.0,3300.0, Li-Po,2880.0,1440.0,Android,7,LG,2017,11.396391648714276,691200.0
LG V10 64 GB,34000.0,4.7,58,8,5.7,5.0,64.0,4.0,3000.0, Li-Ion,2560.0,1440.0,Android,5,LG,2015,10.4341158035983,646736.8421052631
LG V10 32 GB,32000.0,4.0,57,4,5.7,5.0,32.0,4.0,3000.0, Li-Ion,2560.0,1440.0,Android,5,LG,2015,10.373491181781864,646736.8421052631
Samsung Galaxy J7 Duo 2018,15959.0,3.6,56,13,5.5,8.0,32.0,4.0,3000.0, Li-Ion,1280.0,720.0,Android,8,Samsung,2018,9.677778212399186,167563.63636363635
Samsung Galaxy J5 Pro 2017,15959.0,4.3,51,28,5.2,13.0,32.0,3.0,3000.0, Li-Ion,1280.0,720.0,Android,7,Samsung,2017,9.677778212399186,177230.76923076922
Samsung Galaxy J4,22000.0,4.0,41,16,5.5,5.0,16.0,2.0,3000.0, Li-Ion,1280.0,720.0,Android,8,Samsung,2018,9.998797732340453,167563.63636363635
Samsung Galaxy J7 Prime 32GB,22000.0,3.8,53,20,5.5,8.0,32.0,3.0,3300.0, Li-Ion,1920.0,1080.0,Android,6,Samsung,2016,9.998797732340453,377018.1818181818
Samsung Galaxy J7 Pro 64GB,22000.0,3.4,56,32,5.5,13.0,64.0,3.0,3600.0, Li-Ion,1920.0,1080.0,Android,7,Samsung,2017,9.998797732340453,377018.1818181818
Samsung Galaxy S9 Plus,52999.0,3.7,70,73,6.2,8.0,64.0,6.0,3500.0, Li-Ion,2960.0,1440.0,Android,8,Samsung,2018,10.878028324431728,687483.8709677419
Samsung Galaxy S9,26999.0,3.6,66,67,5.8,8.0,64.0,4.0,3000.0, Li-Ion,2960.0,1440.0,Android,8,Samsung,2018,10.203555107263542,734896.551724138
Samsung Galaxy Grand Prime Pro,26890.0,2.2,34,25,5.0,5.0,16.0,15.0,2600.0, Li-Ion,960.0,540.0,Android,7,Samsung,2016,10.19950974926291,103680.0
Samsung Galaxy Grand Prime Plus,27999.0,3.5,34,13,5.0,5.0,8.0,15.0,2600.0, Li-Ion,960.0,540.0,Android,6,Samsung,2018,10.239924074233857,103680.0
Samsung Galaxy A7 2017,26999.0,3.7,58,19,5.7,16.0,32.0,3.0,3600.0, Li-Ion,1920.0,1080.0,Android,6,Samsung,2017,10.203555107263542,363789.4736842105
Samsung Galaxy A3 2017,45200.0,4.2,47,19,4.7,8.0,16.0,2.0,2350.0, Li-Ion,1280.0,720.0,Android,6,Samsung,2017,10.718852365820323,196085.1063829787
Samsung Galaxy A8 Plus 2018 32GB,45200.0,3.9,62,17,6.0,16.0,32.0,4.0,3500.0, Li-Ion,2220.0,1080.0,Android,7,Samsung,2018,10.718852365820323,399600.0
Samsung Galaxy A8 2018 32GB,11499.0,4.4,61,18,5.6,16.0,32.0,4.0,3000.0, Li-Ion,2220.0,1080.0,Android,7,Samsung,2018,9.350015354048665,428142.85714285716
Samsung Galaxy J3 Pro,27999.0,3.0,35,14,5.0,5.0,16.0,2.0,2600.0, Li-Ion,1280.0,720.0,Android,5,Samsung,2016,10.239924074233857,184320.0
Samsung Galaxy J7 2017,31999.0,3.0,53,20,5.5,13.0,16.0,3.0,3600.0, Li-Ion,1920.0,1080.0,Android,7,Samsung,2017,10.373459931293572,377018.1818181818
Samsung Galaxy J7 Pro,51999.0,4.4,54,41,5.5,13.0,32.0,3.0,3600.0, Li-Ion,1920.0,1080.0,Android,7,Samsung,2017,10.85897976660942,377018.1818181818
Samsung Galaxy S10e 256GB 8GB,60800.0,4.0,80,12,5.8,10.0,256.0,8.0,3100.0, Li-Ion,2280.0,1080.0,Android,9,Samsung,2019,11.015345067954259,424551.7241379311
Samsung Galaxy S10e 128GB 6GB,48499.0,3.5,70,30,5.8,10.0,128.0,6.0,3100.0, Li-Ion,2280.0,1080.0,Android,9,Samsung,2019,10.789298458156308,424551.7241379311
Samsung Galaxy S10 128GB 8GB,56499.0,3.8,76,70,6.1,10.0,128.0,8.0,3400.0, Li-Ion,3040.0,1440.0,Android,9,Samsung,2019,10.941978217862857,717639.3442622952
Samsung Galaxy M20 32GB,16999.0,4.1,60,92,6.3,8.0,32.0,3.0,5000.0, Li-Po,2340.0,1080.0,Android,8,Samsung,2019,9.74090979777877,401142.85714285716
Samsung Galaxy M10 16GB,15000.0,3.2,49,19,6.22,5.0,16.0,2.0,3400.0, Li-Ion,1520.0,720.0,Android,8,Samsung,2019,9.615805480084347,175948.5530546624
Samsung Galaxy A9 2018 128GB 6GB,29000.0,4.0,77,35,6.3,24.0,128.0,6.0,3800.0, Li-Ion,2220.0,1080.0,Android,8,Samsung,2018,10.275051108968611,380571.4285714286
Samsung Galaxy S9 128GB,13975.0,4.5,69,21,5.8,8.0,128.0,4.0,3000.0, Li-Ion,2960.0,1440.0,Android,8,Samsung,2018,9.5450252980233,734896.551724138
Samsung Galaxy J8 32GB,28999.0,4.0,55,20,6.0,16.0,32.0,3.0,3500.0, Li-Ion,1480.0,720.0,Android,8,Samsung,2018,10.275016625615446,177600.0
Samsung Galaxy J4 Plus 16GB,16999.0,4.7,42,8,6.0,5.0,16.0,2.0,3300.0, Li-Ion,1480.0,720.0,Android,8,Samsung,2018,9.74090979777877,177600.0
Samsung Galaxy A7 2018 64GB,16999.0,3.3,68,33,6.0,24.0,64.0,4.0,3300.0, Li-Ion,2220.0,1080.0,Android,8,Samsung,2018,9.74090979777877,399600.0
Huawei Y6s 3GB/32GB,13500.0,4.7,55,20,6.09,8.0,32.0,3.0,3020.0, Li-Po,1560.0,720.0,Android,9,Huawei,2019,9.51044496442652,184433.49753694583
Huawei Nova 5T 8GB/128GB,33500.0,3.4,100,52,6.26,32.0,128.0,8.0,3750.0, Li-Po,2340.0,1080.0,Android,9,Huawei,2019,10.419300717813158,403706.07028754
Huawei Y9s 6GB/128GB,25499.0,3.4,94,74,6.59,16.0,128.0,6.0,4000.0, Li-Po,2340.0,1080.0,Android,9,Huawei,2019,10.146394514691288,383490.13657056144
Huawei P30 Lite 6GB/128GB,24500.0,3.4,93,66,6.15,24.0,128.0,6.0,3340.0, Li-Po,2312.0,1080.0,Android,9,Huawei,2019,10.106428396532818,406009.7560975609
Huawei Mate 30 Pro 5G 8GB/128GB,16699.0,3.0,98,21,6.52,32.0,128.0,8.0,4500.0, Li-Po,2400.0,1176.0,Android,10,Huawei,2019,9.723104116372433,432883.43558282213
Huawei Mate 30 Pro 8GB/256GB,71000.0,5.0,100,8,6.52,32.0,256.0,8.0,4500.0, Li-Po,2400.0,1176.0,Android,10,Huawei,2019,11.170435156023453,432883.43558282213
Huawei Mate 30 5G 8GB/128GB,16999.0,3.8,97,10,6.62,24.0,128.0,8.0,4200.0, Li-Po,2340.0,1080.0,Android,10,Huawei,2019,9.74090979777877,381752.2658610272
Huawei Mate 30 5G 6GB/128GB,10999.0,4.0,93,7,6.62,24.0,128.0,6.0,4200.0, Li-Po,2340.0,1080.0,Android,10,Huawei,2019,9.305559638557117,381752.2658610272
Huawei 9X Pro 8GB/256GB,24030.0,2.5,100,16,6.59,16.0,256.0,8.0,4000.0, Li-Po,2340.0,1080.0,Android,9,Huawei,2019,10.087058328730514,383490.13657056144
Huawei 9X Pro 8GB/128GB,24499.0,4.5,98,9,6.59,16.0,128.0,8.0,4000.0, Li-Po,2340.0,1080.0,Android,9,Huawei,2019,10.106387579373278,383490.13657056144
Huawei 9X 6GB/128GB,15812.0,5.0,95,16,6.59,16.0,128.0,6.0,4000.0, Li-Po,2340.0,1080.0,Android,9,Huawei,2019,9.668524424416576,383490.13657056144
Huawei P Smart Z,34000.0,2.5,64,11,6.59,16.0,64.0,4.0,4000.0, Li-Po,2340.0,1080.0,Android,9,Huawei,2019,10.4341158035983,383490.13657056144
Huawei Nova 5i 8GB/128GB,15799.0,3.4,81,14,6.4,24.0,128.0,8.0,4000.0, Li-Po,2310.0,1080.0,Android,9,Huawei,2019,9.66770192587285,389812.5
Xiaomi Mi 8 Lite 4GB/64GB,21499.0,4.0,60,21,6.26,24.0,64.0,4.0,3350.0, Li-Po,2280.0,1080.0,Android,8,Xiaomi,2018,9.975761701406148,393354.63258785947
Xiaomi Mi 9T 6GB/128GB,40999.0,4.6,95,13,6.39,20.0,128.0,6.0,4000.0, Li-Po,2340.0,1080.0,Android,9,Xiaomi,2019,10.621302955145095,395492.9577464789
Xiaomi Redmi Note 5 4GB/64GB,24999.0,4.0,61,5,5.99,5.0,64.0,4.0,4000.0, Li-Po,2160.0,1080.0,Android,7,Xiaomi,2018,10.126591103050316,389449.081803005
Xiaomi Mi 9T 6GB/64GB,35000.0,4.0,91,4,6.39,20.0,64.0,6.0,4000.0, Li-Po,2340.0,1080.0,Android,9,Xiaomi,2019,10.46310334047155,395492.9577464789
Xiaomi Redmi Note 7 64GB,19499.0,3.0,62,29,6.3,13.0,64.0,4.0,4000.0, Li-Po,2340.0,1080.0,Android,9,Xiaomi,2019,9.878118461185586,401142.85714285716
Xiaomi Redmi Note 7 Pro 64GB,22085.0,4.2,86,23,6.3,13.0,64.0,4.0,4000.0, Li-Po,2340.0,1080.0,Android,9,Xiaomi,2019,10.002653924030627,401142.85714285716
Xiaomi Pocophone F1 128GB,35000.0,4.5,72,20,6.18,20.0,128.0,6.0,4000.0, Li-Po,2246.0,1080.0,Android,8,Xiaomi,2018,10.46310334047155,392504.8543689321
Xiaomi Redmi 6A 16GB,11000.0,3.0,45,11,5.45,5.0,16.0,2.0,3000.0, Li-Ion,1440.0,720.0,Android,8,Xiaomi,2018,9.305650551780507,190238.53211009174
Xiaomi Mi Max 2 64GB,32000.0,4.5,63,7,6.44,5.0,64.0,4.0,5300.0, Li-Ion,1920.0,1080.0,Android,7,Xiaomi,2017,10.373491181781864,321987.57763975154
Xiaomi Redmi Note 4 64GB,22000.0,2.8,62,8,5.5,5.0,64.0,4.0,4100.0, Li-Ion,1920.0,1080.0,Android,6,Xiaomi,2017,9.998797732340453,377018.1818181818
Xiaomi Redmi Note 4 32GB,20000.0,3.0,58,3,5.5,5.0,32.0,3.0,4100.0, Li-Ion,1920.0,1080.0,Android,6,Xiaomi,2017,9.903487552536127,377018.1818181818
Xiaomi Redmi Note 5A Prime 32GB,18000.0,4.4,49,12,5.5,16.0,32.0,3.0,3080.0, Li-Ion,1280.0,720.0,Android,7,Xiaomi,2017,9.798127036878302,167563.63636363635
Xiaomi Redmi 4X 32GB,17000.0,4.3,53,7,5.0,5.0,32.0,3.0,4100.0, Li-Ion,1280.0,720.0,Android,6,Xiaomi,2017,9.740968623038354,184320.0
Realme 6 8GB/128GB,28999.0,5.0,100,13,6.5,16.0,128.0,8.0,4300.0, Li-Po,2400.0,1080.0,Android,10,Realme,2020,10.275016625615446,398769.23076923075
Realme C3 3GB/64GB,14499.0,5.0,60,8,6.5,5.0,64.0,3.0,5000.0, Li-Po,1560.0,720.0,Android,10,Realme,2020,9.581834960513193,172800.0
Realme 7 Pro 6GB/128GB,22500.0,5.0,100,4,6.4,32.0,128.0,6.0,4500.0, Li-Po,2400.0,1080.0,Android,10,Realme,2020,10.021270588192511,405000.0
Realme 7 8GB/128GB,22500.0,5.0,100,3,6.5,16.0,128.0,8.0,5000.0, Li-Po,2400.0,1080.0,Android,10,Realme,2020,10.021270588192511,398769.23076923075
Realme 7 6GB/64GB,17500.0,5.0,100,6,6.5,16.0,64.0,6.0,5000.0, Li-Po,2400.0,1080.0,Android,10,Realme,2020,9.769956159911606,398769.23076923075
Realme X7 Pro 8GB/128GB,17500.0,5.0,100,6,6.55,32.0,128.0,8.0,4500.0, Li-Po,2400.0,1080.0,Android,10,Realme,2020,9.769956159911606,395725.19083969464
Realme V5 5G 8GB/128GB,22500.0,5.0,100,10,6.5,16.0,128.0,8.0,5000.0, Li-Po,2400.0,1080.0,Android,10,Realme,2020,10.021270588192511,398769.23076923075
Realme V5 5G 6GB/128GB,22500.0,5.0,96,10,6.5,16.0,128.0,6.0,5000.0, Li-Po,2400.0,1080.0,Android,10,Realme,2020,10.021270588192511,398769.23076923075
Realme C15 4GB/64GB,17500.0,4.0,67,8,6.5,8.0,64.0,4.0,6000.0, Li-Po,1560.0,720.0,Android,10,Realme,2020,9.769956159911606,172800.0
Realme C15 3GB/64GB,17500.0,5.0,63,5,6.5,8.0,32.0,3.0,6000.0, Li-Po,1560.0,720.0,Android,10,Realme,2020,9.769956159911606,172800.0
Realme C11 2GB/32GB,10499.0,3.3,58,21,6.5,5.0,32.0,2.0,5000.0, Li-Po,1560.0,720.0,Android,10,Realme,2020,9.259035293514941,172800.0
Realme C3i 2GB/32GB,12799.0,5.0,56,11,6.5,5.0,32.0,2.0,5000.0, Li-Po,1600.0,720.0,Android,10,Realme,2020,9.457122321855792,177230.76923076922
HTC Desire 10 Pro,18200.0,4.1,62,54,5.5,13.0,64.0,4.0,3000.0, Li-Ion,1920.0,1080.0,Android,6,HTC,2016,9.809176873064887,377018.1818181818
HTC U Ultra 128 GB,24000.0,4.5,58,9,5.7,16.0,128.0,4.0,3000.0, Li-Ion,2560.0,1440.0,Android,7,HTC,2017,10.085809109330082,646736.8421052631
HTC U Ultra 64 GB,22500.0,3.8,55,18,5.7,16.0,64.0,4.0,3000.0, Li-Ion,2560.0,1440.0,Android,7,HTC,2017,10.021270588192511,646736.8421052631
Huawei P9 64 GB,20499.0,2.5,61,3,5.2,8.0,64.0,4.0,3000.0, Li-Ion,1920.0,1080.0,Android,6,Huawei,2016,9.928131383448887,398769.23076923075
Huawei P9 32 GB,20499.0,3.1,57,8,5.2,8.0,32.0,3.0,3000.0, Li-Ion,1920.0,1080.0,Android,6,Huawei,2016,9.928131383448887,398769.23076923075
Huawei Y6 Pro,29500.0,3.7,44,7,5.0,5.0,16.0,2.0,4000.0, Li-Po,1280.0,720.0,Android,5,Huawei,2015,10.292145542327912,184320.0
Huawei Y6 II,11999.0,3.0,45,12,5.5,8.0,16.0,2.0,3000.0, Li-Ion,1280.0,720.0,Android,6,Huawei,2016,9.392578591964389,167563.63636363635
Huawei Y3 II 3G,7500.0,3.5,29,21,4.5,2.0,8.0,1.0,2100.0, Li-Po,854.0,480.0,Android,5,Huawei,2016,8.922658299524402,91093.33333333333
Huawei Mate 20X,17799.0,4.3,93,34,7.2,24.0,128.0,6.0,5000.0, Li-Po,2244.0,1080.0,Android,9,Huawei,2018,9.786897554926753,336600.0
Huawei Mate 20 Pro 128GB,11399.0,4.1,94,52,6.39,24.0,128.0,6.0,4200.0, Li-Po,3120.0,1440.0,Android,9,Huawei,2018,9.341280911236778,703098.5915492958
Huawei Mate 20 128GB 4GB,50000.0,4.5,67,9,6.53,24.0,128.0,4.0,4000.0, Li-Po,2244.0,1080.0,Android,9,Huawei,2018,10.819778284410283,371136.29402756505
Huawei Honor 7C,12500.0,3.2,52,10,5.99,8.0,32.0,3.0,3000.0, Li-Po,1440.0,720.0,Android,8,Huawei,2018,9.433483923290392,173088.48080133557
Huawei Y6 Prime 2018,12299.0,3.8,41,19,5.7,5.0,16.0,2.0,3000.0, Li-Ion,1440.0,720.0,Android,8,Huawei,2018,9.41727323724241,181894.73684210525
Huawei P smart 32GB,16500.0,3.4,57,26,5.65,8.0,32.0,3.0,3000.0, Li-Po,2160.0,1080.0,Android,8,Huawei,2017,9.711115659888671,412884.9557522124
Huawei Y3 2018,10000.0,4.0,30,10,5.0,2.0,8.0,1.0,2280.0, Li-Ion,854.0,480.0,Android,8,Huawei,2017,9.210340371976184,81984.0
Huawei Y5 Prime 2018,10000.0,2.8,42,53,5.45,5.0,16.0,2.0,3020.0, Li-Ion,1440.0,720.0,Android,8,Huawei,2018,9.210340371976184,190238.53211009174
Huawei Honor 7s,16399.0,4.1,42,11,5.45,5.0,16.0,2.0,3020.0, Li-Ion,1440.0,720.0,Android,8,Huawei,2018,9.704975636343447,190238.53211009174
Huawei Y7 Pro 2018,10530.0,4.8,49,23,5.99,8.0,32.0,3.0,3000.0, Li-Ion,1440.0,720.0,Android,8,Huawei,2018,9.261983605128021,173088.48080133557
Huawei Y7 Prime 2018,16000.0,3.5,49,36,5.99,8.0,32.0,3.0,3000.0, Li-Ion,1440.0,720.0,Android,8,Huawei,2018,9.680344001221918,173088.48080133557
Huawei Mate RS Porsche Design,23216.0,4.9,99,26,6.0,24.0,256.0,6.0,4000.0, Li-Po,2880.0,1440.0,Android,8,Huawei,2018,10.052596975123969,691200.0
Huawei P20 Pro,57000.0,4.2,90,54,6.1,24.0,128.0,6.0,4000.0, Li-Po,2244.0,1080.0,Android,8,Huawei,2018,10.950806546816688,397298.36065573775
Huawei P20,9999.0,4.2,65,38,5.8,24.0,128.0,4.0,3400.0, Li-Po,2244.0,1080.0,Android,8,Huawei,2018,9.21024036697585,417848.275862069
Huawei P20 Lite,16500.0,3.8,63,86,5.84,16.0,64.0,4.0,3000.0, Li-Po,2280.0,1080.0,Android,8,Huawei,2018,9.711115659888671,421643.83561643836
Huawei Honor 9 128GB,28000.0,3.0,74,9,5.15,8.0,128.0,6.0,3200.0, Li-Po,1920.0,1080.0,Android,7,Huawei,2017,10.239959789157341,402640.7766990291
Huawei Honor 9 Lite 32GB,8900.0,3.9,57,41,5.65,13.0,32.0,3.0,3000.0, Li-Po,2160.0,1080.0,Android,8,Huawei,2017,9.093806555720231,412884.9557522124
Huawei Mate 10 Pro 128GB,30500.0,4.2,76,33,6.0,8.0,128.0,6.0,4000.0, Li-Po,2160.0,1080.0,Android,8,Huawei,2017,10.325481962595504,388800.0
Huawei Honor 9 64GB,19500.0,4.3,67,13,5.15,8.0,64.0,4.0,3200.0, Li-Po,1920.0,1080.0,Android,7,Huawei,2017,9.878169744551839,402640.7766990291
Huawei Nova 2 Plus,14990.0,3.0,61,8,5.5,20.0,64.0,4.0,3340.0, Li-Po,1920.0,1080.0,Android,7,Huawei,2017,9.615138591096644,377018.1818181818
Motorola Moto Z,29490.0,3.0,53,7,5.5,5.0,64.0,4.0,2600.0, Li-Ion,2560.0,1440.0,Android,6,Motorola,2016,10.291806501809322,670254.5454545454
Motorola Moto E4 Plus,19800.0,4.0,49,12,5.5,5.0,32.0,3.0,5000.0, Li-Ion,1280.0,720.0,Android,7,Motorola,2017,9.893437216682626,167563.63636363635
Motorola Moto G4,21999.0,3.0,49,4,5.5,5.0,16.0,2.0,3000.0, Li-Ion,1920.0,1080.0,Android,6,Motorola,2016,9.998752276761909,377018.1818181818
Motorola Moto X4,16900.0,3.0,56,8,5.2,16.0,32.0,3.0,3000.0, Li-Ion,1920.0,1080.0,Android,7,Motorola,2017,9.735068900911164,398769.23076923075
Motorola Moto C Plus 2 GB RAM,72999.0,2.0,40,3,5.0,2.0,16.0,2.0,4000.0, Li-Po,1280.0,720.0,Android,7,Motorola,2017,11.198201021406565,184320.0
Motorola Moto C Plus 1 GB RAM,37999.0,3.0,38,1,5.0,2.0,16.0,1.0,4000.0, Li-Po,1280.0,720.0,Android,7,Motorola,2017,10.545315122572783,184320.0
Motorola Moto C 3G,36499.0,2.0,28,5,5.0,2.0,8.0,1.0,2350.0, Li-Po,854.0,480.0,Android,7,Motorola,2017,10.505040141934996,81984.0
Google Pixel 4 XL 6GB/128GB,107000.0,2.3,74,23,6.3,8.0,128.0,6.0,3700.0, Li-Po,3040.0,1440.0,Android,10,Google,2019,11.580584113444043,694857.1428571428
Google Pixel 4 XL 6GB/64GB,115999.0,5.0,70,11,6.3,8.0,64.0,6.0,3700.0, Li-Po,3040.0,1440.0,Android,10,Google,2019,11.661336849361689,694857.1428571428
Google Pixel 4 6GB/128GB,107999.0,3.7,70,7,5.7,8.0,128.0,6.0,2800.0, Li-Po,2280.0,1080.0,Android,10,Google,2019,11.58987724680423,432000.0
Google Pixel 4 6GB/64GB,104999.0,5.0,66,3,5.7,8.0,64.0,6.0,2800.0, Li-Po,2280.0,1080.0,Android,10,Google,2019,11.561706105284784,432000.0
Google Pixel 3a 4GB/64GB,14199.0,5.0,59,6,5.6,8.0,64.0,4.0,3000.0, Li-Po,2220.0,1080.0,Android,9,Google,2019,9.560926818574357,428142.85714285716
Google Pixel 2 XL 128GB,24495.0,4.8,67,12,6.0,8.0,128.0,4.0,3520.0, Li-Ion,2880.0,1440.0,Android,8,Google,2017,10.106224294072675,691200.0
Google Pixel 2 XL 64GB,14700.0,4.4,64,22,6.0,8.0,64.0,4.0,3520.0, Li-Ion,2880.0,1440.0,Android,8,Google,2017,9.595602772766828,691200.0
Google Pixel XL 128 GB,34000.0,4.0,60,7,5.5,8.0,128.0,4.0,3450.0, Li-Ion,2560.0,1440.0,Android,7,Google,2016,10.4341158035983,670254.5454545454
Google Pixel XL 32 GB,14199.0,4.7,55,3,5.5,8.0,32.0,4.0,3450.0, Li-Ion,2560.0,1440.0,Android,7,Google,2016,9.560926818574357,670254.5454545454
Google Pixel 128 GB,17999.0,4.0,57,3,5.0,8.0,128.0,4.0,2770.0, Li-Ion,1920.0,1080.0,Android,7,Google,2016,9.798071479779479,414720.0
Google Pixel 32 GB,65000.0,4.3,51,9,5.0,8.0,32.0,4.0,2770.0, Li-Ion,1920.0,1080.0,Android,7,Google,2016,11.082142548877775,414720.0
Xiaomi Poco X3 NFC 6GB/64GB,8500.0,4.0,100,4,6.67,20.0,64.0,6.0,5160.0, Li-Po,2400.0,1080.0,Android,10,Xiaomi,2020,9.047821442478408,388605.6971514243
Xiaomi Mi 10 Ultra 8GB/256GB,45000.0,4.4,100,6,6.67,20.0,256.0,8.0,4500.0, Li-Ion,2340.0,1080.0,Android,10,Xiaomi,2020,10.714417768752456,378890.5547226387
Xiaomi Mi 10 Ultra 8GB/128GB,38000.0,5.0,100,3,6.67,20.0,128.0,8.0,4500.0, Li-Ion,2340.0,1080.0,Android,10,Xiaomi,2020,10.545341438708522,378890.5547226387
Xiaomi Redmi 9 Prime 4GB/128GB,11500.0,5.0,68,6,6.53,8.0,128.0,4.0,5020.0, Li-Po,2340.0,1080.0,Android,10,Xiaomi,2020,9.350102314351341,387013.78254211333
Xiaomi Redmi 9 Prime 4GB/64GB,11500.0,4.0,64,4,6.53,8.0,64.0,4.0,5020.0, Li-Po,2340.0,1080.0,Android,10,Xiaomi,2020,9.350102314351341,387013.78254211333
Xiaomi Redmi 9C 3GB/64GB,28400.0,5.0,62,4,6.53,5.0,64.0,3.0,5000.0, Li-Po,1600.0,720.0,Android,10,Xiaomi,2020,10.254144424149297,176416.53905053597
Xiaomi Redmi 9C 2GB/32GB,9199.0,5.0,58,2,6.53,5.0,32.0,2.0,5000.0, Li-Po,1600.0,720.0,Android,10,Xiaomi,2020,9.126850061477157,176416.53905053597
Xiaomi Redmi 9A 2GB/32GB,10999.0,2.5,57,6,6.53,5.0,32.0,2.0,5000.0, Li-Po,1600.0,720.0,Android,10,Xiaomi,2020,9.305559638557117,176416.53905053597
Xiaomi Poco M2 Pro 6GB/64GB,20199.0,5.0,94,7,6.67,16.0,64.0,6.0,5000.0, Li-Po,2400.0,1080.0,Android,10,Xiaomi,2020,9.91338837721339,388605.6971514243
Xiaomi Poco M2 Pro 4GB/64GB,11999.0,4.0,91,6,6.67,16.0,64.0,4.0,5000.0, Li-Po,2400.0,1080.0,Android,10,Xiaomi,2020,9.392578591964389,388605.6971514243
Xiaomi Redmi Note 9 Pro Max 6GB/128GB,14499.0,3.7,100,12,6.67,32.0,128.0,6.0,5020.0, Li-Po,2400.0,1080.0,Android,10,Xiaomi,2020,9.581834960513193,388605.6971514243
Xiaomi Redmi Note 9 Pro Max 6GB/64GB,14499.0,5.0,100,10,6.67,32.0,64.0,6.0,5020.0, Li-Po,2400.0,1080.0,Android,10,Xiaomi,2020,9.581834960513193,388605.6971514243
Xiaomi Redmi 10X 5G 6GB/128GB,14599.0,5.0,98,8,6.57,16.0,128.0,6.0,4520.0, Li-Po,2400.0,1080.0,Android,10,Xiaomi,2020,9.58870831219998,394520.5479452055
Xiaomi Redmi 10X 5G 6GB/64GB,12149.0,5.0,95,3,6.57,16.0,64.0,6.0,4520.0, Li-Po,2400.0,1080.0,Android,10,Xiaomi,2020,9.405002140854743,394520.5479452055
Xiaomi Redmi 10X 4G 6GB/128GB,11999.0,5.0,96,4,6.53,13.0,128.0,6.0,5020.0, Li-Po,2340.0,1080.0,Android,10,Xiaomi,2020,9.392578591964389,387013.78254211333
Xiaomi Redmi 10X 4G 4GB/128GB,25099.0,5.0,93,5,6.53,13.0,128.0,4.0,5020.0, Li-Po,2340.0,1080.0,Android,10,Xiaomi,2020,10.130583283688766,387013.78254211333
Xiaomi Redmi Note 9 Pro 6GB/128GB,28000.0,3.9,100,12,6.67,16.0,128.0,6.0,5020.0, Li-Po,2400.0,1080.0,Android,10,Xiaomi,2020,10.239959789157341,388605.6971514243
Xiaomi Redmi Note 9 Pro 6GB/64GB,28000.0,3.3,100,1,6.67,16.0,64.0,6.0,5020.0, Li-Po,2400.0,1080.0,Android,10,Xiaomi,2020,10.239959789157341,388605.6971514243
Xiaomi Redmi 9 4GB/64GB,7649.0,5.0,64,6,6.53,8.0,64.0,4.0,5020.0, Li-Po,2340.0,1080.0,Android,10,Xiaomi,2020,8.942330199321866,387013.78254211333
Xiaomi Redmi 9 3GB/32GB,11500.0,3.3,61,2,6.53,8.0,32.0,3.0,5020.0, Li-Po,2340.0,1080.0,Android,10,Xiaomi,2020,9.350102314351341,387013.78254211333
Xiaomi Poco F2 Pro 8GB/256GB,10897.0,5.0,100,5,6.67,20.0,256.0,8.0,4700.0, Li-Po,2400.0,1080.0,Android,10,Xiaomi,2020,9.296242800976886,388605.6971514243
Xiaomi Poco F2 Pro 6GB/128GB,13999.0,5.0,100,4,6.67,20.0,128.0,6.0,4700.0, Li-Po,2400.0,1080.0,Android,10,Xiaomi,2020,9.546741177474825,388605.6971514243
Xiaomi Redmi Note 9 4GB/128GB,20299.0,3.8,93,9,6.53,13.0,128.0,4.0,5020.0, Li-Po,2340.0,1080.0,Android,10,Xiaomi,2020,9.918326902732767,387013.78254211333
Xiaomi Redmi Note 9 3GB/64GB,16989.0,4.5,87,7,6.53,13.0,64.0,3.0,5020.0, Li-Po,2340.0,1080.0,Android,10,Xiaomi,2020,9.740321354781914,387013.78254211333
Xiaomi Redmi Note 9S 6GB/128GB,24500.0,4.3,98,24,6.67,16.0,128.0,6.0,5020.0, Li-Po,2400.0,1080.0,Android,10,Xiaomi,2020,10.106428396532818,388605.6971514243
Xiaomi Redmi Note 9S 4GB/64GB,22200.0,4.5,91,13,6.67,16.0,64.0,4.0,5020.0, Li-Po,2400.0,1080.0,Android,10,Xiaomi,2020,10.00784756786037,388605.6971514243
Xiaomi Mi 10 Youth 5G 8GB/256GB,8795.0,5.0,100,15,6.57,16.0,256.0,8.0,4160.0, Li-Po,2400.0,1080.0,Android,10,Xiaomi,2020,9.081938657171658,394520.5479452055
Xiaomi Mi 10 Youth 5G 8GB/128GB,15231.0,3.0,100,4,6.57,16.0,128.0,8.0,4160.0, Li-Po,2400.0,1080.0,Android,10,Xiaomi,2020,9.631088103615504,394520.5479452055
Infinix Smart 3 Plus 32GB 2GB,11999.0,3.2,47,54,6.2,8.0,32.0,2.0,3500.0, Li-Po,1520.0,720.0,Android,9,Infinix,2019,9.392578591964389,176516.12903225806
Infinix S4 64GB,19000.0,3.2,63,95,6.2,32.0,64.0,6.0,4000.0, Li-Ion,1520.0,720.0,Android,9,Infinix,2019,9.852194258148577,176516.12903225806
Infinix S4 32GB,13500.0,4.3,56,57,6.2,32.0,32.0,3.0,4000.0, Li-Ion,1520.0,720.0,Android,9,Infinix,2019,9.51044496442652,176516.12903225806
Infinix Hot 7 32GB,11500.0,3.9,44,107,6.2,8.0,32.0,2.0,4000.0, Li-Po,1500.0,720.0,Android,8,Infinix,2019,9.350102314351341,174193.54838709676
Infinix Zero 6 Pro,30999.0,3.9,67,33,6.18,20.0,128.0,6.0,3570.0, Li-Ion,2160.0,1080.0,Android,8,Infinix,2019,10.341710224882465,377475.72815533984
Infinix Zero 6,5699.0,4.7,64,21,6.18,20.0,64.0,6.0,3570.0, Li-Ion,2160.0,1080.0,Android,8,Infinix,2019,8.648045999835,377475.72815533984
Infinix Hot 6,25341.0,3.3,43,19,6.0,8.0,16.0,2.0,4000.0, Li-Po,1440.0,720.0,Android,8,Infinix,2018,10.140178916395607,172800.0
Infinix Smart 2 Pro 16GB,10200.0,3.5,42,20,5.5,8.0,16.0,2.0,3050.0, Li-Ion,1440.0,720.0,Android,8,Infinix,2018,9.230142999272362,188509.0909090909
Infinix Note 5 Stylus 32GB,15000.0,4.7,62,12,6.0,16.0,32.0,4.0,4000.0, Li-Po,2160.0,1080.0,Android,8,Infinix,2018,9.615805480084347,388800.0
Infinix Hot 6X 32GB,15000.0,3.0,46,27,6.2,8.0,32.0,3.0,4000.0, Li-Ion,1500.0,720.0,Android,8,Infinix,2018,9.615805480084347,174193.54838709676
Infinix Hot 6X,13500.0,3.3,43,25,6.2,8.0,16.0,2.0,4000.0, Li-Ion,1500.0,720.0,Android,8,Infinix,2018,9.51044496442652,174193.54838709676
Infinix Hot S3X,17800.0,3.3,52,38,6.2,16.0,32.0,3.0,4000.0, Li-Ion,1500.0,720.0,Android,8,Infinix,2018,9.786953736280177,174193.54838709676
Infinix Smart 2 16GB,9600.0,3.2,42,37,5.5,8.0,16.0,2.0,3050.0, Li-Ion,1440.0,720.0,Android,8,Infinix,2019,9.169518377455928,188509.0909090909
Infinix Hot 6 Pro 16GB,13800.0,4.6,44,17,6.0,5.0,16.0,2.0,4000.0, Li-Ion,1440.0,720.0,Android,8,Infinix,2018,9.532423871145296,172800.0
Infinix Hot 6 Pro,10048.0,3.9,46,61,6.0,5.0,32.0,3.0,4000.0, Li-Ion,1440.0,720.0,Android,8,Infinix,2018,9.21512888870798,172800.0
Infinix Hot S3,15000.0,4.5,53,80,5.65,20.0,32.0,3.0,4000.0, Li-Ion,1440.0,720.0,Android,8,Infinix,2018,9.615805480084347,183504.42477876105
Infinix Zero 5,7100.0,4.3,68,45,5.98,16.0,64.0,6.0,4350.0, Li-Ion,1920.0,1080.0,Android,7,Infinix,2018,8.867850063029406,346755.85284280934
Infinix Zero 3,19990.0,3.7,60,21,5.5,5.0,16.0,3.0,3030.0, Li-Ion,1920.0,1080.0,Android,5,Infinix,2016,9.902987427494446,377018.1818181818
Infinix Smart,8900.0,4.3,36,16,5.0,2.0,16.0,1.0,3060.0, Li-Ion,1280.0,720.0,Android,7,Infinix,2017,9.093806555720231,184320.0
Infinix Zero 4 Plus,15600.0,3.5,69,40,6.0,13.0,64.0,4.0,4000.0, Li-Po,1920.0,1080.0,Android,6,Infinix,2017,9.655026193237628,345600.0
Infinix Zero 4,9999.0,3.1,54,20,5.5,8.0,32.0,3.0,3200.0, Li-Ion,1920.0,1080.0,Android,6,Infinix,2017,9.21024036697585,377018.1818181818
Samsung Galaxy J5 2016,13500.0,3.8,40,8,5.2,5.0,16.0,2.0,3100.0, Li-Ion,1280.0,720.0,Android,6,Samsung,2016,9.51044496442652,177230.76923076922
Samsung Galaxy J5 Prime 16GB,15600.0,3.4,40,21,5.0,5.0,16.0,2.0,2400.0, Li-Ion,1280.0,720.0,Android,6,Samsung,2016,9.655026193237628,184320.0
Samsung Galaxy S7 32GB,9990.0,3.6,61,18,5.1,5.0,32.0,4.0,3000.0, Li-Ion,2560.0,1440.0,Android,6,Samsung,2016,9.2093398716426,722823.5294117647
Samsung Galaxy J3 2016,10599.0,2.8,36,9,5.0,5.0,8.0,15.0,2600.0, Li-Ion,1280.0,720.0,Android,5,Samsung,2016,9.268514936027255,184320.0
Samsung Galaxy Grand Prime,10599.0,2.6,32,19,5.0,5.0,8.0,1.0,2600.0, Li-Ion,960.0,540.0,Android,4,Samsung,2014,9.268514936027255,103680.0
Samsung Galaxy S7 Edge 32 GB,12499.0,3.7,62,73,5.5,5.0,32.0,4.0,3600.0, Li-Ion,2560.0,1440.0,Android,6,Samsung,2016,9.433403920090221,670254.5454545454
Samsung Galaxy S6 Edge Plus 64 GB,16799.0,2.6,63,20,5.7,5.0,64.0,4.0,3000.0, Li-Ion,2560.0,1440.0,Android,5,Samsung,2015,9.729074639810214,646736.8421052631
Samsung Galaxy S6 Edge Plus 32 GB,12499.0,3.7,61,45,5.7,5.0,32.0,4.0,3000.0, Li-Ion,2560.0,1440.0,Android,5,Samsung,2015,9.433403920090221,646736.8421052631
Samsung Galaxy Note 5 128 GB,12499.0,3.3,67,4,5.7,5.0,128.0,4.0,3000.0, Li-Po,2560.0,1440.0,Android,5,Samsung,2015,9.433403920090221,646736.8421052631
Samsung Galaxy Note 5 64 GB,40999.0,3.8,63,12,5.7,5.0,64.0,4.0,3000.0, Li-Po,2560.0,1440.0,Android,5,Samsung,2015,10.621302955145095,646736.8421052631
Samsung Galaxy Note 5 32 GB,40999.0,3.5,61,24,5.7,5.0,32.0,4.0,3000.0, Li-Po,2560.0,1440.0,Android,5,Samsung,2015,10.621302955145095,646736.8421052631
Samsung Galaxy Note 8 256 GB,26350.0,4.3,77,19,6.3,8.0,256.0,6.0,3300.0, Li-Ion,2960.0,1440.0,Android,7,Samsung,2017,10.179223553969509,676571.4285714286
Samsung Galaxy S8 Plus 128 GB,29301.0,3.8,70,39,6.2,8.0,128.0,6.0,3500.0, Li-Ion,2960.0,1440.0,Android,7,Samsung,2017,10.285376924115587,687483.8709677419
Huawei Nova 5 Pro 8GB/128GB,41690.0,3.0,99,15,6.39,32.0,128.0,8.0,3500.0, Li-Po,2340.0,1080.0,Android,9,Huawei,2019,10.638016570874843,395492.9577464789
Huawei Nova 5 8GB/128GB,36990.0,5.0,100,8,6.39,32.0,128.0,8.0,3500.0, Li-Po,2340.0,1080.0,Android,9,Huawei,2019,10.5184028848265,395492.9577464789
Huawei Y9 Prime (2019) 4GB/128GB,20999.0,4.0,68,145,6.59,16.0,128.0,4.0,4000.0, Li-Po,2340.0,1080.0,Android,9,Huawei,2019,9.952230096524119,383490.13657056144
Huawei Y9 Prime (2019) 4GB/64GB,18999.0,4.0,64,25,6.59,16.0,64.0,4.0,4000.0, Li-Po,2340.0,1080.0,Android,9,Huawei,2019,9.85214162518454,383490.13657056144
Huawei P20 Lite (2019) 4GB/128GB,20849.0,5.0,68,7,6.4,16.0,128.0,4.0,4000.0, Li-Po,2310.0,1080.0,Android,9,Huawei,2019,9.945061264446057,389812.5
Huawei P20 Lite (2019) 4GB/64GB,14030.0,4.2,65,9,6.4,16.0,64.0,4.0,4000.0, Li-Po,2310.0,1080.0,Android,9,Huawei,2019,9.548953173096507,389812.5
Huawei Honor 20 Pro,49950.0,4.2,100,7,6.26,32.0,256.0,8.0,4000.0, Li-Po,2340.0,1080.0,Android,9,Huawei,2019,10.8187777840767,403706.07028754
Huawei Y5 (2019) 16GB,10999.0,2.9,45,45,5.71,5.0,16.0,2.0,3020.0, Li-Ion,1520.0,720.0,Android,9,Huawei,2019,9.305559638557117,191663.74781085816
Huawei Honor 20i 128GB 4GB,30899.0,5.0,72,11,6.21,32.0,128.0,4.0,3400.0, Li-Po,2340.0,1080.0,Android,9,Huawei,2019,10.338479099902614,406956.52173913043
Huawei Y7 Prime (2019) 64GB,15000.0,3.8,58,77,6.26,16.0,64.0,4.0,4000.0, Li-Ion,1520.0,720.0,Android,8,Huawei,2019,9.615805480084347,174824.28115015975
Huawei P30 Lite,24500.0,3.8,72,146,6.15,32.0,128.0,4.0,3340.0, Li-Po,2312.0,1080.0,Android,9,Huawei,2019,10.106428396532818,406009.7560975609
Huawei P30 128GB 6GB,57500.0,3.2,90,41,6.1,32.0,128.0,6.0,3650.0, Li-Po,2340.0,1080.0,Android,9,Huawei,2019,10.959540226785442,414295.08196721313
Huawei Y6 Prime (2019),12499.0,3.7,45,112,6.09,8.0,32.0,2.0,3020.0, Li-Ion,1560.0,720.0,Android,9,Huawei,2019,9.433403920090221,184433.49753694583
Huawei Honor View 20 256GB 8GB,31999.0,5.0,100,13,6.4,25.0,256.0,8.0,4000.0, Li-Po,2310.0,1080.0,Android,9,Huawei,2018,10.373459931293572,389812.5
Huawei Y6 Pro (2019),30999.0,4.1,47,46,6.09,8.0,32.0,3.0,3020.0, Li-Ion,1560.0,720.0,Android,9,Huawei,2019,10.341710224882465,184433.49753694583
Huawei Y7 Prime 2019,15700.0,3.4,54,73,6.26,16.0,32.0,3.0,4000.0, Li-Ion,1520.0,720.0,Android,8,Huawei,2019,9.6614159913364,174824.28115015975
Huawei Y5 Lite,8700.0,2.0,37,38,5.45,5.0,16.0,1.0,3020.0, Li-Ion,1440.0,720.0,Android,8,Huawei,2018,9.071078304642676,190238.53211009174
Huawei P smart 2019,22999.0,4.7,59,16,6.21,8.0,64.0,3.0,3400.0, Li-Ion,2340.0,1080.0,Android,9,Huawei,2019,10.043206015705211,406956.52173913043
Tecno Spark 6 Air 3GB/32GB,14999.0,4.0,54,13,7.0,8.0,32.0,3.0,6000.0, Li-Po,1640.0,720.0,Android,10,Tecno,2020,9.61573881119536,168685.7142857143
Tecno Spark 6 Air 2GB/32GB,9699.0,4.5,52,4,7.0,8.0,32.0,2.0,6000.0, Li-Po,1640.0,720.0,Android,10,Tecno,2020,9.179778066393542,168685.7142857143
Tecno Pop 4 2GB/32GB,9499.0,3.2,40,29,6.0,8.0,32.0,2.0,5000.0, Li-Po,960.0,480.0,Android,10,Tecno,2020,9.158941808890182,76800.0
Tecno Pouvoir 4 Pro 6GB/128GB,19500.0,5.0,74,36,7.0,16.0,128.0,6.0,6000.0, Li-Po,1640.0,720.0,Android,10,Tecno,2020,9.878169744551839,168685.7142857143
Tecno Pouvoir 4 3GB/32GB,14699.0,4.0,63,23,7.0,16.0,32.0,3.0,6000.0, Li-Po,1640.0,720.0,Android,10,Tecno,2020,9.595534743241988,168685.7142857143
Tecno Camon 15 Air 3GB/64GB,14799.0,2.7,85,23,6.6,8.0,64.0,3.0,5000.0, Li-Po,1600.0,720.0,Android,10,Tecno,2020,9.602314889901848,174545.45454545456
Tecno Spark 5 Air 2GB/32GB,12499.0,2.3,51,27,7.0,8.0,32.0,2.0,5000.0, Li-Po,1640.0,720.0,Android,10,Tecno,2020,9.433403920090221,168685.7142857143
Tecno Spark 5 2GB/32GB,12999.0,4.4,57,17,6.6,8.0,32.0,2.0,5000.0, Li-Po,1600.0,720.0,Android,10,Tecno,2020,9.47262771040802,174545.45454545456
Tecno Camon 15 Premier 6GB/128GB,25499.0,3.4,100,49,6.6,32.0,128.0,6.0,4000.0, Li-Po,2340.0,1080.0,Android,10,Tecno,2020,10.146394514691288,382909.09090909094
Tecno Camon 15,15999.0,3.8,84,60,6.55,16.0,64.0,4.0,5000.0, Li-Ion,1548.0,720.0,Android,10,Tecno,2020,9.680281499268713,170161.8320610687
Tecno Pop 2 Plus,8000.0,2.8,37,85,6.0,8.0,16.0,1.0,5000.0, Li-Po,960.0,480.0,Android,8,Tecno,2019,8.987196820661973,76800.0
Tecno Spark 4 Air 2GB/32GB,29999.0,3.5,45,78,6.1,5.0,32.0,2.0,3000.0, Li-Ion,1560.0,720.0,Android,9,Tecno,2019,10.308919326755392,184131.14754098363
Tecno Spark 4 2GB/32GB,11499.0,3.1,48,127,6.52,8.0,32.0,2.0,4000.0, Li-Ion,1600.0,720.0,Android,9,Tecno,2019,9.350015354048665,176687.1165644172
Tecno Camon 12 Air 3GB/32GB,13500.0,2.3,52,78,6.55,8.0,32.0,3.0,4000.0, Li-Ion,1600.0,720.0,Android,9,Tecno,2019,9.51044496442652,175877.86259541987
Tecno Camon 12 Pro 6GB/64GB,16999.0,3.3,61,138,6.4,32.0,64.0,6.0,3500.0, Li-Ion,1548.0,720.0,Android,9,Tecno,2019,9.74090979777877,174150.0
Tecno Camon 12 4GB/64GB,15500.0,2.9,58,296,6.52,16.0,64.0,4.0,4000.0, Li-Ion,1600.0,720.0,Android,9,Tecno,2019,9.648595302907339,176687.1165644172
Tecno Phantom 9,23499.0,3.6,71,242,6.4,32.0,128.0,6.0,3500.0, Li-Ion,2340.0,1080.0,Android,9,Tecno,2019,10.064713146035349,394875.0
Tecno Pouvoir 3 Air,8800.0,3.6,43,100,6.0,8.0,16.0,1.0,5000.0, Li-Po,480.0,960.0,Android,9,Tecno,2019,9.082507000466299,76800.0
Tecno Pouvoir 3,13000.0,3.2,47,69,6.2,13.0,32.0,2.0,5000.0, Li-Po,720.0,1500.0,Android,8,Tecno,2019,9.472704636443673,174193.54838709676
Tecno Spark 3 Pro,12500.0,3.3,47,175,6.2,8.0,32.0,2.0,3500.0, Li-Ion,1500.0,720.0,Android,9,Tecno,2019,9.433483923290392,174193.54838709676
Tecno Pouvoir 2 Air,9000.0,3.8,44,58,6.0,8.0,16.0,1.0,5000.0, Li-Po,720.0,1440.0,Android,8,Tecno,2018,9.104979856318357,172800.0
Tecno Pop 2,6500.0,3.9,29,58,5.5,8.0,8.0,1.0,2400.0, Li-Ion,480.0,960.0,Android,8,Tecno,2019,8.779557455883728,83781.81818181818
Tecno Camon 11 32GB,15000.0,3.2,46,136,6.2,16.0,32.0,3.0,3750.0, Li-Ion,1500.0,720.0,Android,8,Tecno,2018,9.615805480084347,174193.54838709676
BlackBerry Keyone Dual SIM 64GB,6399.0,3.5,60,15,4.5,8.0,64.0,4.0,3500.0, Li-Ion,1620.0,1080.0,Android,7,BlackBerry,2017,8.76389700713946,388800.0
BlackBerry Key2 LE 32GB,46500.0,4.5,56,4,4.5,8.0,32.0,4.0,3000.0, Li-Ion,1620.0,1080.0,Android,8,BlackBerry,2018,10.747207591575448,388800.0
BlackBerry Key2 128GB,68500.0,4.5,68,8,4.5,8.0,128.0,6.0,3500.0, Li-Ion,1620.0,1080.0,Android,8,BlackBerry,2018,11.134589024250317,388800.0
BlackBerry Evolve X,11999.0,5.0,65,15,5.99,16.0,64.0,6.0,4000.0, Li-Ion,2160.0,1080.0,Android,8,BlackBerry,2018,9.392578591964389,389449.081803005
BlackBerry Key2 64GB,58500.0,3.1,64,15,4.5,8.0,64.0,6.0,3500.0, Li-Ion,1620.0,1080.0,Android,8,BlackBerry,2018,10.976782033219948,388800.0
BlackBerry Z10,31999.0,4.0,33,6,4.2,2.0,16.0,2.0,1800.0, Li-Ion,1280.0,768.0,Other,10,BlackBerry,2013,10.373459931293572,234057.14285714284
BlackBerry Keyone Black Edition,31999.0,3.7,60,6,4.5,8.0,64.0,4.0,3505.0, Li-Ion,1620.0,1080.0,Android,7,BlackBerry,2017,10.373459931293572,388800.0
BlackBerry Motion,10999.0,4.5,59,23,5.5,8.0,32.0,4.0,4000.0, Li-Ion,1920.0,1080.0,Android,7,BlackBerry,2017,9.305559638557117,377018.1818181818
BlackBerry Passport,10999.0,2.0,53,31,4.5,2.0,32.0,3.0,3450.0, Li-Ion,1440.0,1440.0,Other,10,BlackBerry,2014,9.305559638557117,460800.0
BlackBerry Priv,10999.0,4.1,58,14,5.4,2.0,32.0,3.0,3410.0, Li-Ion,2560.0,1440.0,Android,5,BlackBerry,2015,9.305559638557117,682666.6666666666
BlackBerry Keyone 32 GB,9780.0,2.6,56,5,4.5,8.0,32.0,3.0,3505.0, Li-Ion,1620.0,1080.0,Android,7,BlackBerry,2017,9.188094763028863,388800.0
BlackBerry DTEK60,20000.0,4.7,60,18,5.5,8.0,32.0,4.0,3000.0, Li-Ion,2560.0,1440.0,Android,6,BlackBerry,2016,9.903487552536127,670254.5454545454
BlackBerry DTEK50,16500.0,3.8,50,14,5.2,8.0,16.0,3.0,2610.0, Li-Ion,1920.0,1080.0,Android,6,BlackBerry,2016,9.711115659888671,398769.23076923075
Sony Xperia XZ 64GB,26500.0,4.0,59,9,5.2,13.0,64.0,3.0,2900.0, Li-Ion,1920.0,1080.0,Android,6,Sony,2016,10.184900011974314,398769.23076923075
Sony Xperia XZ2,53500.0,3.8,68,7,5.7,5.0,64.0,4.0,3180.0, Li-Ion,2160.0,1080.0,Android,8,Sony,2018,10.887436932884098,409263.15789473685
Sony Xperia L2,19500.0,3.5,45,14,5.5,8.0,32.0,3.0,3300.0, Li-Ion,1280.0,720.0,Android,7,Sony,2018,9.878169744551839,167563.63636363635
Sony Xperia XZ Premium,43500.0,3.7,73,12,5.46,13.0,64.0,4.0,3230.0, Li-Ion,2160.0,3840.0,Android,7,Sony,2017,10.680516217076775,1519120.879120879
Sony Xperia XZs 64GB,51500.0,4.0,58,3,5.2,13.0,64.0,4.0,2900.0, Li-Ion,1920.0,1080.0,Android,7,Sony,2017,10.849337086651827,398769.23076923075
Sony Xperia XZs 32GB,46000.0,4.0,56,3,5.2,13.0,32.0,4.0,2900.0, Li-Ion,1920.0,1080.0,Android,7,Sony,2017,10.736396675471232,398769.23076923075
Sony Xperia XA Ultra,25500.0,3.3,59,7,6.0,16.0,16.0,3.0,2700.0, Li-Ion,1920.0,1080.0,Android,6,Sony,2016,10.146433731146518,345600.0
Sony Xperia XA,12500.0,2.6,48,20,5.0,8.0,16.0,2.0,2300.0, Li-Ion,1280.0,720.0,Android,6,Sony,2016,9.433483923290392,184320.0
Vivo Y11 (2019) 3GB/32GB,15999.0,4.0,58,4,6.35,8.0,32.0,3.0,5000.0, Li-Po,1544.0,720.0,Android,9,Vivo,2019,9.680281499268713,175067.71653543308
Vivo Y19 8GB/128GB,28500.0,2.7,77,31,6.53,16.0,128.0,8.0,5000.0, Li-Po,2340.0,1080.0,Android,9,Vivo,2019,10.257659366256743,387013.78254211333
Apple iPhone 6s Plus 64 GB,30500.0,4.0,44,20,5.5,5.0,64.0,2.0,2750.0, Li-Ion,1920.0,1080.0,IOS,9,Apple,2015,10.325481962595504,377018.1818181818
Apple iPhone 6s Plus 32 GB,32000.0,4.5,42,16,5.5,5.0,32.0,2.0,2750.0, Li-Ion,1920.0,1080.0,IOS,9,Apple,2015,10.373491181781864,377018.1818181818
Apple iPhone 6s Plus 16 GB,33000.0,3.3,41,13,5.5,5.0,16.0,2.0,2750.0, Li-Ion,1920.0,1080.0,IOS,9,Apple,2015,10.404262840448617,377018.1818181818
Apple iPhone 6s 128 GB,23999.0,3.5,43,20,4.7,5.0,128.0,2.0,1715.0, Li-Ion,1334.0,750.0,IOS,9,Apple,2015,10.085767441795337,212872.3404255319
Apple iPhone 6s 64 GB,23500.0,2.9,40,31,4.7,5.0,64.0,2.0,1715.0, Li-Ion,1334.0,750.0,IOS,9,Apple,2015,10.06475570013225,212872.3404255319
Apple iPhone 6s 32 GB,25000.0,3.5,38,23,4.7,5.0,32.0,2.0,1715.0, Li-Ion,1334.0,750.0,IOS,9,Apple,2015,10.126631103850338,212872.3404255319
Apple iPhone 6s 16 GB,23000.0,2.6,37,13,4.7,5.0,16.0,2.0,1715.0, Li-Ion,1334.0,750.0,IOS,9,Apple,2015,10.043249494911286,212872.3404255319
Apple iPhone 7 Plus 256 GB,43000.0,3.6,63,14,5.5,7.0,256.0,3.0,2900.0, Li-Ion,1920.0,1080.0,IOS,10,Apple,2016,10.668955394675699,377018.1818181818
Apple iPhone 7 Plus 128 GB,40000.0,3.9,55,43,5.5,7.0,128.0,3.0,2900.0, Li-Ion,1920.0,1080.0,IOS,10,Apple,2016,10.596634733096073,377018.1818181818
Apple iPhone 7 Plus 32 GB,38000.0,3.5,50,30,5.5,7.0,32.0,3.0,2900.0, Li-Ion,1920.0,1080.0,IOS,10,Apple,2016,10.545341438708522,377018.1818181818
Apple iPhone 7 256 GB,40000.0,3.0,57,6,4.7,7.0,256.0,2.0,1960.0, Li-Ion,1334.0,750.0,IOS,10,Apple,2016,10.596634733096073,212872.3404255319
Apple iPhone 7 128 GB,32000.0,3.5,50,28,4.7,7.0,128.0,2.0,1960.0, Li-Ion,1334.0,750.0,IOS,10,Apple,2016,10.373491181781864,212872.3404255319
Apple iPhone 7 32 GB,29500.0,3.4,44,66,4.7,7.0,32.0,2.0,1960.0, Li-Ion,1334.0,750.0,IOS,10,Apple,2016,10.292145542327912,212872.3404255319
Vivo Y17 4GB/128GB,23499.0,4.0,67,43,6.35,20.0,128.0,4.0,5000.0, Li-Po,1544.0,720.0,Android,9,Vivo,2019,10.064713146035349,175067.71653543308
Vivo Y15 4GB/64GB,21499.0,3.8,62,20,6.35,16.0,64.0,4.0,5000.0, Li-Po,1544.0,720.0,Android,9,Vivo,2019,9.975761701406148,175067.71653543308
Vivo Y12 4GB/64GB,18499.0,3.3,62,28,6.35,8.0,64.0,4.0,5000.0, Li-Po,1544.0,720.0,Android,9,Vivo,2019,9.82547195555139,175067.71653543308
Huawei Y8p 6GB/128GB,23499.0,3.2,95,33,6.3,16.0,128.0,6.0,4000.0, Li-Po,2400.0,1080.0,Android,10,Huawei,2020,10.064713146035349,411428.5714285714
Huawei P40 lite 5G 6GB/128GB,26500.0,3.0,100,20,6.5,16.0,128.0,6.0,4000.0, Li-Po,2400.0,1080.0,Android,10,Huawei,2020,10.184900011974314,398769.23076923075
Huawei Y6p 3GB/64GB,14999.0,3.0,60,25,6.3,8.0,64.0,3.0,5000.0, Li-Po,1600.0,720.0,Android,10,Huawei,2020,9.61573881119536,182857.14285714287
Huawei Y5p 2GB/32GB,9799.0,5.0,48,11,5.45,5.0,32.0,2.0,3020.0, Li-Po,1440.0,720.0,Android,10,Huawei,2020,9.190035618635818,190238.53211009174
Huawei P40 Pro 8GB/256GB,102000.0,5.0,100,12,6.58,32.0,256.0,8.0,4200.0, Li-Po,2640.0,1200.0,Android,10,Huawei,2020,11.532728092266408,481458.96656534955
Huawei P30 Pro 8GB/256GB,69999.0,3.9,100,23,6.47,32.0,256.0,8.0,4200.0, Li-Po,2340.0,1080.0,Android,9,Huawei,2019,11.156236235215168,390602.7820710974
Huawei Y7p 4GB/64GB,17300.0,4.2,85,23,6.39,8.0,64.0,4.0,4000.0, Li-Po,1560.0,720.0,Android,9,Huawei,2020,9.75846178048587,175774.64788732395
Huawei Nova 7i 8GB/128GB,28500.0,3.7,99,54,6.4,16.0,128.0,8.0,4200.0, Li-Po,2310.0,1080.0,Android,10,Huawei,2020,10.257659366256743,389812.5
Nokia 1.3 1GB/16GB,11499.0,3.0,35,18,5.71,5.0,16.0,1.0,3000.0, Li-Po,1520.0,720.0,Android,10,Nokia,2020,9.350015354048665,191663.74781085816
Nokia 5.3 6GB/64GB,20999.0,3.9,63,38,6.55,8.0,64.0,6.0,4000.0, Li-Po,1600.0,720.0,Android,10,Nokia,2020,9.952230096524119,175877.86259541987
Nokia C2 1GB/16GB,8500.0,3.0,33,8,5.7,5.0,16.0,1.0,2800.0, Li-Ion,1440.0,720.0,Android,9,Nokia,2020,9.047821442478408,181894.73684210525
Nokia C1 1GB/16GB,7200.0,2.4,30,18,5.45,5.0,16.0,1.0,2500.0, Li-Ion,960.0,480.0,Android,9,Nokia,2019,8.881836305004146,84550.45871559632
Nokia 2.3 2GB/32GB,11499.0,3.1,48,49,6.2,5.0,32.0,2.0,4000.0, Li-Po,1520.0,720.0,Android,9,Nokia,2019,9.350015354048665,176516.12903225806
Nokia 3.1 3GB/32GB,10600.0,4.5,51,41,5.2,8.0,32.0,3.0,2990.0, Li-Ion,1440.0,720.0,Android,8,Nokia,2018,9.268609280100158,199384.61538461538
Nokia 7.2 6GB/128GB,29999.0,4.1,93,69,6.3,20.0,128.0,6.0,3500.0, Li-Po,2280.0,1080.0,Android,9,Nokia,2019,10.308919326755392,390857.14285714284
Nokia 7.2 4GB/64GB,26000.0,3.7,86,23,6.3,20.0,64.0,4.0,3500.0, Li-Po,2280.0,1080.0,Android,9,Nokia,2019,10.165851817003619,390857.14285714284
Nokia 6.2 4GB/64GB,20500.0,5.0,61,30,6.3,8.0,64.0,4.0,3500.0, Li-Po,2280.0,1080.0,Android,9,Nokia,2019,9.9281801651265,390857.14285714284
Nokia 2.2 2GB/16GB,9500.0,3.9,45,39,5.71,5.0,16.0,2.0,3000.0, Li-Ion,1520.0,720.0,Android,9,Nokia,2019,9.159047077588632,191663.74781085816
